-- phpMyAdmin SQL Dump
-- version 4.9.4
-- https://www.phpmyadmin.net/
--
-- Host: localhost:3306
-- Generation Time: Nov 26, 2020 at 12:51 AM
-- Server version: 5.6.41-84.1
-- PHP Version: 7.3.6

SET SQL_MODE = "NO_AUTO_VALUE_ON_ZERO";
SET AUTOCOMMIT = 0;
START TRANSACTION;
SET time_zone = "+00:00";


/*!40101 SET @OLD_CHARACTER_SET_CLIENT=@@CHARACTER_SET_CLIENT */;
/*!40101 SET @OLD_CHARACTER_SET_RESULTS=@@CHARACTER_SET_RESULTS */;
/*!40101 SET @OLD_COLLATION_CONNECTION=@@COLLATION_CONNECTION */;
/*!40101 SET NAMES utf8mb4 */;

--
-- Database: `v2rteste_attendance_sheet`
--

-- --------------------------------------------------------

--
-- Table structure for table `admins`
--

CREATE TABLE `admins` (
  `admin_id` int(10) UNSIGNED NOT NULL,
  `emp_id` varchar(191) COLLATE utf8mb4_unicode_ci DEFAULT NULL,
  `admin_name` varchar(191) COLLATE utf8mb4_unicode_ci DEFAULT NULL,
  `email` varchar(191) COLLATE utf8mb4_unicode_ci NOT NULL,
  `phone` varchar(191) COLLATE utf8mb4_unicode_ci DEFAULT NULL,
  `department_id` int(10) UNSIGNED DEFAULT NULL,
  `type` enum('1','2') COLLATE utf8mb4_unicode_ci NOT NULL DEFAULT '2',
  `joining_date` date DEFAULT NULL,
  `leaving_date` date DEFAULT NULL,
  `status` enum('0','1') COLLATE utf8mb4_unicode_ci NOT NULL DEFAULT '1',
  `is_terminate` enum('0','1') COLLATE utf8mb4_unicode_ci NOT NULL DEFAULT '0',
  `is_resign` enum('0','1') COLLATE utf8mb4_unicode_ci NOT NULL DEFAULT '0',
  `verification_status` enum('0','1') COLLATE utf8mb4_unicode_ci NOT NULL DEFAULT '0',
  `time_slot_id` int(10) UNSIGNED DEFAULT NULL,
  `saturday_off` varchar(191) COLLATE utf8mb4_unicode_ci DEFAULT NULL,
  `platforms` text COLLATE utf8mb4_unicode_ci,
  `password` varchar(191) COLLATE utf8mb4_unicode_ci DEFAULT NULL,
  `admin_profile_img` text COLLATE utf8mb4_unicode_ci,
  `remember_token` varchar(100) COLLATE utf8mb4_unicode_ci DEFAULT NULL,
  `created_at` timestamp NULL DEFAULT NULL,
  `updated_at` timestamp NULL DEFAULT NULL
) ENGINE=InnoDB DEFAULT CHARSET=utf8mb4 COLLATE=utf8mb4_unicode_ci;

--
-- Dumping data for table `admins`
--

INSERT INTO `admins` (`admin_id`, `emp_id`, `admin_name`, `email`, `phone`, `department_id`, `type`, `joining_date`, `leaving_date`, `status`, `is_terminate`, `is_resign`, `verification_status`, `time_slot_id`, `saturday_off`, `platforms`, `password`, `admin_profile_img`, `remember_token`, `created_at`, `updated_at`) VALUES
(1, 'V2R18001', 'Admin', 'admin@gmail.com', NULL, NULL, '1', NULL, NULL, '1', '0', '0', '0', NULL, NULL, NULL, '$2y$10$NvTUZYU.QmXGHo2aljVEcuv7rFgd/KDs2pA4pjbQMFnEQ6TGaa0bm', NULL, 'KZmSznfnafaXhNmL8yhhHf3SqcdSJylaDDq5DUaEjCr8SByto7rqK7KqpPsT', '2019-01-25 04:14:46', '2019-02-19 10:35:49'),
(2, 'V2R19002', 'Rupam Mukherjee', 'rupam.v2rsolution@gmail.com', '7790965087', 2, '2', '2018-12-01', NULL, '1', '0', '0', '1', 1, '2', '1,4,2,5,3', '$2y$10$NvTUZYU.QmXGHo2aljVEcuv7rFgd/KDs2pA4pjbQMFnEQ6TGaa0bm', NULL, '5as98W72jOT3OYNHplMpmANJCb3zcH7NFKXWxqw8ODCx1507OH8GdoRALVXe', '2019-01-25 15:53:28', '2019-03-04 17:58:35'),
(3, 'V2R19003', 'Bhagya Shree', 'bhagyashree@v2rsolution.com', '8890149916', 3, '2', '2018-12-01', NULL, '1', '0', '0', '1', 2, '2', '', '$2y$10$NvTUZYU.QmXGHo2aljVEcuv7rFgd/KDs2pA4pjbQMFnEQ6TGaa0bm', NULL, 'MaG59Ullo7mYJH0Wm5XNV9hEmcY9f2ZYdnXLpq6O7diEPbvoR5jvmbAujj6H', '2019-01-25 15:54:02', '2019-03-05 16:49:13'),
(4, 'V2R19004', 'Amba Patel', 'amba@v2rsolution.com', '9988776655', 3, '2', '2018-12-01', NULL, '1', '0', '0', '1', 1, '2', '', '$2y$10$NvTUZYU.QmXGHo2aljVEcuv7rFgd/KDs2pA4pjbQMFnEQ6TGaa0bm', NULL, '9qNwNpQck5pnORoAdtf39TGS2TeZqaqCcgvwh7ge6IsqKDRkmAuar4vzi7cE', '2019-01-25 16:04:03', '2019-02-08 10:41:35'),
(5, 'V2R19005', 'Mangu Singh', 'mangu@wscubetech.com', '9988776655', 3, '2', '2018-12-01', NULL, '1', '0', '0', '1', 2, '2', '', '$2y$10$NvTUZYU.QmXGHo2aljVEcuv7rFgd/KDs2pA4pjbQMFnEQ6TGaa0bm', NULL, NULL, '2019-01-25 16:05:36', '2019-02-08 12:00:50'),
(6, 'V2R19006', 'Aaditya Soni', 'aadityasoni@v2rsolution.com', '9988776655', 2, '2', '2018-12-01', '2019-03-04', '0', '0', '1', '1', 2, '2', '', '$2y$10$NvTUZYU.QmXGHo2aljVEcuv7rFgd/KDs2pA4pjbQMFnEQ6TGaa0bm', NULL, NULL, '2019-01-25 16:10:43', '2019-03-04 18:00:16'),
(7, 'V2R19007', 'Reema Parakh', 'reema@v2rsolution.com', '9988776655', 1, '2', '2018-12-01', NULL, '1', '0', '0', '1', 1, '2', '', '$2y$10$NvTUZYU.QmXGHo2aljVEcuv7rFgd/KDs2pA4pjbQMFnEQ6TGaa0bm', NULL, 'oKKqwAbS0fmAuwfuBlUlbDV3xq5twhGdD4Gwe7vJyvcSJoKm5W9xPdBgKq1L', '2019-01-25 16:14:34', '2019-03-01 00:36:11'),
(8, 'V2R19008', 'Bhuvanesh Soni', 'bhuvaneshsoni@v2rsolution.com', '8769728420', 3, '2', '2018-12-01', NULL, '1', '0', '0', '1', 1, '2', '', '$2y$10$NvTUZYU.QmXGHo2aljVEcuv7rFgd/KDs2pA4pjbQMFnEQ6TGaa0bm', NULL, '4bXWUVPmSwendYXDThAD3pWS54eJ19buEUoZxYAkjI5z0KGm341o2inpimP4', '2019-01-25 16:14:59', '2019-02-08 10:41:36'),
(9, 'V2R19009', 'Sweta', 'sweta.v2rsolution@gmail.com', '9462525173', 2, '2', '2019-01-01', NULL, '1', '0', '0', '1', 1, '2', '', '$2y$10$NvTUZYU.QmXGHo2aljVEcuv7rFgd/KDs2pA4pjbQMFnEQ6TGaa0bm', NULL, 'egKC4gi0Ak7QTczOBeBZITB1qwOd43qX4QPPuBtMT7jWobrZEhgiMIh7XlIe', '2019-02-06 20:18:58', '2019-02-07 19:35:14'),
(10, 'V2R19010', 'Akib Raja', 'akibraja@v2rsolution.com', '8114485411', 2, '2', '2019-01-01', NULL, '1', '0', '0', '1', 3, '2', '', '$2y$10$NvTUZYU.QmXGHo2aljVEcuv7rFgd/KDs2pA4pjbQMFnEQ6TGaa0bm', NULL, NULL, '2019-02-06 20:19:46', '2019-03-08 16:29:07'),
(11, 'V2R19011', 'Ankita Mangal', 'amkitamangal@wscubetech.com', '9414166682', 3, '2', '2019-01-01', NULL, '1', '0', '0', '1', 1, '2', '', '$2y$10$NvTUZYU.QmXGHo2aljVEcuv7rFgd/KDs2pA4pjbQMFnEQ6TGaa0bm', NULL, 'gFRetktz7bN4SgxmGNCFcz9vWDzG1xy958ev94xDClCgfHdhDO6WUzawoq5K', '2019-02-06 20:20:41', '2019-03-02 15:43:08'),
(12, 'V2R19012', 'Pratyush Bharti', 'pratyush@v2rsolution.co.in', '7976115227', 3, '2', '2019-01-01', NULL, '1', '0', '0', '1', 1, '2', '', '$2y$10$NvTUZYU.QmXGHo2aljVEcuv7rFgd/KDs2pA4pjbQMFnEQ6TGaa0bm', NULL, 'TIwiGolNxLzK9bYuyveeWvLEMTplyJUYCZuTeNPwkqvSi1IqP2zWzXRh3hxG', '2019-02-06 20:21:22', '2019-02-06 20:21:22'),
(13, 'V2R19013', 'Pankaj', 'pankajkasotiya@wscubetech.com', '8094494523', 3, '2', '2019-01-01', NULL, '1', '0', '0', '1', 1, '2', '', '$2y$10$NvTUZYU.QmXGHo2aljVEcuv7rFgd/KDs2pA4pjbQMFnEQ6TGaa0bm', NULL, 'IXrceTM46WjVGoiAqS4SKcSSFv3K9TTPlM66Kig9IIPWLT0nRE5iMyjFGjCw', '2019-02-06 20:22:50', '2019-02-08 11:23:56'),
(14, 'V2R19014', 'Brijpal', 'brijpal@wscubetech.com', '7742351323', 3, '2', '2019-01-01', NULL, '1', '0', '0', '1', 1, '2', '', '$2y$10$NvTUZYU.QmXGHo2aljVEcuv7rFgd/KDs2pA4pjbQMFnEQ6TGaa0bm', NULL, 'mzSGlW8n27kxuI8lSAtDdYcKFEKikutu21AKD8JCyiZTxzfKyOPFQ6fGcBIS', '2019-02-06 20:23:32', '2019-02-16 20:08:10'),
(15, 'V2R19015', 'Khushbu Vaishnav', 'khushbuvaishnav@v2rsolution.com', '7073660684', 3, '2', '2019-01-01', NULL, '1', '0', '0', '1', 1, '2', '', '$2y$10$NvTUZYU.QmXGHo2aljVEcuv7rFgd/KDs2pA4pjbQMFnEQ6TGaa0bm', NULL, 'QYy4vIeExlwilQyK4gZRqyyFpc3CEfx9aeuI8FLNHzCZfWNybQgs5tU5aTYp', '2019-02-06 20:25:01', '2019-03-05 16:08:22'),
(16, 'V2R19016', 'Bhavana Gautam', 'bhavana@v2rsolution.com', '8005719078', 3, '2', '2019-01-01', NULL, '1', '0', '0', '1', 1, '2', '', '$2y$10$NvTUZYU.QmXGHo2aljVEcuv7rFgd/KDs2pA4pjbQMFnEQ6TGaa0bm', NULL, 'kEcr67w6hdOpcsKuzrQNq27UIBh0Qwz5XM4tswkXsH1ngv2r5wnQugwvJBg7', '2019-02-06 20:25:45', '2019-02-08 11:17:12'),
(17, 'V2R19017', 'Goutam', 'goutamchoudhary@wscubetech.com', '9898989898', 3, '2', '2019-01-01', NULL, '1', '0', '0', '1', 1, '0', '', '$2y$10$NvTUZYU.QmXGHo2aljVEcuv7rFgd/KDs2pA4pjbQMFnEQ6TGaa0bm', NULL, NULL, '2019-02-06 20:26:37', '2019-02-08 20:57:33'),
(18, 'V2R19018', 'Mayank', 'mayankbhurani@v2rsolution.com', '8769635403', 3, '2', '2019-01-01', NULL, '1', '0', '0', '1', 1, '2', '', '$2y$10$NvTUZYU.QmXGHo2aljVEcuv7rFgd/KDs2pA4pjbQMFnEQ6TGaa0bm', NULL, 'IdHACQVvTT7ogEsgMYOBrnJqp7zwKP4Vxt2penMxA4Xmva20LcLINsZWQI5h', '2019-02-06 20:27:16', '2019-02-06 20:27:16'),
(19, 'V2R19019', 'Neelam', 'neelam@wscubetech.com', '9024447040', 3, '2', '2019-01-01', '2019-03-07', '0', '0', '1', '1', 1, '2', '', '$2y$10$NvTUZYU.QmXGHo2aljVEcuv7rFgd/KDs2pA4pjbQMFnEQ6TGaa0bm', NULL, NULL, '2019-02-06 20:27:52', '2019-04-10 19:38:34'),
(20, 'V2R19020', 'Jitendra Jangid', 'jitendrajangid@v2rsolution.com', '9782608731', 3, '2', '2019-01-01', NULL, '1', '0', '0', '1', 2, '2', '', '$2y$10$NvTUZYU.QmXGHo2aljVEcuv7rFgd/KDs2pA4pjbQMFnEQ6TGaa0bm', NULL, 'eg6FuoX42SoqMgweJNHzdoP0iYd0z8PnxuYdIhOLFzHPSAWfbf4hbvkIQ5c4', '2019-02-06 20:29:44', '2019-02-08 11:11:21'),
(21, 'V2R19021', 'Sumit Naruka', 'sumitsingh@v2rsolution.com', '9782833224', 3, '2', '2019-01-01', NULL, '1', '0', '0', '1', 2, '2', '', '$2y$10$NvTUZYU.QmXGHo2aljVEcuv7rFgd/KDs2pA4pjbQMFnEQ6TGaa0bm', NULL, 'iUfQyBbvxvhXNoSr0sSTaynKxdCldFmszo5wZfmUIK6aUkrf9GFtrnmjsDCw', '2019-02-06 20:30:28', '2019-03-04 15:55:18'),
(22, 'V2R19022', 'Sandeep Bhati', 'sandeepbhati@v2rsolution.com', '9782371474', 3, '2', '2019-01-01', NULL, '1', '0', '0', '1', 2, '2', '', '$2y$10$NvTUZYU.QmXGHo2aljVEcuv7rFgd/KDs2pA4pjbQMFnEQ6TGaa0bm', NULL, 'fVmdBUGKpnfteQTqP46ZabHX9gClhj9FGsYtZs1q7vhHdH0BqV2YBINBIj2A', '2019-02-06 20:30:59', '2019-02-08 11:10:01'),
(23, 'V2R19023', 'Asif Khan', 'asif@v2rsolution.com', '8561843709', 3, '2', '2019-01-01', NULL, '1', '0', '0', '1', 2, '2', '', '$2y$10$NvTUZYU.QmXGHo2aljVEcuv7rFgd/KDs2pA4pjbQMFnEQ6TGaa0bm', NULL, 'tuAUXZ0IkvzoBYP5ZMIeuiI4ioZMeNadbZ9ktXFLZmwiG6hmYwik0EQXYo4E', '2019-02-06 20:31:28', '2019-03-04 16:03:29'),
(24, 'V2R19024', 'Mahendra Kumawat', 'mahikumawat@v2rsolution.com', '8764444996', 3, '2', '2019-01-01', NULL, '1', '0', '0', '1', 2, '2', '', '$2y$10$NvTUZYU.QmXGHo2aljVEcuv7rFgd/KDs2pA4pjbQMFnEQ6TGaa0bm', NULL, '187M6N3gBYgKn4qNjAHuVaDPdcRlKI2fgsHvTLuOVzooWgxEEG4OZPAOVfnJ', '2019-02-06 20:31:58', '2019-04-01 18:30:04'),
(25, 'V2R19025', 'Pradeep Rai', 'pradeeprai@wscubetech.com', '8949254923', 3, '2', '2019-01-01', NULL, '1', '0', '0', '1', 1, '2', '', '$2y$10$NvTUZYU.QmXGHo2aljVEcuv7rFgd/KDs2pA4pjbQMFnEQ6TGaa0bm', NULL, 'aDqoAxPohsNLVcPWjmRwU5DBj018EFMPPNeChhmozMPw6Y3vBgqY47MGZSFX', '2019-02-06 20:32:36', '2019-02-21 18:47:26'),
(26, 'V2R19026', 'Ravinder Nath', 'ravindernath@v2rsolution.com', '7014674275', 1, '2', '2019-01-01', NULL, '1', '0', '0', '1', 1, '2', '', '$2y$10$NvTUZYU.QmXGHo2aljVEcuv7rFgd/KDs2pA4pjbQMFnEQ6TGaa0bm', NULL, NULL, '2019-02-06 20:33:09', '2019-02-08 11:12:15'),
(27, 'V2R19027', 'Raunak Purohit', 'ronakpurohit@wscubetech.com', '9460069385', 2, '2', '2019-01-01', NULL, '1', '0', '0', '1', 1, '2', '', '$2y$10$NvTUZYU.QmXGHo2aljVEcuv7rFgd/KDs2pA4pjbQMFnEQ6TGaa0bm', NULL, 'Yk0dmEjWpJvUVe7pAaBlhPXsQgrQbDmcbSweiATGWZmXX1fnLx2ADUyOmxj6', '2019-02-06 20:33:42', '2019-02-06 20:33:42'),
(28, 'V2R19028', 'Suraj Vaishnav', 'suraj@v2rsolution.com', '9782218265', 1, '2', '2019-01-01', NULL, '1', '0', '0', '1', 2, '2', '', '$2y$10$NvTUZYU.QmXGHo2aljVEcuv7rFgd/KDs2pA4pjbQMFnEQ6TGaa0bm', NULL, 'wKyTAFsxGXARDJuqIbF7U8StamXuT8gG0UHf1xn4XBPs4bYsTtFvHG5y2Csl', '2019-02-06 20:34:10', '2019-03-02 01:26:25'),
(29, 'V2R19029', 'Pramod Kumar', 'pramodkumar@v2rsolution.com', '9502592745', 1, '2', '2019-01-01', NULL, '1', '0', '0', '1', 2, '2', '', '$2y$10$NvTUZYU.QmXGHo2aljVEcuv7rFgd/KDs2pA4pjbQMFnEQ6TGaa0bm', NULL, NULL, '2019-02-06 20:34:37', '2019-04-01 19:59:33'),
(30, 'V2R19030', 'Sachin Rupani', 'sachinrupani@v2rsolution.com', '9782370755', 1, '2', '2019-01-01', NULL, '1', '0', '0', '1', 3, '2', '', '$2y$10$NvTUZYU.QmXGHo2aljVEcuv7rFgd/KDs2pA4pjbQMFnEQ6TGaa0bm', NULL, 'NFSltQ35sLA6DxHVKG3N0Au06t4th526Yu3YYbanzNQLlSITprEONsm0MqF0', '2019-02-06 20:35:13', '2019-03-02 01:26:35'),
(31, 'V2R19031', 'Umar Tazkeer', 'umartazkeer@wscubetech.com', '9455076758', 2, '2', '2019-01-01', NULL, '1', '0', '0', '1', 1, '0', '', '$2y$10$NvTUZYU.QmXGHo2aljVEcuv7rFgd/KDs2pA4pjbQMFnEQ6TGaa0bm', NULL, 'rnR9BKUDEQosMUJ6jssA4AkukpvWrVUZKLOCbh3HqThdsTt61BOCj6AYodZH', '2019-03-02 17:32:40', '2019-03-04 15:52:05'),
(32, 'V2R19032', 'Abdul Hameed', 'abdulhameed@wscubetech.com', '9413165608', 2, '2', '2019-02-05', NULL, '1', '0', '0', '1', 1, '0', '', '$2y$10$NvTUZYU.QmXGHo2aljVEcuv7rFgd/KDs2pA4pjbQMFnEQ6TGaa0bm', NULL, NULL, '2019-03-04 15:57:25', '2019-03-04 15:57:25'),
(33, 'V2R19033', 'Pradeep Sangatramani', 'pradeep.sangatramani@gmail.com', '8949446694', 2, '2', '2019-03-04', NULL, '1', '0', '0', '0', 1, '0', '1,4,2,5,3', '$2y$10$NvTUZYU.QmXGHo2aljVEcuv7rFgd/KDs2pA4pjbQMFnEQ6TGaa0bm', NULL, NULL, '2019-03-04 17:57:01', '2019-03-04 17:57:01'),
(34, 'V2R19034', 'Kushagra Bhatia', 'kushagrabhatia88@gmail.com', '9269698122', 2, '2', '2019-03-04', NULL, '1', '0', '0', '0', 1, '0', '1,4,2,5,3', '$2y$10$NvTUZYU.QmXGHo2aljVEcuv7rFgd/KDs2pA4pjbQMFnEQ6TGaa0bm', NULL, NULL, '2019-03-04 17:58:09', '2019-03-04 17:58:09'),
(35, 'V2R19035', 'Sourabh Rohila', 'sourabhrohila@v2rsolution.com', '8209683554', 2, '2', '2019-04-02', '2019-04-08', '0', '1', '0', '1', 1, '2', '1,4,2,5,3', '$2y$10$NvTUZYU.QmXGHo2aljVEcuv7rFgd/KDs2pA4pjbQMFnEQ6TGaa0bm', NULL, 'sLn7glSI9imO4QC967JEn02pDEhwlqs0Jp76Cx8DCEV9QQhmX8wUoqlwcEAK', '2019-04-02 17:05:56', '2019-04-10 18:07:20');

-- --------------------------------------------------------

--
-- Table structure for table `admin_password_resets`
--

CREATE TABLE `admin_password_resets` (
  `email` varchar(191) COLLATE utf8mb4_unicode_ci NOT NULL,
  `token` varchar(191) COLLATE utf8mb4_unicode_ci NOT NULL,
  `created_at` timestamp NOT NULL DEFAULT CURRENT_TIMESTAMP ON UPDATE CURRENT_TIMESTAMP
) ENGINE=InnoDB DEFAULT CHARSET=utf8mb4 COLLATE=utf8mb4_unicode_ci;

-- --------------------------------------------------------

--
-- Table structure for table `assign_user_roles`
--

CREATE TABLE `assign_user_roles` (
  `assign_user_role_id` int(10) UNSIGNED NOT NULL,
  `admin_id` int(10) UNSIGNED NOT NULL,
  `user_role_id` int(10) UNSIGNED NOT NULL,
  `assign_user_role_status` enum('0','1') COLLATE utf8mb4_unicode_ci NOT NULL DEFAULT '1',
  `created_at` timestamp NULL DEFAULT NULL,
  `updated_at` timestamp NULL DEFAULT NULL
) ENGINE=InnoDB DEFAULT CHARSET=utf8mb4 COLLATE=utf8mb4_unicode_ci;

--
-- Dumping data for table `assign_user_roles`
--

INSERT INTO `assign_user_roles` (`assign_user_role_id`, `admin_id`, `user_role_id`, `assign_user_role_status`, `created_at`, `updated_at`) VALUES
(1, 10, 6, '1', '2019-03-02 17:21:30', '2019-03-02 17:21:30'),
(2, 31, 8, '1', '2019-03-02 17:32:40', '2019-03-04 15:52:05'),
(3, 32, 8, '1', '2019-03-04 15:57:25', '2019-03-04 15:57:25'),
(4, 2, 2, '1', '2019-03-04 17:54:39', '2019-03-14 23:51:21'),
(5, 33, 5, '1', '2019-03-04 17:57:01', '2019-03-04 17:57:01'),
(6, 33, 2, '1', '2019-03-04 17:57:01', '2019-03-04 17:57:01'),
(7, 33, 1, '1', '2019-03-04 17:57:01', '2019-03-04 17:57:01'),
(8, 2, 5, '1', '2019-03-04 17:57:40', '2019-03-14 23:51:21'),
(9, 34, 5, '1', '2019-03-04 17:58:09', '2019-03-04 17:58:09'),
(10, 34, 2, '1', '2019-03-04 17:58:09', '2019-03-04 17:58:09'),
(11, 34, 1, '1', '2019-03-04 17:58:09', '2019-03-04 17:58:09'),
(12, 20, 5, '0', '2019-03-04 18:00:03', '2019-03-15 00:09:17'),
(13, 9, 2, '0', '2019-03-04 18:33:34', '2019-03-18 16:36:50'),
(14, 30, 3, '1', '2019-03-05 01:01:41', '2019-03-05 01:01:41'),
(15, 29, 3, '1', '2019-03-05 01:01:46', '2019-04-01 19:59:33'),
(16, 28, 3, '1', '2019-03-05 01:02:15', '2019-03-05 01:02:15'),
(17, 27, 3, '1', '2019-03-05 01:02:20', '2019-03-05 01:02:20'),
(18, 26, 3, '0', '2019-03-05 01:02:25', '2019-03-30 16:14:12'),
(19, 25, 3, '1', '2019-03-05 01:02:29', '2019-03-05 01:02:29'),
(20, 24, 3, '1', '2019-03-05 01:02:32', '2019-04-01 18:30:04'),
(21, 23, 3, '1', '2019-03-05 01:02:36', '2019-03-05 01:02:36'),
(22, 22, 3, '1', '2019-03-05 01:02:39', '2019-03-05 01:02:39'),
(23, 21, 3, '1', '2019-03-05 01:02:45', '2019-03-05 01:02:45'),
(24, 19, 3, '1', '2019-03-05 01:02:55', '2019-03-05 01:02:55'),
(25, 18, 8, '1', '2019-03-05 01:02:58', '2019-03-05 01:02:58'),
(26, 17, 3, '1', '2019-03-05 01:03:02', '2019-03-05 01:03:02'),
(27, 16, 3, '1', '2019-03-05 01:03:04', '2019-03-05 01:03:04'),
(28, 15, 3, '1', '2019-03-05 01:03:07', '2019-03-05 01:03:07'),
(29, 14, 3, '1', '2019-03-05 01:03:11', '2019-03-05 01:03:11'),
(30, 13, 3, '1', '2019-03-05 01:03:15', '2019-03-05 01:03:15'),
(31, 12, 3, '1', '2019-03-05 01:03:19', '2019-03-05 01:03:19'),
(32, 11, 3, '1', '2019-03-05 01:03:23', '2019-03-05 01:03:23'),
(33, 8, 3, '1', '2019-03-05 01:03:34', '2019-03-05 01:03:34'),
(34, 7, 3, '1', '2019-03-05 01:03:43', '2019-03-05 01:03:43'),
(35, 4, 3, '1', '2019-03-05 01:04:30', '2019-03-05 01:04:30'),
(36, 3, 3, '1', '2019-03-05 01:04:33', '2019-03-05 16:49:13'),
(37, 5, 6, '1', '2019-03-05 01:06:45', '2019-03-05 01:06:45'),
(38, 2, 3, '0', '2019-03-14 23:50:29', '2019-03-14 23:51:21'),
(39, 26, 9, '1', '2019-03-15 00:08:33', '2019-03-30 16:14:12'),
(40, 20, 3, '1', '2019-03-15 00:09:17', '2019-03-15 00:09:17'),
(41, 20, 9, '1', '2019-03-15 00:09:17', '2019-03-15 00:09:17'),
(42, 9, 7, '1', '2019-03-18 16:36:50', '2019-03-18 16:36:50'),
(43, 9, 5, '1', '2019-03-18 16:36:50', '2019-03-18 16:36:50'),
(44, 9, 4, '1', '2019-03-18 16:36:50', '2019-03-18 16:36:50'),
(45, 35, 4, '1', '2019-04-02 17:05:56', '2019-04-02 17:05:56');

-- --------------------------------------------------------

--
-- Table structure for table `attendancedatas`
--

CREATE TABLE `attendancedatas` (
  `attendancedata_id` int(10) UNSIGNED NOT NULL,
  `attendance_id` int(10) UNSIGNED DEFAULT NULL,
  `admin_id` int(10) UNSIGNED DEFAULT NULL,
  `month_year` varchar(191) COLLATE utf8mb4_unicode_ci DEFAULT NULL,
  `json_data` text COLLATE utf8mb4_unicode_ci,
  `wfh_json_data` text COLLATE utf8mb4_unicode_ci,
  `full_leaves` double(8,2) DEFAULT NULL,
  `half_leaves` double(8,2) DEFAULT NULL,
  `dhalf_leaves` double(8,2) DEFAULT NULL,
  `extra_working_hrs` double(8,2) DEFAULT NULL,
  `late_days` double(8,2) DEFAULT NULL,
  `leaves_after_less` double(8,2) DEFAULT NULL,
  `created_at` timestamp NULL DEFAULT NULL,
  `updated_at` timestamp NULL DEFAULT NULL
) ENGINE=InnoDB DEFAULT CHARSET=utf8mb4 COLLATE=utf8mb4_unicode_ci;

--
-- Dumping data for table `attendancedatas`
--

INSERT INTO `attendancedatas` (`attendancedata_id`, `attendance_id`, `admin_id`, `month_year`, `json_data`, `wfh_json_data`, `full_leaves`, `half_leaves`, `dhalf_leaves`, `extra_working_hrs`, `late_days`, `leaves_after_less`, `created_at`, `updated_at`) VALUES
(29, 2, 5, 'January 2019', '{\"name_of_employee\":\"Mangu Singh - 9:30\",\"emp_id\":\"V2R19005\",\"full_day\":2,\"half_day\":0,\"late\":8,\"sunday\":1,\"0\":9,\"1\":\"full_day\",\"2\":\"full_day\",\"3\":\"late_10:30\",\"4\":null,\"5\":\"Saturday\",\"6\":\"Sunday\",\"7\":null,\"8\":\"late_09:41\",\"9\":null,\"10\":\"late_09:44\",\"11\":null,\"12\":null,\"13\":\"Sunday\",\"14\":\"late_09:41\",\"15\":\"late_09:43\",\"16\":\"late_10:35\",\"17\":null,\"18\":null,\"19\":\"saturday_9\",\"20\":\"Sunday\",\"21\":\"late_10:02\",\"22\":null,\"23\":null,\"24\":null,\"25\":null,\"26\":null,\"27\":\"Sunday\",\"28\":null,\"29\":null,\"30\":\"late_09:47\",\"31\":null,\"remark\":\"--\"}', '', 2.00, 0.00, 0.00, 9.00, 8.00, 2.00, '2019-02-07 15:35:41', '2019-02-07 15:35:41'),
(30, 2, 2, 'January 2019', '{\"name_of_employee\":\"Rupam - 9:30\",\"emp_id\":\"V2R19002\",\"full_day\":0,\"half_day\":0,\"late\":5,\"sunday\":0,\"0\":0,\"1\":null,\"2\":null,\"3\":null,\"4\":null,\"5\":\"Saturday\",\"6\":\"Sunday\",\"7\":null,\"8\":null,\"9\":null,\"10\":null,\"11\":\"late_09:42\",\"12\":\"late_10:08\",\"13\":\"Sunday\",\"14\":null,\"15\":null,\"16\":null,\"17\":null,\"18\":null,\"19\":\"Saturday\",\"20\":\"Sunday\",\"21\":null,\"22\":null,\"23\":\"late_09:45\",\"24\":null,\"25\":null,\"26\":\"late_10:13\",\"27\":\"Sunday\",\"28\":null,\"29\":null,\"30\":null,\"31\":\"late_09:55\",\"remark\":\"--\"}', '', 0.00, 0.00, 0.00, 0.00, 5.00, 0.00, '2019-02-07 15:35:41', '2019-02-07 15:35:41'),
(31, 2, 9, 'January 2019', '{\"name_of_employee\":\"Sweta - 9:30\",\"emp_id\":\"V2R19009\",\"full_day\":4,\"half_day\":1,\"late\":4,\"sunday\":0,\"0\":7,\"1\":\"late_09:45\",\"2\":null,\"3\":\"late_09:42\",\"4\":null,\"5\":\"Saturday_7\",\"6\":\"Sunday\",\"7\":null,\"8\":null,\"9\":null,\"10\":\"late_09:43\",\"11\":\"late_09:41\",\"12\":null,\"13\":\"Sunday\",\"14\":null,\"15\":null,\"16\":null,\"17\":null,\"18\":null,\"19\":\"Saturday\",\"20\":\"Sunday\",\"21\":null,\"22\":\"full_day\",\"23\":\"full_day\",\"24\":\"full_day\",\"25\":\"full_day\",\"26\":null,\"27\":\"Sunday\",\"28\":null,\"29\":null,\"30\":null,\"31\":\"half_day\",\"remark\":\"--\"}', '', 4.00, 1.00, 0.00, 7.00, 4.00, 4.00, '2019-02-07 15:35:41', '2019-02-07 15:35:41'),
(32, 2, 10, 'January 2019', '{\"name_of_employee\":\"Akib - 9:30\",\"emp_id\":\"V2R19010\",\"full_day\":0,\"half_day\":0,\"late\":0,\"sunday\":0,\"0\":0,\"1\":null,\"2\":null,\"3\":null,\"4\":null,\"5\":\"Saturday\",\"6\":\"Sunday\",\"7\":null,\"8\":null,\"9\":null,\"10\":null,\"11\":null,\"12\":null,\"13\":\"Sunday\",\"14\":null,\"15\":null,\"16\":null,\"17\":null,\"18\":null,\"19\":\"Saturday\",\"20\":\"Sunday\",\"21\":null,\"22\":null,\"23\":null,\"24\":null,\"25\":null,\"26\":null,\"27\":\"Sunday\",\"28\":null,\"29\":null,\"30\":null,\"31\":null,\"remark\":\"--\"}', '', 0.00, 0.00, 0.00, 0.00, 0.00, 0.00, '2019-02-07 15:35:41', '2019-02-07 15:35:41'),
(33, 2, 11, 'January 2019', '{\"name_of_employee\":\"Ankita Mangal - 9:30\",\"emp_id\":\"V2R19011\",\"full_day\":0,\"half_day\":4,\"late\":3,\"sunday\":0,\"0\":0,\"1\":null,\"2\":null,\"3\":\"half_day\",\"4\":\"late_09:45\",\"5\":\"Saturday\",\"6\":\"Sunday\",\"7\":null,\"8\":null,\"9\":\"half_day\",\"10\":\"half_day\",\"11\":\"half_day\",\"12\":null,\"13\":\"Sunday\",\"14\":\"late_09:45\",\"15\":null,\"16\":null,\"17\":null,\"18\":null,\"19\":\"Saturday\",\"20\":\"Sunday\",\"21\":null,\"22\":null,\"23\":null,\"24\":null,\"25\":null,\"26\":null,\"27\":\"Sunday\",\"28\":null,\"29\":null,\"30\":null,\"31\":\"late_09:48\",\"remark\":\"--\"}', '', 0.00, 4.00, 0.00, 0.00, 3.00, 1.50, '2019-02-07 15:35:41', '2019-02-07 15:35:41'),
(34, 2, 12, 'January 2019', '{\"name_of_employee\":\"Pratyush Bharti - 9:30\",\"emp_id\":\"V2R19012\",\"full_day\":2,\"half_day\":0,\"late\":7,\"sunday\":0,\"0\":0,\"1\":\"full_day\",\"2\":\"full_day\",\"3\":null,\"4\":null,\"5\":\"Saturday\",\"6\":\"Sunday\",\"7\":null,\"8\":null,\"9\":\"late_09:42\",\"10\":null,\"11\":null,\"12\":null,\"13\":\"Sunday\",\"14\":null,\"15\":\"late_09:45\",\"16\":null,\"17\":null,\"18\":null,\"19\":\"Saturday\",\"20\":\"Sunday\",\"21\":null,\"22\":null,\"23\":null,\"24\":null,\"25\":null,\"26\":\"late_09:42\",\"27\":\"Sunday\",\"28\":\"late_09:47\",\"29\":\"late_09:45\",\"30\":\"late_09:42\",\"31\":\"late_09:41\",\"remark\":\"--\"}', '', 2.00, 0.00, 0.00, 0.00, 7.00, 2.00, '2019-02-07 15:35:41', '2019-02-07 15:35:41'),
(35, 2, 13, 'January 2019', '{\"name_of_employee\":\"Pankaj - 9:30\",\"emp_id\":\"V2R19013\",\"full_day\":7,\"half_day\":1,\"late\":5,\"sunday\":2,\"0\":35,\"1\":\"half_day\",\"2\":\"full_day\",\"3\":\"late_09:49\",\"4\":null,\"5\":\"Saturday_9\",\"6\":\"Sunday_8\",\"7\":\"late_10:30\",\"8\":null,\"9\":null,\"10\":\"late_09:49\",\"11\":null,\"12\":null,\"13\":\"sunday_7\",\"14\":null,\"15\":null,\"16\":\"late_10:10\",\"17\":null,\"18\":null,\"19\":\"Saturday\",\"20\":\"Sunday\",\"21\":\"full_day\",\"22\":\"full_day\",\"23\":\"full_day\",\"24\":\"full_day\",\"25\":\"full_day\",\"26\":\"full_day\",\"27\":\"Sunday\",\"28\":null,\"29\":\"late_09:42\",\"30\":null,\"31\":null,\"remark\":\"--\"}', '', 7.00, 1.00, 0.00, 40.00, 5.00, 7.00, '2019-02-07 15:35:41', '2019-02-07 15:37:50'),
(36, 2, 4, 'January 2019', '{\"name_of_employee\":\"Amba Patel - 9:30\",\"emp_id\":\"V2R19004\",\"full_day\":2,\"half_day\":0,\"late\":0,\"sunday\":2,\"0\":22,\"1\":null,\"2\":null,\"3\":null,\"4\":null,\"5\":\"Saturday\",\"6\":\"Sunday\",\"7\":null,\"8\":null,\"9\":null,\"10\":null,\"11\":null,\"12\":null,\"13\":\"sunday_8.5\",\"14\":\"full_day\",\"15\":null,\"16\":null,\"17\":null,\"18\":\"full_day\",\"19\":\"saturday_9\",\"20\":\"Sunday\",\"21\":null,\"22\":null,\"23\":null,\"24\":null,\"25\":null,\"26\":null,\"27\":\"Sunday\",\"28\":null,\"29\":null,\"30\":null,\"31\":null,\"remark\":\"--\"}', '', 2.00, 0.00, 0.00, 21.00, 0.00, 1.00, '2019-02-07 15:35:41', '2019-02-07 15:38:19'),
(37, 2, 14, 'January 2019', '{\"name_of_employee\":\"Brijpal - 9:30\",\"emp_id\":\"V2R19014\",\"full_day\":2,\"half_day\":0,\"late\":19,\"sunday\":3,\"0\":20.5,\"1\":null,\"2\":null,\"3\":null,\"4\":\"late_09:50\",\"5\":\"Saturday_9\",\"6\":\"Sunday_7\",\"7\":\"late_10:10\",\"8\":\"late_09:51\",\"9\":\"late_09:53\",\"10\":\"late_09:55\",\"11\":null,\"12\":\"late_09:57\",\"13\":\"sunday_5.5\",\"14\":\"late_09:49\",\"15\":\"late_10:14\",\"16\":\"late_09:42\",\"17\":\"late_10:18\",\"18\":\"full_day\",\"19\":\"saturday_9\",\"20\":\"sunday_6\",\"21\":\"late_09:42\",\"22\":\"late_10:18\",\"23\":\"late_10:13\",\"24\":\"late_10:00\",\"25\":\"late_10:08\",\"26\":\"late_10:10\",\"27\":\"Sunday\",\"28\":\"late_10:17\",\"29\":\"late_10:28\",\"30\":\"late_10:20\",\"31\":\"full_day\",\"remark\":\"--\"}', '', 2.00, 0.00, 0.00, 36.50, 19.00, 4.00, '2019-02-07 15:35:41', '2019-02-07 15:35:41'),
(38, 2, 7, 'January 2019', '{\"name_of_employee\":\"Reema Parekh - 9:30\",\"emp_id\":\"V2R19007\",\"full_day\":1,\"half_day\":0,\"late\":0,\"sunday\":0,\"0\":0,\"1\":null,\"2\":null,\"3\":null,\"4\":null,\"5\":\"Saturday\",\"6\":\"Sunday\",\"7\":null,\"8\":null,\"9\":null,\"10\":null,\"11\":null,\"12\":null,\"13\":\"Sunday\",\"14\":null,\"15\":null,\"16\":null,\"17\":null,\"18\":null,\"19\":\"Saturday\",\"20\":\"Sunday\",\"21\":null,\"22\":null,\"23\":null,\"24\":null,\"25\":null,\"26\":\"full_day\",\"27\":\"Sunday\",\"28\":null,\"29\":null,\"30\":null,\"31\":null,\"remark\":\"--\"}', '', 1.00, 0.00, 0.00, 0.00, 0.00, 0.00, '2019-02-07 15:35:41', '2019-02-07 15:35:41'),
(39, 2, 15, 'January 2019', '{\"name_of_employee\":\"Khushbu Vaishnav - 9:30\",\"emp_id\":\"V2R19015\",\"full_day\":1,\"half_day\":1,\"late\":1,\"sunday\":0,\"0\":0,\"1\":null,\"2\":null,\"3\":null,\"4\":null,\"5\":\"Saturday\",\"6\":\"Sunday\",\"7\":null,\"8\":null,\"9\":null,\"10\":null,\"11\":null,\"12\":null,\"13\":\"Sunday\",\"14\":\"half_day\",\"15\":\"full_day\",\"16\":null,\"17\":null,\"18\":null,\"19\":\"Saturday\",\"20\":\"Sunday\",\"21\":null,\"22\":null,\"23\":null,\"24\":null,\"25\":null,\"26\":\"late_09:45\",\"27\":\"Sunday\",\"28\":null,\"29\":null,\"30\":null,\"31\":null,\"remark\":\"--\"}', '', 1.00, 1.00, 0.00, 0.00, 1.00, 0.50, '2019-02-07 15:35:41', '2019-02-07 15:35:41'),
(40, 2, 16, 'January 2019', '{\"name_of_employee\":\"Bhavana Gautam - 9:30\",\"emp_id\":\"V2R19016\",\"full_day\":1,\"half_day\":0,\"late\":3,\"sunday\":0,\"0\":0,\"1\":null,\"2\":null,\"3\":null,\"4\":null,\"5\":\"Saturday\",\"6\":\"Sunday\",\"7\":\"full_day\",\"8\":\"late_09:49\",\"9\":null,\"10\":null,\"11\":null,\"12\":null,\"13\":\"Sunday\",\"14\":null,\"15\":null,\"16\":null,\"17\":\"late_09:43\",\"18\":null,\"19\":\"Saturday\",\"20\":\"Sunday\",\"21\":null,\"22\":null,\"23\":null,\"24\":null,\"25\":null,\"26\":null,\"27\":\"Sunday\",\"28\":null,\"29\":\"late_10:28\",\"30\":null,\"31\":null,\"remark\":\"--\"}', '', 1.00, 0.00, 0.00, 0.00, 3.00, 0.50, '2019-02-07 15:35:41', '2019-02-07 15:35:41'),
(41, 2, 17, 'January 2019', '{\"name_of_employee\":\"Goutam - 9:30\",\"emp_id\":\"V2R19017\",\"full_day\":1,\"half_day\":0,\"late\":4,\"sunday\":0,\"0\":0,\"1\":null,\"2\":null,\"3\":\"late_11:35\",\"4\":\"late_10:00\",\"5\":null,\"6\":\"Sunday\",\"7\":null,\"8\":null,\"9\":null,\"10\":null,\"11\":null,\"12\":null,\"13\":\"Sunday\",\"14\":null,\"15\":\"late_09:47\",\"16\":null,\"17\":\"late_09:50\",\"18\":null,\"19\":\"full_day\",\"20\":\"Sunday\",\"21\":null,\"22\":null,\"23\":null,\"24\":null,\"25\":null,\"26\":null,\"27\":\"Sunday\",\"28\":null,\"29\":null,\"30\":null,\"31\":null,\"remark\":\"--\"}', '', 1.00, 0.00, 0.00, 0.00, 4.00, 1.50, '2019-02-07 15:35:41', '2019-02-07 15:35:41'),
(42, 2, 18, 'January 2019', '{\"name_of_employee\":\"Mayank - 9:30\",\"emp_id\":\"V2R19018\",\"full_day\":0,\"half_day\":1,\"late\":17,\"sunday\":0,\"0\":0,\"1\":null,\"2\":\"half_day\",\"3\":\"late_09:48\",\"4\":null,\"5\":\"Saturday\",\"6\":\"Sunday\",\"7\":\"late_10:01\",\"8\":\"late_10:56\",\"9\":\"late_10:56\",\"10\":\"late_09:44\",\"11\":null,\"12\":null,\"13\":\"Sunday\",\"14\":null,\"15\":null,\"16\":\"late_09:52\",\"17\":\"late_10:07\",\"18\":\"late_09:59\",\"19\":\"Saturday\",\"20\":\"Sunday\",\"21\":\"late_09:59\",\"22\":null,\"23\":\"late_10:17\",\"24\":\"late_10:05\",\"25\":\"late_10:07\",\"26\":\"late_10:26\",\"27\":\"Sunday\",\"28\":\"late_09:58\",\"29\":\"late_10:16\",\"30\":\"late_10:04\",\"31\":\"late_10:11\",\"remark\":\"--\"}', '', 0.00, 1.00, 0.00, 0.00, 17.00, 3.00, '2019-02-07 15:35:41', '2019-02-07 15:35:41'),
(43, 2, 19, 'January 2019', '{\"name_of_employee\":\"Neelam - 9:30\",\"emp_id\":\"V2R19019\",\"full_day\":7,\"half_day\":0,\"late\":5,\"sunday\":1,\"0\":3.5,\"1\":\"late_10:00\",\"2\":\"late_09:46\",\"3\":\"late_09:46\",\"4\":null,\"5\":null,\"6\":\"Sunday\",\"7\":\"full_day\",\"8\":null,\"9\":null,\"10\":\"late_10:15\",\"11\":null,\"12\":\"full_day\",\"13\":\"Sunday\",\"14\":\"full_day\",\"15\":null,\"16\":null,\"17\":null,\"18\":null,\"19\":null,\"20\":\"sunday_3.5\",\"21\":null,\"22\":\"full_day\",\"23\":null,\"24\":null,\"25\":null,\"26\":\"full_day\",\"27\":\"Sunday\",\"28\":null,\"29\":\"full_day\",\"30\":\"full_day\",\"31\":\"late_09:43\",\"remark\":\"--\"}', '', 7.00, 0.00, 0.00, 3.50, 5.00, 7.50, '2019-02-07 15:35:41', '2019-02-07 15:35:41'),
(44, 2, 8, 'January 2019', '{\"name_of_employee\":\"Bhuvnesh - 9:30\",\"emp_id\":\"V2R19008\",\"full_day\":0,\"half_day\":0,\"late\":4,\"sunday\":1,\"0\":5,\"1\":\"late_09:48\",\"2\":null,\"3\":null,\"4\":null,\"5\":\"Saturday\",\"6\":\"Sunday\",\"7\":\"late_09:42\",\"8\":null,\"9\":null,\"10\":null,\"11\":null,\"12\":null,\"13\":\"sunday_8\",\"14\":null,\"15\":null,\"16\":null,\"17\":null,\"18\":\"late_09:43\",\"19\":\"Saturday\",\"20\":\"Sunday\",\"21\":null,\"22\":null,\"23\":null,\"24\":null,\"25\":null,\"26\":null,\"27\":\"Sunday\",\"28\":null,\"29\":null,\"30\":\"late_10:26\",\"31\":null,\"remark\":\"--\"}', '', 0.00, 0.00, 0.00, 8.00, 4.00, 0.00, '2019-02-07 15:35:41', '2019-02-07 15:35:41'),
(45, 2, 3, 'January 2019', '{\"name_of_employee\":\"Bhagya Shree - 10\",\"emp_id\":\"V2R19003\",\"full_day\":2,\"half_day\":0,\"late\":0,\"sunday\":1,\"0\":8,\"1\":null,\"2\":null,\"3\":null,\"4\":null,\"5\":\"Saturday\",\"6\":\"Sunday\",\"7\":null,\"8\":null,\"9\":null,\"10\":null,\"11\":null,\"12\":null,\"13\":\"Sunday\",\"14\":\"full_day\",\"15\":null,\"16\":null,\"17\":null,\"18\":null,\"19\":\"saturday_7\",\"20\":\"Sunday\",\"21\":null,\"22\":null,\"23\":null,\"24\":null,\"25\":null,\"26\":\"full_day\",\"27\":\"Sunday\",\"28\":null,\"29\":null,\"30\":null,\"31\":null,\"remark\":\"--\"}', '', 2.00, 0.00, 0.00, 8.00, 0.00, 1.00, '2019-02-07 15:35:41', '2019-02-07 15:38:52'),
(46, 2, 20, 'January 2019', '{\"name_of_employee\":\"Jitendra Jangid - 10\",\"emp_id\":\"V2R19020\",\"full_day\":1,\"half_day\":0,\"late\":1,\"sunday\":0,\"0\":0,\"1\":null,\"2\":null,\"3\":null,\"4\":null,\"5\":\"Saturday\",\"6\":\"Sunday\",\"7\":null,\"8\":null,\"9\":null,\"10\":null,\"11\":null,\"12\":null,\"13\":\"Sunday\",\"14\":\"late_10:15\",\"15\":\"full_day\",\"16\":null,\"17\":null,\"18\":null,\"19\":\"Saturday\",\"20\":\"Sunday\",\"21\":null,\"22\":null,\"23\":null,\"24\":null,\"25\":null,\"26\":null,\"27\":\"Sunday\",\"28\":null,\"29\":null,\"30\":null,\"31\":null,\"remark\":\"--\"}', '', 1.00, 0.00, 0.00, 0.00, 1.00, 0.00, '2019-02-07 15:35:41', '2019-02-07 15:35:41'),
(47, 2, 21, 'January 2019', '{\"name_of_employee\":\"Sumit - 10\",\"emp_id\":\"V2R19021\",\"full_day\":4,\"half_day\":1,\"late\":0,\"sunday\":1,\"0\":7,\"1\":null,\"2\":null,\"3\":null,\"4\":null,\"5\":\"Saturday\",\"6\":\"Sunday\",\"7\":null,\"8\":null,\"9\":null,\"10\":null,\"11\":null,\"12\":null,\"13\":\"Sunday\",\"14\":\"full_day\",\"15\":\"full_day\",\"16\":\"full_day\",\"17\":\"full_day\",\"18\":null,\"19\":\"saturday_7\",\"20\":\"Sunday\",\"21\":null,\"22\":null,\"23\":null,\"24\":null,\"25\":null,\"26\":null,\"27\":\"Sunday\",\"28\":null,\"29\":null,\"30\":\"half_day\",\"31\":null,\"remark\":\"--\"}', '', 4.00, 1.00, 0.00, 7.00, 0.00, 3.50, '2019-02-07 15:35:41', '2019-02-07 15:35:41'),
(48, 2, 22, 'January 2019', '{\"name_of_employee\":\"Sandeep - 10\",\"emp_id\":\"V2R19022\",\"full_day\":1,\"half_day\":0,\"late\":2,\"sunday\":1,\"0\":5,\"1\":null,\"2\":null,\"3\":null,\"4\":null,\"5\":\"Saturday\",\"6\":\"Sunday\",\"7\":null,\"8\":null,\"9\":null,\"10\":null,\"11\":null,\"12\":null,\"13\":\"Sunday\",\"14\":null,\"15\":null,\"16\":null,\"17\":null,\"18\":null,\"19\":\"saturday_5\",\"20\":\"Sunday\",\"21\":null,\"22\":null,\"23\":null,\"24\":null,\"25\":\"late_10:14\",\"26\":null,\"27\":\"Sunday\",\"28\":\"late_10:13\",\"29\":null,\"30\":null,\"31\":\"full_day\",\"remark\":\"--\"}', '', 1.00, 0.00, 0.00, 5.00, 2.00, 0.00, '2019-02-07 15:35:41', '2019-02-07 15:35:41'),
(49, 2, 23, 'January 2019', '{\"name_of_employee\":\"Asif - 10\",\"emp_id\":\"V2R19023\",\"full_day\":2,\"half_day\":0,\"late\":5,\"sunday\":0,\"0\":0,\"1\":\"full_day\",\"2\":null,\"3\":null,\"4\":null,\"5\":\"Saturday\",\"6\":\"Sunday\",\"7\":null,\"8\":null,\"9\":null,\"10\":null,\"11\":null,\"12\":null,\"13\":\"Sunday\",\"14\":null,\"15\":\"late_10:25\",\"16\":\"late_10:21\",\"17\":null,\"18\":\"late_10:52\",\"19\":\"Saturday\",\"20\":\"Sunday\",\"21\":null,\"22\":null,\"23\":null,\"24\":null,\"25\":\"late_10:13\",\"26\":\"full_day\",\"27\":\"Sunday\",\"28\":null,\"29\":null,\"30\":null,\"31\":\"late_10:11\",\"remark\":\"--\"}', '', 2.00, 0.00, 0.00, 0.00, 5.00, 1.50, '2019-02-07 15:35:41', '2019-02-07 15:35:41'),
(50, 2, 24, 'January 2019', '{\"name_of_employee\":\"Mahendra - 10:30\",\"emp_id\":\"V2R19024\",\"full_day\":0,\"half_day\":2,\"late\":1,\"sunday\":0,\"0\":0,\"1\":null,\"2\":null,\"3\":null,\"4\":null,\"5\":\"Saturday\",\"6\":\"Sunday\",\"7\":\"half_day\",\"8\":null,\"9\":null,\"10\":null,\"11\":null,\"12\":null,\"13\":\"Sunday\",\"14\":null,\"15\":null,\"16\":\"half_day\",\"17\":null,\"18\":null,\"19\":\"Saturday\",\"20\":\"Sunday\",\"21\":null,\"22\":null,\"23\":null,\"24\":null,\"25\":null,\"26\":null,\"27\":\"Sunday\",\"28\":\"late_10:12\",\"29\":null,\"30\":null,\"31\":null,\"remark\":\"--\"}', '', 0.00, 2.00, 0.00, 0.00, 1.00, 0.00, '2019-02-07 15:35:41', '2019-02-07 15:35:41'),
(51, 2, 25, 'January 2019', '{\"name_of_employee\":\"Pradeep Rai - 10:30\",\"emp_id\":\"V2R19025\",\"full_day\":2,\"half_day\":1,\"late\":13,\"sunday\":4,\"0\":27,\"1\":null,\"2\":null,\"3\":\"late_10:00\",\"4\":\"late_09:45\",\"5\":\"Saturday_9\",\"6\":\"Sunday_3\",\"7\":null,\"8\":null,\"9\":\"late_09:51\",\"10\":\"late_09:48\",\"11\":null,\"12\":\"full_day\",\"13\":\"sunday_5.5\",\"14\":\"late_09:53\",\"15\":\"half_day\",\"16\":\"full_day\",\"17\":null,\"18\":\"late_09:46\",\"19\":\"saturday_6\",\"20\":\"sunday_3.5\",\"21\":\"late_09:49\",\"22\":null,\"23\":\"late_09:54\",\"24\":\"late_09:45\",\"25\":\"late_10:10\",\"26\":\"late_10:15\",\"27\":\"Sunday\",\"28\":\"late_09:41\",\"29\":null,\"30\":\"late_09:46\",\"31\":null,\"remark\":\"--\"}', '', 2.00, 1.00, 0.00, 31.00, 0.00, 1.50, '2019-02-07 15:35:41', '2019-02-08 20:41:13'),
(52, 2, 26, 'January 2019', '{\"name_of_employee\":\"Ravinder Nath - 9:30\",\"emp_id\":\"V2R19026\",\"full_day\":4,\"half_day\":0,\"late\":7,\"sunday\":0,\"0\":0,\"1\":\"full_day\",\"2\":\"full_day\",\"3\":\"full_day\",\"4\":\"full_day\",\"5\":\"Saturday\",\"6\":\"Sunday\",\"7\":null,\"8\":null,\"9\":null,\"10\":null,\"11\":null,\"12\":null,\"13\":\"Sunday\",\"14\":null,\"15\":null,\"16\":null,\"17\":null,\"18\":null,\"19\":\"Saturday\",\"20\":\"Sunday\",\"21\":\"late_10:16\",\"22\":\"late_09:50\",\"23\":null,\"24\":\"late_09:44\",\"25\":\"late_09:41\",\"26\":null,\"27\":\"Sunday\",\"28\":\"late_09:41\",\"29\":null,\"30\":\"late_10:57\",\"31\":\"late_09:51\",\"remark\":\"--\"}', '', 4.00, 0.00, 0.00, 0.00, 7.00, 4.00, '2019-02-07 15:35:41', '2019-02-09 17:32:58'),
(53, 2, 27, 'January 2019', '{\"name_of_employee\":\"Raunak Purohit - 9:30\",\"emp_id\":\"V2R19027\",\"full_day\":13,\"half_day\":0,\"late\":4,\"sunday\":1,\"0\":4,\"1\":\"full_day\",\"2\":\"full_day\",\"3\":\"late_09:53\",\"4\":\"late_09:59\",\"5\":\"Saturday_7\",\"6\":\"Sunday_3\",\"7\":\"late_10:07\",\"8\":\"full_day\",\"9\":\"full_day\",\"10\":\"full_day\",\"11\":\"full_day\",\"12\":\"full_day\",\"13\":\"Sunday\",\"14\":\"full_day\",\"15\":\"full_day\",\"16\":\"full_day\",\"17\":\"full_day\",\"18\":\"full_day\",\"19\":\"Saturday\",\"20\":\"Sunday\",\"21\":\"late_10:08\",\"22\":\"late_10:01\",\"23\":\"late_10:33\",\"24\":\"late_10:53\",\"25\":\"late_10:43\",\"26\":\"late_10:38\",\"27\":\"Sunday_4\",\"28\":\"late_09:56\",\"29\":\"full_day\",\"30\":\"late_10:38\",\"31\":\"late_10:08\",\"remark\":\"--\"}', '', 13.00, 0.00, 0.00, 14.00, 4.00, 12.50, '2019-02-07 15:35:41', '2019-02-07 15:39:36'),
(54, 2, 28, 'January 2019', '{\"name_of_employee\":\"Suraj Vaishnav - 10\",\"emp_id\":\"V2R19028\",\"full_day\":0,\"half_day\":0,\"late\":2,\"sunday\":1,\"0\":8,\"1\":null,\"2\":null,\"3\":null,\"4\":null,\"5\":\"Saturday\",\"6\":\"Sunday\",\"7\":null,\"8\":null,\"9\":null,\"10\":null,\"11\":null,\"12\":null,\"13\":\"Sunday\",\"14\":\"late_10:23\",\"15\":null,\"16\":null,\"17\":null,\"18\":null,\"19\":\"Saturday\",\"20\":\"sunday_8\",\"21\":null,\"22\":null,\"23\":null,\"24\":\"late_10:17\",\"25\":null,\"26\":null,\"27\":\"Sunday\",\"28\":null,\"29\":null,\"30\":null,\"31\":null,\"remark\":\"--\"}', '', 0.00, 0.00, 0.00, 8.00, 2.00, 0.00, '2019-02-07 15:35:41', '2019-02-07 15:35:41'),
(55, 2, 29, 'January 2019', '{\"name_of_employee\":\"Pramod Kumar - 10:30\",\"emp_id\":\"V2R19029\",\"full_day\":0,\"half_day\":0,\"late\":2,\"sunday\":0,\"0\":0,\"1\":null,\"2\":null,\"3\":null,\"4\":null,\"5\":\"Saturday\",\"6\":\"Sunday\",\"7\":null,\"8\":null,\"9\":\"late_10:51\",\"10\":null,\"11\":null,\"12\":null,\"13\":\"Sunday\",\"14\":null,\"15\":null,\"16\":null,\"17\":null,\"18\":null,\"19\":\"Saturday\",\"20\":\"Sunday\",\"21\":null,\"22\":null,\"23\":null,\"24\":null,\"25\":null,\"26\":\"late_10:55\",\"27\":\"Sunday\",\"28\":null,\"29\":null,\"30\":null,\"31\":null,\"remark\":\"--\"}', '', 0.00, 0.00, 0.00, 0.00, 2.00, 0.00, '2019-02-07 15:35:41', '2019-02-07 15:35:41'),
(56, 2, 30, 'January 2019', '{\"name_of_employee\":\"Sachin Rupani - 10:30\",\"emp_id\":\"V2R19030\",\"full_day\":1,\"half_day\":2,\"late\":7,\"sunday\":1,\"0\":4,\"1\":null,\"2\":\"half_day\",\"3\":\"half_day\",\"4\":null,\"5\":\"Saturday\",\"6\":\"Sunday\",\"7\":null,\"8\":\"late_10:44\",\"9\":null,\"10\":null,\"11\":null,\"12\":null,\"13\":\"Sunday\",\"14\":null,\"15\":null,\"16\":\"late_10:49\",\"17\":null,\"18\":null,\"19\":\"Saturday\",\"20\":\"sunday_4\",\"21\":\"late_10:38\",\"22\":\"late_10:41\",\"23\":null,\"24\":null,\"25\":\"late_10:42\",\"26\":null,\"27\":\"Sunday\",\"28\":\"late_10:40\",\"29\":null,\"30\":\"late_10:40\",\"31\":\"full_day\",\"remark\":\"--\"}', '', 1.00, 2.00, 0.00, 4.00, 7.00, 2.00, '2019-02-07 15:35:41', '2019-02-07 15:35:41'),
(57, 3, 5, 'February 2019', '{\"name_of_employee\":\"Mangu Singh - 9:30\",\"emp_id\":\"V2R19005\",\"1\":null,\"2\":\"Saturday\",\"3\":\"Sunday\",\"4\":\"Full_Day\",\"5\":\"Late_09:48\",\"6\":null,\"7\":\"Late_09:45\",\"8\":null,\"9\":null,\"10\":\"Sunday\",\"11\":null,\"12\":\"Late_09:43\",\"13\":null,\"14\":null,\"15\":\"Late_09:50\",\"16\":\"Saturday\",\"17\":\"Sunday\",\"18\":\"Late_09:45\",\"19\":null,\"20\":null,\"21\":\"Full_Day\",\"22\":\"Full_Day\",\"23\":\"Full_Day\",\"24\":\"Sunday\",\"25\":\"Late_09:43\",\"26\":null,\"27\":null,\"28\":\"Late_09:44\",\"29\":\"--\",\"30\":\"--\",\"31\":\"--\",\"remark\":\"--\"}', '', 4.00, 0.00, 0.00, 0.00, 7.00, 4.00, '2019-03-06 18:21:16', '2019-03-06 18:21:16'),
(58, 3, 2, 'February 2019', '{\"name_of_employee\":\"Rupam - 9:30\",\"emp_id\":\"V2R19002\",\"1\":null,\"2\":\"Saturday\",\"3\":\"Sunday\",\"4\":null,\"5\":null,\"6\":null,\"7\":null,\"8\":\"Full_Day\",\"9\":\"Full_Day\",\"10\":\"Sunday\",\"11\":null,\"12\":\"Late_09:44\",\"13\":null,\"14\":\"Late_09:50\",\"15\":null,\"16\":\"Saturday_5\",\"17\":\"Sunday\",\"18\":null,\"19\":null,\"20\":\"Half_Day\",\"21\":\"Full_Day\",\"22\":null,\"23\":\"Half_Day\",\"24\":\"Sunday\",\"25\":null,\"26\":null,\"27\":null,\"28\":null,\"29\":\"--\",\"30\":\"--\",\"31\":\"--\",\"remark\":\"--\"}', '', 3.00, 2.00, 0.00, 5.00, 2.00, 2.50, '2019-03-06 18:21:16', '2019-03-07 21:35:49'),
(59, 3, 9, 'February 2019', '{\"name_of_employee\":\"Sweta - 9:30\",\"emp_id\":\"V2R19009\",\"1\":\"Full_Day\",\"2\":\"Saturday\",\"3\":\"Sunday\",\"4\":null,\"5\":null,\"6\":null,\"7\":null,\"8\":null,\"9\":null,\"10\":\"Sunday\",\"11\":\"Late_09:44\",\"12\":null,\"13\":null,\"14\":null,\"15\":null,\"16\":\"Saturday_8.5\",\"17\":\"Sunday\",\"18\":null,\"19\":null,\"20\":null,\"21\":null,\"22\":null,\"23\":null,\"24\":\"Sunday\",\"25\":null,\"26\":null,\"27\":null,\"28\":null,\"29\":\"--\",\"30\":\"--\",\"31\":\"--\",\"remark\":\"--\"}', '', 1.00, 0.00, 0.00, 8.50, 1.00, 0.00, '2019-03-06 18:21:16', '2019-03-06 18:21:16'),
(60, 3, 10, 'February 2019', '{\"name_of_employee\":\"Akib - 10:30\",\"emp_id\":\"V2R19010\",\"1\":null,\"2\":\"Saturday\",\"3\":\"Sunday\",\"4\":null,\"5\":null,\"6\":null,\"7\":null,\"8\":null,\"9\":null,\"10\":\"Sunday\",\"11\":null,\"12\":null,\"13\":null,\"14\":null,\"15\":null,\"16\":\"Saturday_9\",\"17\":\"Sunday\",\"18\":null,\"19\":null,\"20\":null,\"21\":null,\"22\":null,\"23\":null,\"24\":\"Sunday\",\"25\":null,\"26\":null,\"27\":null,\"28\":null,\"29\":\"--\",\"30\":\"--\",\"31\":\"--\",\"remark\":\"--\"}', '', 0.00, 0.00, 0.00, 9.00, 0.00, 0.00, '2019-03-06 18:21:16', '2019-03-06 18:21:16'),
(61, 3, 11, 'February 2019', '{\"name_of_employee\":\"Ankita Mangal - 9:30\",\"emp_id\":\"V2R19011\",\"1\":null,\"2\":\"Saturday\",\"3\":\"Sunday\",\"4\":null,\"5\":null,\"6\":null,\"7\":\"Late_09:52\",\"8\":\"Half_Day\",\"9\":null,\"10\":\"Sunday\",\"11\":null,\"12\":null,\"13\":null,\"14\":null,\"15\":null,\"16\":\"Saturday_9\",\"17\":\"Sunday_4\",\"18\":null,\"19\":null,\"20\":null,\"21\":\"Half_Day\",\"22\":\"Full_Day\",\"23\":\"Full_Day\",\"24\":\"Sunday\",\"25\":null,\"26\":null,\"27\":null,\"28\":null,\"29\":\"--\",\"30\":\"--\",\"31\":\"--\",\"remark\":\"--\"}', '', 2.00, 2.00, 0.00, 13.00, 1.00, 2.00, '2019-03-06 18:21:16', '2019-03-06 18:21:16'),
(62, 3, 12, 'February 2019', '{\"name_of_employee\":\"Pratyush Bharti - 9:30\",\"emp_id\":\"V2R19012\",\"1\":\"Half_Day\",\"2\":\"Saturday\",\"3\":\"Sunday\",\"4\":null,\"5\":null,\"6\":\"Full_Day\",\"7\":null,\"8\":\"Late_09:59\",\"9\":null,\"10\":\"Sunday\",\"11\":null,\"12\":null,\"13\":null,\"14\":null,\"15\":\"Full_Day\",\"16\":\"Saturday\",\"17\":\"Sunday\",\"18\":\"Full_Day\",\"19\":null,\"20\":null,\"21\":null,\"22\":null,\"23\":null,\"24\":\"Sunday_8\",\"25\":null,\"26\":null,\"27\":null,\"28\":null,\"29\":\"--\",\"30\":\"--\",\"31\":\"--\",\"remark\":\"--\"}', '', 3.00, 1.00, 0.00, 8.00, 1.00, 2.50, '2019-03-06 18:21:16', '2019-03-06 18:21:16'),
(63, 3, 13, 'February 2019', '{\"name_of_employee\":\"Pankaj - 9:30\",\"emp_id\":\"V2R19013\",\"1\":null,\"2\":\"Saturday\",\"3\":\"Sunday\",\"4\":null,\"5\":null,\"6\":null,\"7\":null,\"8\":null,\"9\":\"Late_09:41\",\"10\":\"Sunday\",\"11\":null,\"12\":null,\"13\":null,\"14\":\"Late_09:42\",\"15\":null,\"16\":\"Saturday_9\",\"17\":\"Sunday_5\",\"18\":\"Late_09:42\",\"19\":null,\"20\":null,\"21\":null,\"22\":\"Full_Day\",\"23\":\"Half_Day\",\"24\":\"Sunday_7.5\",\"25\":\"Late_09:47\",\"26\":\"Late_09:45\",\"27\":null,\"28\":null,\"29\":\"--\",\"30\":\"--\",\"31\":\"--\",\"remark\":\"--\"}', '', 1.00, 1.00, 0.00, 21.50, 5.00, 1.00, '2019-03-06 18:21:16', '2019-03-06 18:21:16'),
(64, 3, 4, 'February 2019', '{\"name_of_employee\":\"Amba Patel - 9:30\",\"emp_id\":\"V2R19004\",\"1\":null,\"2\":\"Saturday\",\"3\":\"Sunday\",\"4\":null,\"5\":null,\"6\":null,\"7\":null,\"8\":null,\"9\":null,\"10\":\"Sunday_7\",\"11\":null,\"12\":null,\"13\":null,\"14\":null,\"15\":null,\"16\":\"Saturday\",\"17\":\"Sunday\",\"18\":null,\"19\":null,\"20\":null,\"21\":null,\"22\":null,\"23\":null,\"24\":\"Sunday\",\"25\":null,\"26\":\"Full_Day\",\"27\":null,\"28\":null,\"29\":\"--\",\"30\":\"--\",\"31\":\"--\",\"remark\":\"--\"}', '', 1.00, 0.00, 0.00, 16.00, 0.00, 0.00, '2019-03-06 18:21:16', '2019-03-06 18:30:50'),
(65, 3, 14, 'February 2019', '{\"name_of_employee\":\"Brijpal - 9:30\",\"emp_id\":\"V2R19014\",\"1\":\"Full_Day\",\"2\":\"Saturday\",\"3\":\"Sunday\",\"4\":\"Half_Day\",\"5\":\"Full_Day\",\"6\":\"Half_Day\",\"7\":\"Late_10:26\",\"8\":\"Late_10:31\",\"9\":\"Late_10:01\",\"10\":\"Sunday_3.5\",\"11\":\"Late_10:26\",\"12\":\"Late_11:00\",\"13\":\"Late_10:50\",\"14\":\"Late_10:43\",\"15\":\"Late_10:35\",\"16\":\"Saturday_9\",\"17\":\"Sunday\",\"18\":\"Late_10:25\",\"19\":\"Full_Day\",\"20\":\"Full_Day\",\"21\":\"Full_Day\",\"22\":\"Full_Day\",\"23\":\"Full_Day\",\"24\":\"Sunday\",\"25\":\"Full_Day\",\"26\":\"Full_Day\",\"27\":\"Full_Day\",\"28\":\"Full_Day\",\"29\":\"--\",\"30\":\"--\",\"31\":\"--\",\"remark\":\"--\"}', '', 11.00, 2.00, 0.00, 12.50, 9.00, 12.50, '2019-03-06 18:21:16', '2019-03-06 18:21:16'),
(66, 3, 7, 'February 2019', '{\"name_of_employee\":\"Reema Parekh - 9:30\",\"emp_id\":\"V2R19007\",\"1\":\"Full_Day\",\"2\":\"Saturday\",\"3\":\"Sunday\",\"4\":\"Full_Day\",\"5\":null,\"6\":null,\"7\":null,\"8\":null,\"9\":null,\"10\":\"Sunday\",\"11\":\"Late_10:08\",\"12\":null,\"13\":null,\"14\":null,\"15\":null,\"16\":\"Saturday\",\"17\":\"Sunday\",\"18\":null,\"19\":null,\"20\":null,\"21\":null,\"22\":null,\"23\":null,\"24\":\"Sunday\",\"25\":null,\"26\":null,\"27\":null,\"28\":null,\"29\":\"--\",\"30\":\"--\",\"31\":\"--\",\"remark\":\"--\"}', '', 2.00, 0.00, 0.00, 0.00, 1.00, 1.00, '2019-03-06 18:21:16', '2019-03-06 18:21:16'),
(67, 3, 15, 'February 2019', '{\"name_of_employee\":\"Khushbu Vaishnav - 9:30\",\"emp_id\":\"V2R19015\",\"1\":null,\"2\":\"Saturday\",\"3\":\"Sunday_5.5\",\"4\":null,\"5\":null,\"6\":null,\"7\":null,\"8\":null,\"9\":null,\"10\":\"Sunday\",\"11\":null,\"12\":null,\"13\":null,\"14\":null,\"15\":null,\"16\":\"Saturday_7.5\",\"17\":\"Sunday\",\"18\":null,\"19\":null,\"20\":null,\"21\":null,\"22\":null,\"23\":\"Late_09:44\",\"24\":\"Sunday_9\",\"25\":null,\"26\":\"Late_09:45\",\"27\":null,\"28\":null,\"29\":\"--\",\"30\":\"--\",\"31\":\"--\",\"remark\":\"--\"}', '', 0.00, 0.00, 0.00, 22.00, 2.00, 0.00, '2019-03-06 18:21:16', '2019-03-06 18:21:16'),
(68, 3, 16, 'February 2019', '{\"name_of_employee\":\"Bhavana Gautam - 9:30\",\"emp_id\":\"V2R19016\",\"1\":null,\"2\":\"Saturday\",\"3\":\"Sunday\",\"4\":\"Full_Day\",\"5\":\"Full_Day\",\"6\":null,\"7\":null,\"8\":null,\"9\":null,\"10\":\"Sunday\",\"11\":\"Full_Day\",\"12\":\"Full_Day\",\"13\":\"Full_Day\",\"14\":\"Full_Day\",\"15\":\"Full_Day\",\"16\":\"Saturday\",\"17\":\"Sunday\",\"18\":\"Full_Day\",\"19\":\"Full_Day\",\"20\":\"Full_Day\",\"21\":\"Full_Day\",\"22\":\"Full_Day\",\"23\":\"Full_Day\",\"24\":\"Sunday\",\"25\":\"Late_10:24\",\"26\":null,\"27\":null,\"28\":null,\"29\":\"--\",\"30\":\"--\",\"31\":\"--\",\"remark\":\"--\"}', '', 13.00, 0.00, 0.00, 0.00, 1.00, 12.00, '2019-03-06 18:21:16', '2019-03-06 18:21:16'),
(69, 3, 17, 'February 2019', '{\"name_of_employee\":\"Goutam - 9:30\",\"emp_id\":\"V2R19017\",\"1\":null,\"2\":null,\"3\":\"Sunday\",\"4\":\"Late_09:45\",\"5\":null,\"6\":null,\"7\":null,\"8\":null,\"9\":\"Late_09:42\",\"10\":\"Sunday\",\"11\":null,\"12\":null,\"13\":\"Full_Day\",\"14\":null,\"15\":\"Full_Day\",\"16\":null,\"17\":\"Sunday\",\"18\":null,\"19\":\"Full_Day\",\"20\":null,\"21\":null,\"22\":\"Full_Day\",\"23\":\"Half_Day\",\"24\":\"Sunday\",\"25\":null,\"26\":null,\"27\":null,\"28\":\"Full_Day\",\"29\":\"--\",\"30\":\"--\",\"31\":\"--\",\"remark\":\"--\"}', '', 5.00, 1.00, 0.00, 0.00, 2.00, 5.50, '2019-03-06 18:21:16', '2019-03-06 18:21:16'),
(70, 3, 18, 'February 2019', '{\"name_of_employee\":\"Mayank - 9:30\",\"emp_id\":\"V2R19018\",\"1\":\"Late_09:58\",\"2\":\"Saturday\",\"3\":\"Sunday\",\"4\":\"Late_10:06\",\"5\":\"Late_10:20\",\"6\":\"Late_10:15\",\"7\":\"Late_10:00\",\"8\":\"Late_10:10\",\"9\":\"Full_Day\",\"10\":\"Sunday_6\",\"11\":\"Late_10:19\",\"12\":\"Late_10:19\",\"13\":\"Late_10:08\",\"14\":\"Late_10:35\",\"15\":\"Late_10:04\",\"16\":\"Saturday_3.5\",\"17\":\"Sunday\",\"18\":\"Late_10:08\",\"19\":\"Late_09:54\",\"20\":\"Late_09:56\",\"21\":\"Late_10:02\",\"22\":\"Late_10:11\",\"23\":\"Full_Day\",\"24\":\"Sunday\",\"25\":\"Late_09:56\",\"26\":\"Full_Day\",\"27\":\"Full_Day\",\"28\":\"Full_Day\",\"29\":\"--\",\"30\":\"--\",\"31\":\"--\",\"remark\":\"--\"}', '', 5.00, 0.00, 0.00, 9.50, 17.00, 7.50, '2019-03-06 18:21:16', '2019-03-06 18:21:16'),
(71, 3, 19, 'February 2019', '{\"name_of_employee\":\"Neelam - 9:30\",\"emp_id\":\"V2R19019\",\"1\":\"Full_Day\",\"2\":null,\"3\":\"Sunday\",\"4\":null,\"5\":null,\"6\":\"Full_Day\",\"7\":null,\"8\":null,\"9\":\"Full_Day\",\"10\":\"Sunday\",\"11\":\"Half_Day\",\"12\":null,\"13\":\"Late_09:46\",\"14\":null,\"15\":null,\"16\":null,\"17\":\"Sunday\",\"18\":\"Full_Day\",\"19\":null,\"20\":null,\"21\":null,\"22\":null,\"23\":null,\"24\":\"Sunday\",\"25\":null,\"26\":\"Full_Day\",\"27\":null,\"28\":\"Full_Day\",\"29\":\"--\",\"30\":\"--\",\"31\":\"--\",\"remark\":\"--\"}', '', 0.00, 1.00, 0.00, 0.00, 1.00, 0.50, '2019-03-06 18:21:16', '2019-03-09 00:32:21'),
(72, 3, 8, 'February 2019', '{\"name_of_employee\":\"Bhuvnesh - 9:30\",\"emp_id\":\"V2R19008\",\"1\":null,\"2\":\"Saturday\",\"3\":\"Sunday\",\"4\":null,\"5\":\"Full_Day\",\"6\":\"Full_Day\",\"7\":null,\"8\":null,\"9\":null,\"10\":\"Sunday\",\"11\":null,\"12\":null,\"13\":null,\"14\":null,\"15\":null,\"16\":\"Saturday\",\"17\":\"Sunday\",\"18\":null,\"19\":null,\"20\":null,\"21\":null,\"22\":null,\"23\":\"Late_09:55\",\"24\":\"Sunday\",\"25\":null,\"26\":null,\"27\":null,\"28\":null,\"29\":\"--\",\"30\":\"--\",\"31\":\"--\",\"remark\":\"--\"}', '', 2.00, 0.00, 0.00, 0.00, 1.00, 0.50, '2019-03-06 18:21:16', '2019-03-11 14:46:10'),
(73, 3, 3, 'February 2019', '{\"name_of_employee\":\"Bhagya Shree - 10\",\"emp_id\":\"V2R19003\",\"1\":null,\"2\":\"Saturday\",\"3\":\"Sunday_5\",\"4\":null,\"5\":null,\"6\":null,\"7\":null,\"8\":null,\"9\":null,\"10\":\"Sunday\",\"11\":\"Full_Day\",\"12\":null,\"13\":null,\"14\":null,\"15\":null,\"16\":\"Saturday_9\",\"17\":\"Sunday\",\"18\":null,\"19\":null,\"20\":null,\"21\":null,\"22\":null,\"23\":null,\"24\":\"Sunday_7\",\"25\":null,\"26\":null,\"27\":null,\"28\":null,\"29\":\"--\",\"30\":\"--\",\"31\":\"--\",\"remark\":\"--\"}', '{\"name_of_employee\":\"WFH Bhagya Shree Extra\",\"emp_id\":\"V2R19003\",\"1\":null,\"2\":null,\"3\":null,\"4\":null,\"5\":null,\"6\":null,\"7\":null,\"8\":null,\"9\":null,\"10\":null,\"11\":null,\"12\":null,\"13\":null,\"14\":\"2 hrs\",\"15\":null,\"16\":null,\"17\":\"2 hrs\",\"18\":null,\"19\":null,\"20\":null,\"21\":null,\"22\":null,\"23\":null,\"24\":null,\"25\":null,\"26\":null,\"27\":null,\"28\":null,\"29\":null,\"30\":null,\"31\":null,\"remark\":null}', 1.00, 0.00, 0.00, 34.00, 0.00, 0.00, '2019-03-06 18:21:16', '2019-03-06 18:28:10'),
(74, 3, 20, 'February 2019', '{\"name_of_employee\":\"Jitendra Jangid - 10\",\"emp_id\":\"V2R19020\",\"1\":null,\"2\":\"Saturday\",\"3\":\"Sunday\",\"4\":\"Late_10:27\",\"5\":null,\"6\":null,\"7\":null,\"8\":null,\"9\":null,\"10\":\"Sunday\",\"11\":null,\"12\":null,\"13\":null,\"14\":null,\"15\":\"Full_Day\",\"16\":\"Saturday\",\"17\":\"Sunday\",\"18\":null,\"19\":null,\"20\":null,\"21\":null,\"22\":\"Late_10:24\",\"23\":\"Full_Day\",\"24\":\"Sunday\",\"25\":null,\"26\":null,\"27\":null,\"28\":null,\"29\":\"--\",\"30\":\"--\",\"31\":\"--\",\"remark\":\"--\"}', '', 2.00, 0.00, 0.00, 0.00, 2.00, 1.00, '2019-03-06 18:21:16', '2019-03-06 18:21:16'),
(75, 3, 21, 'February 2019', '{\"name_of_employee\":\"Sumit - 10\",\"emp_id\":\"V2R19021\",\"1\":null,\"2\":\"Saturday\",\"3\":\"Sunday_7\",\"4\":null,\"5\":null,\"6\":null,\"7\":null,\"8\":null,\"9\":null,\"10\":\"Sunday\",\"11\":null,\"12\":null,\"13\":null,\"14\":null,\"15\":null,\"16\":\"Saturday_9\",\"17\":\"Sunday\",\"18\":null,\"19\":null,\"20\":null,\"21\":null,\"22\":null,\"23\":null,\"24\":\"Sunday_8\",\"25\":null,\"26\":null,\"27\":null,\"28\":null,\"29\":\"--\",\"30\":\"--\",\"31\":\"--\",\"remark\":\"--\"}', '', 0.00, 0.00, 0.00, 24.00, 0.00, 0.00, '2019-03-06 18:21:16', '2019-03-06 18:21:16'),
(76, 3, 22, 'February 2019', '{\"name_of_employee\":\"Sandeep - 10\",\"emp_id\":\"V2R19022\",\"1\":null,\"2\":\"Saturday\",\"3\":\"Sunday_5.5\",\"4\":null,\"5\":null,\"6\":null,\"7\":null,\"8\":null,\"9\":null,\"10\":\"Sunday\",\"11\":null,\"12\":null,\"13\":null,\"14\":null,\"15\":\"Half_Day\",\"16\":\"Saturday_9\",\"17\":\"Sunday\",\"18\":null,\"19\":null,\"20\":null,\"21\":null,\"22\":null,\"23\":null,\"24\":\"Sunday_9\",\"25\":null,\"26\":null,\"27\":null,\"28\":null,\"29\":\"--\",\"30\":\"--\",\"31\":\"--\",\"remark\":\"--\"}', '', 0.00, 1.00, 0.00, 26.50, 0.00, 0.00, '2019-03-06 18:21:16', '2019-03-07 20:39:07'),
(77, 3, 23, 'February 2019', '{\"name_of_employee\":\"Asif - 10\",\"emp_id\":\"V2R19023\",\"1\":null,\"2\":\"Saturday\",\"3\":\"Sunday\",\"4\":\"Late_10:19\",\"5\":null,\"6\":null,\"7\":\"Late_11:17\",\"8\":null,\"9\":\"Half_Day\",\"10\":\"Sunday\",\"11\":null,\"12\":\"Half_Day\",\"13\":null,\"14\":null,\"15\":null,\"16\":\"Saturday_9\",\"17\":\"Sunday\",\"18\":null,\"19\":null,\"20\":null,\"21\":null,\"22\":null,\"23\":null,\"24\":\"Sunday\",\"25\":null,\"26\":null,\"27\":\"Half_Day\",\"28\":null,\"29\":\"--\",\"30\":\"--\",\"31\":\"--\",\"remark\":\"--\"}', '', 0.00, 3.00, 0.00, 9.00, 2.00, 0.50, '2019-03-06 18:21:16', '2019-03-06 18:21:16'),
(78, 3, 24, 'February 2019', '{\"name_of_employee\":\"Mahendra - 10:30\",\"emp_id\":\"V2R19024\",\"1\":null,\"2\":\"Saturday\",\"3\":\"Sunday\",\"4\":null,\"5\":null,\"6\":null,\"7\":null,\"8\":null,\"9\":null,\"10\":\"Sunday\",\"11\":null,\"12\":null,\"13\":null,\"14\":\"Full_Day\",\"15\":\"Full_Day\",\"16\":\"Saturday\",\"17\":\"Sunday\",\"18\":null,\"19\":null,\"20\":null,\"21\":null,\"22\":null,\"23\":null,\"24\":\"Sunday_7\",\"25\":null,\"26\":null,\"27\":null,\"28\":null,\"29\":\"--\",\"30\":\"--\",\"31\":\"--\",\"remark\":\"--\"}', '', 2.00, 0.00, 0.00, 7.00, 0.00, 1.00, '2019-03-06 18:21:16', '2019-03-06 18:21:16'),
(79, 3, 25, 'February 2019', '{\"name_of_employee\":\"Pradeep Rai - 9:30\",\"emp_id\":\"V2R19025\",\"1\":null,\"2\":\"Saturday\",\"3\":\"Sunday_4\",\"4\":\"Late_09:52\",\"5\":null,\"6\":null,\"7\":\"Late_09:45\",\"8\":null,\"9\":\"Full_Day\",\"10\":\"Sunday\",\"11\":\"Full_Day\",\"12\":\"Full_Day\",\"13\":\"Full_Day\",\"14\":\"Full_Day\",\"15\":\"Full_Day\",\"16\":\"Saturday\",\"17\":\"Sunday\",\"18\":\"Full_Day\",\"19\":\"Half_Day\",\"20\":null,\"21\":null,\"22\":null,\"23\":null,\"24\":\"Sunday_9\",\"25\":null,\"26\":\"Late_09:46\",\"27\":null,\"28\":null,\"29\":\"--\",\"30\":\"--\",\"31\":\"--\",\"remark\":\"--\"}', '', 7.00, 1.00, 0.00, 13.00, 3.00, 7.00, '2019-03-06 18:21:16', '2019-03-06 18:21:16'),
(80, 3, 32, 'February 2019', '{\"name_of_employee\":\"Abdul Hameed - 9:30\",\"emp_id\":\"V2R19032\",\"1\":\"Full_Day\",\"2\":\"Saturday\",\"3\":\"Sunday\",\"4\":\"Full_Day\",\"5\":\"Full_Day\",\"6\":\"Full_Day\",\"7\":\"Full_Day\",\"8\":null,\"9\":null,\"10\":\"Sunday_2.5\",\"11\":\"Half_Day\",\"12\":\"Half_Day\",\"13\":\"Half_Day\",\"14\":\"Half_Day\",\"15\":\"Half_Day\",\"16\":null,\"17\":\"Sunday_5\",\"18\":\"Half_Day\",\"19\":\"Half_Day\",\"20\":\"Half_Day\",\"21\":\"Half_Day\",\"22\":\"Half_Day\",\"23\":\"Half_Day\",\"24\":\"Sunday_3\",\"25\":\"Half_Day\",\"26\":\"Half_Day\",\"27\":\"Half_Day\",\"28\":\"Half_Day\",\"29\":\"--\",\"30\":\"--\",\"31\":\"--\",\"remark\":\"--\"}', '', 5.00, 15.00, 0.00, 10.50, 0.00, 12.50, '2019-03-06 18:21:16', '2019-03-06 18:21:16'),
(81, 3, 31, 'February 2019', '{\"name_of_employee\":\"Umar Tazkeer - 9:30\",\"emp_id\":\"V2R19031\",\"1\":\"Full_Day\",\"2\":\"Full_Day\",\"3\":\"Sunday\",\"4\":\"Full_Day\",\"5\":\"Full_Day\",\"6\":\"Full_Day\",\"7\":\"Full_Day\",\"8\":\"Full_Day\",\"9\":\"Full_Day\",\"10\":\"Sunday\",\"11\":null,\"12\":null,\"13\":\"Late_09:44\",\"14\":\"Late_09:41\",\"15\":null,\"16\":null,\"17\":\"Sunday\",\"18\":null,\"19\":null,\"20\":\"Late_09:42\",\"21\":null,\"22\":null,\"23\":null,\"24\":\"Sunday\",\"25\":\"Late_09:43\",\"26\":null,\"27\":\"Late_09:46\",\"28\":\"Late_09:47\",\"29\":\"--\",\"30\":\"--\",\"31\":\"--\",\"remark\":\"--\"}', '', 8.00, 0.00, 0.00, 0.00, 0.00, 8.00, '2019-03-06 18:21:16', '2019-03-13 05:25:07'),
(82, 3, 26, 'February 2019', '{\"name_of_employee\":\"Ravinder Nath - 9:30\",\"emp_id\":\"V2R19026\",\"1\":\"Late_09:54\",\"2\":\"Saturday\",\"3\":\"Sunday\",\"4\":\"Late_09:47\",\"5\":\"Late_09:44\",\"6\":\"Late_11:19\",\"7\":\"Late_09:45\",\"8\":\"Late_09:42\",\"9\":\"Late_09:42\",\"10\":\"Sunday\",\"11\":null,\"12\":\"Late_09:41\",\"13\":null,\"14\":null,\"15\":null,\"16\":\"Saturday\",\"17\":\"Sunday\",\"18\":\"Late_09:47\",\"19\":null,\"20\":null,\"21\":null,\"22\":null,\"23\":null,\"24\":\"Sunday\",\"25\":null,\"26\":null,\"27\":\"Full_Day\",\"28\":null,\"29\":\"--\",\"30\":\"--\",\"31\":\"--\",\"remark\":\"--\"}', '', 1.00, 0.00, 0.00, 0.00, 9.00, 1.50, '2019-03-06 18:21:16', '2019-03-06 18:21:16'),
(83, 3, 27, 'February 2019', '{\"name_of_employee\":\"Raunak Purohit - 9:30\",\"emp_id\":\"V2R19027\",\"1\":\"Late_10:31\",\"2\":\"Saturday\",\"3\":\"Sunday_7\",\"4\":\"Late_10:39\",\"5\":\"Full_Day\",\"6\":\"Full_Day\",\"7\":\"Full_Day\",\"8\":\"Late_10:50\",\"9\":\"Late_10:04\",\"10\":\"Sunday_5.5\",\"11\":\"Late_10:08\",\"12\":\"Late_10:11\",\"13\":\"Late_10:05\",\"14\":\"Late_10:05\",\"15\":\"Late_10:27\",\"16\":\"Saturday_9\",\"17\":\"Sunday_5\",\"18\":\"Half_Day\",\"19\":\"Full_Day\",\"20\":\"Late_10:50\",\"21\":\"Late_10:01\",\"22\":\"Full_Day\",\"23\":\"Late_10:10\",\"24\":\"Sunday\",\"25\":\"Late_10:13\",\"26\":\"Late_09:56\",\"27\":\"Late_10:50\",\"28\":null,\"29\":\"--\",\"30\":\"--\",\"31\":\"--\",\"remark\":\"--\"}', '', 5.00, 1.00, 0.00, 26.50, 15.00, 7.00, '2019-03-06 18:21:16', '2019-03-06 18:21:16'),
(84, 3, 28, 'February 2019', '{\"name_of_employee\":\"Suraj Vaishnav - 10\",\"emp_id\":\"V2R19028\",\"1\":null,\"2\":\"Saturday\",\"3\":\"Sunday_2\",\"4\":null,\"5\":null,\"6\":null,\"7\":null,\"8\":null,\"9\":null,\"10\":\"Sunday_3\",\"11\":null,\"12\":null,\"13\":null,\"14\":null,\"15\":null,\"16\":\"Saturday\",\"17\":\"Sunday\",\"18\":null,\"19\":null,\"20\":null,\"21\":null,\"22\":\"Full_Day\",\"23\":null,\"24\":\"Sunday_3\",\"25\":null,\"26\":null,\"27\":null,\"28\":null,\"29\":\"--\",\"30\":\"--\",\"31\":\"--\",\"remark\":\"--\"}', '', 1.00, 0.00, 0.00, 17.00, 0.00, 0.00, '2019-03-06 18:21:16', '2019-03-07 01:15:02'),
(85, 3, 29, 'February 2019', '{\"name_of_employee\":\"Pramod Kumar - 10:30\",\"emp_id\":\"V2R19029\",\"1\":null,\"2\":\"Saturday\",\"3\":\"Sunday\",\"4\":\"Full_Day\",\"5\":\"Full_Day\",\"6\":\"Full_Day\",\"7\":\"Full_Day\",\"8\":\"Full_Day\",\"9\":\"Full_Day\",\"10\":\"Sunday\",\"11\":\"Full_Day\",\"12\":\"Full_Day\",\"13\":\"Full_Day\",\"14\":\"Full_Day\",\"15\":\"Full_Day\",\"16\":\"Saturday\",\"17\":\"Sunday\",\"18\":\"Full_Day\",\"19\":\"Half_Day\",\"20\":null,\"21\":null,\"22\":null,\"23\":null,\"24\":\"Sunday_7\",\"25\":null,\"26\":null,\"27\":null,\"28\":null,\"29\":\"--\",\"30\":\"--\",\"31\":\"--\",\"remark\":\"--\"}', '', 12.00, 1.00, 0.00, 7.00, 0.00, 10.50, '2019-03-06 18:21:16', '2019-03-06 18:21:16'),
(86, 3, 30, 'February 2019', '{\"name_of_employee\":\"Sachin Rupani - 10:30\",\"emp_id\":\"V2R19030\",\"1\":\"Late_11:23\",\"2\":\"Saturday\",\"3\":\"Sunday\",\"4\":null,\"5\":\"Full_Day\",\"6\":null,\"7\":\"Late_10:44\",\"8\":null,\"9\":null,\"10\":\"Sunday\",\"11\":null,\"12\":null,\"13\":null,\"14\":null,\"15\":null,\"16\":\"Saturday\",\"17\":\"Sunday\",\"18\":null,\"19\":\"Late_11:16\",\"20\":null,\"21\":null,\"22\":\"Full_Day\",\"23\":\"Late_10:55\",\"24\":\"Sunday_5\",\"25\":\"Full_Day\",\"26\":null,\"27\":null,\"28\":\"Late_10:48\",\"29\":\"--\",\"30\":\"--\",\"31\":\"--\",\"remark\":\"--\"}', '', 3.00, 0.00, 0.00, 9.00, 5.00, 2.50, '2019-03-06 18:21:16', '2019-03-06 23:30:15'),
(87, 4, 5, 'March 2019', '{\"name_of_employee\":\"Mangu Singh - 9:30\",\"emp_id\":\"V2R19005\",\"1\":null,\"2\":\"Saturday_8.5\",\"3\":\"Sunday\",\"4\":null,\"5\":null,\"6\":null,\"7\":null,\"8\":null,\"9\":\"Full_Day\",\"10\":\"Sunday\",\"11\":null,\"12\":null,\"13\":null,\"14\":null,\"15\":null,\"16\":\"Saturday_9\",\"17\":\"Sunday\",\"18\":null,\"19\":null,\"20\":null,\"21\":\"CH_Holi\",\"22\":\"Late_10:51\",\"23\":null,\"24\":\"Sunday\",\"25\":null,\"26\":\"Full_Day\",\"27\":null,\"28\":null,\"29\":null,\"30\":null,\"31\":\"Sunday_5\",\"remark\":\"--\"}', '', 2.00, 0.00, 0.00, 22.50, 1.00, 1.00, '2019-04-05 23:16:41', '2019-04-05 23:16:41'),
(88, 4, 2, 'March 2019', '{\"name_of_employee\":\"Rupam - 9:30\",\"emp_id\":\"V2R19002\",\"1\":null,\"2\":\"Saturday\",\"3\":\"Sunday\",\"4\":null,\"5\":null,\"6\":null,\"7\":null,\"8\":null,\"9\":null,\"10\":\"Sunday\",\"11\":null,\"12\":null,\"13\":null,\"14\":null,\"15\":\"Full_Day\",\"16\":\"Saturday\",\"17\":\"Sunday\",\"18\":null,\"19\":null,\"20\":null,\"21\":\"CH_Holi\",\"22\":null,\"23\":\"Late_09:47\",\"24\":\"Sunday\",\"25\":null,\"26\":null,\"27\":null,\"28\":null,\"29\":null,\"30\":null,\"31\":\"Sunday\",\"remark\":\"--\"}', '', 1.00, 0.00, 0.00, 0.00, 1.00, 0.00, '2019-04-05 23:16:41', '2019-04-05 23:16:41'),
(89, 4, 9, 'March 2019', '{\"name_of_employee\":\"Sweta - 9:30\",\"emp_id\":\"V2R19009\",\"1\":null,\"2\":\"Saturday_8.5\",\"3\":\"Sunday\",\"4\":null,\"5\":\"Late_09:42\",\"6\":null,\"7\":null,\"8\":null,\"9\":null,\"10\":\"Sunday\",\"11\":null,\"12\":null,\"13\":null,\"14\":null,\"15\":null,\"16\":\"Saturday_8.5\",\"17\":\"Sunday\",\"18\":null,\"19\":null,\"20\":null,\"21\":\"CH_Holi\",\"22\":null,\"23\":null,\"24\":\"Sunday\",\"25\":\"Full_Day\",\"26\":\"Full_Day\",\"27\":\"Full_Day\",\"28\":null,\"29\":null,\"30\":null,\"31\":\"Sunday\",\"remark\":\"--\"}', '', 3.00, 0.00, 0.00, 17.00, 1.00, 2.00, '2019-04-05 23:16:41', '2019-04-05 23:16:41'),
(90, 4, 10, 'March 2019', '{\"name_of_employee\":\"Akib - 10:30\",\"emp_id\":\"V2R19010\",\"1\":null,\"2\":\"Saturday_9\",\"3\":\"Sunday\",\"4\":null,\"5\":null,\"6\":null,\"7\":null,\"8\":null,\"9\":null,\"10\":\"Sunday\",\"11\":null,\"12\":null,\"13\":null,\"14\":null,\"15\":null,\"16\":\"Saturday_7.5\",\"17\":\"Sunday\",\"18\":null,\"19\":null,\"20\":null,\"21\":\"CH_Holi\",\"22\":\"Late_11:02\",\"23\":null,\"24\":\"Sunday\",\"25\":null,\"26\":null,\"27\":null,\"28\":null,\"29\":null,\"30\":null,\"31\":\"Sunday\",\"remark\":\"--\"}', '', 0.00, 0.00, 0.00, 16.50, 1.00, 0.00, '2019-04-05 23:16:41', '2019-04-05 23:16:41'),
(91, 4, 11, 'March 2019', '{\"name_of_employee\":\"Ankita Mangal - 9:30\",\"emp_id\":\"V2R19011\",\"1\":null,\"2\":\"Saturday\",\"3\":\"Sunday_5.5\",\"4\":null,\"5\":null,\"6\":null,\"7\":null,\"8\":null,\"9\":\"Late_11:01\",\"10\":\"Sunday\",\"11\":null,\"12\":null,\"13\":null,\"14\":null,\"15\":null,\"16\":\"Saturday_4\",\"17\":\"Sunday\",\"18\":null,\"19\":null,\"20\":null,\"21\":\"CH_Holi\",\"22\":\"Late_10:53\",\"23\":null,\"24\":\"Sunday\",\"25\":null,\"26\":null,\"27\":null,\"28\":null,\"29\":null,\"30\":\"Full_Day\",\"31\":\"Sunday\",\"remark\":\"--\"}', '', 1.00, 0.00, 0.00, 9.50, 2.00, 0.00, '2019-04-05 23:16:41', '2019-04-05 23:16:41'),
(92, 4, 12, 'March 2019', '{\"name_of_employee\":\"Pratyush Bharti - 9:30\",\"emp_id\":\"V2R19012\",\"1\":null,\"2\":\"Saturday_9\",\"3\":\"Sunday\",\"4\":null,\"5\":null,\"6\":null,\"7\":\"Full_Day\",\"8\":\"Full_Day\",\"9\":\"Full_Day\",\"10\":\"Sunday\",\"11\":null,\"12\":null,\"13\":null,\"14\":null,\"15\":\"Half_Day\",\"16\":\"Saturday\",\"17\":\"Sunday\",\"18\":\"Full_Day\",\"19\":\"Full_Day\",\"20\":null,\"21\":\"CH_Holi\",\"22\":null,\"23\":null,\"24\":\"Sunday\",\"25\":null,\"26\":null,\"27\":null,\"28\":\"Late_09:42\",\"29\":null,\"30\":null,\"31\":\"Sunday\",\"remark\":\"--\"}', '', 5.00, 1.00, 0.00, 9.00, 1.00, 4.50, '2019-04-05 23:16:41', '2019-04-05 23:16:41'),
(93, 4, 13, 'March 2019', '{\"name_of_employee\":\"Pankaj - 9:30\",\"emp_id\":\"V2R19013\",\"1\":\"Late_10:34\",\"2\":\"Saturday_9\",\"3\":\"Sunday\",\"4\":null,\"5\":null,\"6\":null,\"7\":null,\"8\":null,\"9\":null,\"10\":\"Sunday\",\"11\":null,\"12\":null,\"13\":null,\"14\":null,\"15\":\"Half_Day\",\"16\":\"Saturday\",\"17\":\"Sunday\",\"18\":null,\"19\":null,\"20\":null,\"21\":\"CH_Holi\",\"22\":null,\"23\":null,\"24\":\"Sunday_6.5\",\"25\":\"Late_10:53\",\"26\":null,\"27\":null,\"28\":null,\"29\":\"Late_09:42\",\"30\":null,\"31\":\"Sunday\",\"remark\":\"--\"}', '', 0.00, 1.00, 0.00, 15.50, 3.00, 0.00, '2019-04-05 23:16:41', '2019-04-05 23:16:41'),
(94, 4, 4, 'March 2019', '{\"name_of_employee\":\"Amba Patel - 9:30\",\"emp_id\":\"V2R19004\",\"1\":null,\"2\":\"Saturday_9\",\"3\":\"Sunday\",\"4\":null,\"5\":null,\"6\":null,\"7\":null,\"8\":null,\"9\":null,\"10\":\"Sunday\",\"11\":null,\"12\":null,\"13\":null,\"14\":null,\"15\":null,\"16\":\"Saturday\",\"17\":\"Sunday\",\"18\":null,\"19\":null,\"20\":null,\"21\":\"CH_Holi\",\"22\":null,\"23\":null,\"24\":\"Sunday\",\"25\":null,\"26\":null,\"27\":\"Full_Day\",\"28\":null,\"29\":null,\"30\":null,\"31\":\"Sunday\",\"remark\":\"--\"}', '', 1.00, 0.00, 0.00, 9.00, 0.00, 0.00, '2019-04-05 23:16:41', '2019-04-05 23:16:41'),
(95, 4, 14, 'March 2019', '{\"name_of_employee\":\"Brijpal - 9:30\",\"emp_id\":\"V2R19014\",\"1\":\"Full_Day\",\"2\":\"Saturday\",\"3\":\"Sunday\",\"4\":\"Full_Day\",\"5\":\"Full_Day\",\"6\":\"Late_11:03\",\"7\":\"Late_09:44\",\"8\":\"Late_09:54\",\"9\":\"Late_10:35\",\"10\":\"Sunday\",\"11\":\"Late_10:03\",\"12\":\"Late_10:23\",\"13\":\"Late_10:23\",\"14\":\"Late_09:52\",\"15\":\"Late_10:31\",\"16\":\"Saturday_8.5\",\"17\":\"Sunday_5\",\"18\":null,\"19\":\"Late_09:41\",\"20\":\"Half_Day\",\"21\":\"CH_Holi\",\"22\":\"Full_Day\",\"23\":\"Late_11:16\",\"24\":\"Sunday_4\",\"25\":\"Late_09:52\",\"26\":\"Late_09:59\",\"27\":\"Late_10:11\",\"28\":\"Late_10:11\",\"29\":\"Late_10:08\",\"30\":\"Late_09:57\",\"31\":\"Sunday_5\",\"remark\":\"--\"}', '', 4.00, 1.00, 0.00, 22.50, 17.00, 6.00, '2019-04-05 23:16:41', '2019-04-05 23:16:41'),
(96, 4, 7, 'March 2019', '{\"name_of_employee\":\"Reema Parekh - 9:30\",\"emp_id\":\"V2R19007\",\"1\":\"Half_Day\",\"2\":\"Saturday\",\"3\":\"Sunday\",\"4\":\"Full_Day\",\"5\":\"Full_Day\",\"6\":\"Full_Day\",\"7\":\"Full_Day\",\"8\":\"Full_Day\",\"9\":\"Full_Day\",\"10\":\"Sunday\",\"11\":\"Full_Day\",\"12\":\"Full_Day\",\"13\":null,\"14\":\"Half_Day\",\"15\":null,\"16\":\"Saturday\",\"17\":\"Sunday\",\"18\":null,\"19\":null,\"20\":null,\"21\":\"CH_Holi\",\"22\":null,\"23\":null,\"24\":\"Sunday\",\"25\":null,\"26\":null,\"27\":null,\"28\":null,\"29\":null,\"30\":null,\"31\":\"Sunday\",\"remark\":\"--\"}', '', 8.00, 2.00, 0.00, 0.00, 0.00, 8.00, '2019-04-05 23:16:41', '2019-04-05 23:16:41'),
(97, 4, 15, 'March 2019', '{\"name_of_employee\":\"Khushbu Vaishnav - 9:30\",\"emp_id\":\"V2R19015\",\"1\":\"Half_Day\",\"2\":\"Saturday\",\"3\":\"Sunday\",\"4\":\"Full_Day\",\"5\":null,\"6\":null,\"7\":null,\"8\":\"Late_09:4\",\"9\":null,\"10\":\"Sunday\",\"11\":null,\"12\":null,\"13\":null,\"14\":\"Full_Day\",\"15\":null,\"16\":\"Saturday\",\"17\":\"Sunday\",\"18\":null,\"19\":\"Full_Day\",\"20\":\"Full_Day\",\"21\":\"CH_Holi\",\"22\":null,\"23\":null,\"24\":\"Sunday\",\"25\":null,\"26\":null,\"27\":null,\"28\":null,\"29\":null,\"30\":null,\"31\":\"Sunday\",\"remark\":\"--\"}', '', 4.00, 1.00, 0.00, 0.00, 1.00, 2.50, '2019-04-05 23:16:41', '2019-04-05 23:16:41'),
(98, 4, 16, 'March 2019', '{\"name_of_employee\":\"Bhavana Gautam - 9:30\",\"emp_id\":\"V2R19016\",\"1\":null,\"2\":\"Saturday_8\",\"3\":\"Sunday_5\",\"4\":null,\"5\":null,\"6\":null,\"7\":null,\"8\":null,\"9\":null,\"10\":\"Sunday\",\"11\":null,\"12\":null,\"13\":null,\"14\":null,\"15\":null,\"16\":\"Saturday\",\"17\":\"Sunday\",\"18\":\"Full_Day\",\"19\":null,\"20\":null,\"21\":\"CH_Holi\",\"22\":\"DHalf_ 12:10\",\"23\":null,\"24\":\"Sunday\",\"25\":null,\"26\":null,\"27\":null,\"28\":null,\"29\":null,\"30\":null,\"31\":\"Sunday\",\"remark\":\"--\"}', '', 1.00, 0.00, 1.00, 13.00, 0.00, 0.50, '2019-04-05 23:16:41', '2019-04-05 23:16:41');
INSERT INTO `attendancedatas` (`attendancedata_id`, `attendance_id`, `admin_id`, `month_year`, `json_data`, `wfh_json_data`, `full_leaves`, `half_leaves`, `dhalf_leaves`, `extra_working_hrs`, `late_days`, `leaves_after_less`, `created_at`, `updated_at`) VALUES
(99, 4, 17, 'March 2019', '{\"name_of_employee\":\"Goutam - 9:30\",\"emp_id\":\"V2R19017\",\"1\":\"Full_Day\",\"2\":\"Full_Day\",\"3\":\"Sunday\",\"4\":\"Full_Day\",\"5\":\"Full_Day\",\"6\":\"Full_Day\",\"7\":\"Full_Day\",\"8\":\"Full_Day\",\"9\":\"Full_Day\",\"10\":\"Sunday\",\"11\":\"Full_Day\",\"12\":\"Full_Day\",\"13\":null,\"14\":\"Late_09:52\",\"15\":null,\"16\":null,\"17\":\"Sunday_1.5\",\"18\":null,\"19\":null,\"20\":null,\"21\":\"CH_Holi\",\"22\":null,\"23\":null,\"24\":\"Sunday\",\"25\":null,\"26\":null,\"27\":null,\"28\":null,\"29\":null,\"30\":null,\"31\":\"Sunday\",\"remark\":\"--\"}', '', 10.00, 0.00, 0.00, 1.50, 1.00, 10.00, '2019-04-05 23:16:41', '2019-04-05 23:16:41'),
(100, 4, 18, 'March 2019', '{\"name_of_employee\":\"Mayank - 9:30\",\"emp_id\":\"V2R19018\",\"1\":\"Half_Day\",\"2\":\"Saturday\",\"3\":\"Sunday\",\"4\":\"Full_Day\",\"5\":\"Full_Day\",\"6\":\"Full_Day\",\"7\":\"Full_Day\",\"8\":\"Full_Day\",\"9\":\"Full_Day\",\"10\":\"Sunday\",\"11\":\"Full_Day\",\"12\":\"Full_Day\",\"13\":\"Full_Day\",\"14\":\"Full_Day\",\"15\":\"Full_Day\",\"16\":\"Saturday\",\"17\":\"Sunday\",\"18\":\"Full_Day\",\"19\":\"Full_Day\",\"20\":\"Full_Day\",\"21\":\"CH_Holi\",\"22\":null,\"23\":null,\"24\":\"Sunday\",\"25\":null,\"26\":null,\"27\":null,\"28\":null,\"29\":null,\"30\":null,\"31\":\"Sunday\",\"remark\":\"--\"}', '', 14.00, 1.00, 0.00, 0.00, 0.00, 14.50, '2019-04-05 23:16:41', '2019-04-05 23:16:41'),
(101, 4, 19, 'March 2019', '{\"name_of_employee\":\"Neelam - 9:30\",\"emp_id\":\"V2R19019\",\"1\":\"Late_09:56\",\"2\":null,\"3\":\"Sunday\",\"4\":\"Late_09:54\",\"5\":null,\"6\":null,\"7\":\"Late_09:41\",\"8\":\"Full_Day\",\"9\":\"Full_Day\",\"10\":\"Sunday\",\"11\":\"Full_Day\",\"12\":\"Full_Day\",\"13\":\"Full_Day\",\"14\":\"Full_Day\",\"15\":\"Full_Day\",\"16\":\"Full_Day\",\"17\":\"Sunday\",\"18\":\"Full_Day\",\"19\":\"Full_Day\",\"20\":\"Full_Day\",\"21\":\"CH_Holi\",\"22\":\"Full_Day\",\"23\":\"Full_Day\",\"24\":\"Sunday\",\"25\":\"Full_Day\",\"26\":\"Full_Day\",\"27\":\"Full_Day\",\"28\":\"Full_Day\",\"29\":\"Full_Day\",\"30\":\"Full_Day\",\"31\":\"Sunday\",\"remark\":\"--\"}', '', 19.00, 0.00, 0.00, 0.00, 3.00, 19.50, '2019-04-05 23:16:41', '2019-04-05 23:16:41'),
(102, 4, 8, 'March 2019', '{\"name_of_employee\":\"Bhuvnesh - 9:30\",\"emp_id\":\"V2R19008\",\"1\":null,\"2\":\"Saturday_8\",\"3\":\"Sunday\",\"4\":null,\"5\":null,\"6\":null,\"7\":\"Full_Day\",\"8\":\"Full_Day\",\"9\":\"Full_Day\",\"10\":\"Sunday\",\"11\":null,\"12\":null,\"13\":null,\"14\":null,\"15\":null,\"16\":\"Saturday\",\"17\":\"Sunday\",\"18\":null,\"19\":null,\"20\":null,\"21\":\"CH_Holi\",\"22\":null,\"23\":null,\"24\":\"Sunday\",\"25\":\"Late_09:41\",\"26\":null,\"27\":null,\"28\":null,\"29\":null,\"30\":null,\"31\":\"Sunday\",\"remark\":\"--\"}', '', 3.00, 0.00, 0.00, 8.00, 1.00, 0.00, '2019-04-05 23:16:41', '2019-04-05 23:16:41'),
(103, 4, 3, 'March 2019', '{\"name_of_employee\":\"Bhagya Shree - 10\",\"emp_id\":\"V2R19003\",\"1\":null,\"2\":\"Saturday\",\"3\":\"Sunday\",\"4\":\"Full_Day\",\"5\":null,\"6\":\"Full_Day\",\"7\":null,\"8\":null,\"9\":null,\"10\":\"Sunday\",\"11\":null,\"12\":null,\"13\":null,\"14\":null,\"15\":null,\"16\":\"Saturday\",\"17\":\"Sunday\",\"18\":null,\"19\":null,\"20\":null,\"21\":\"CH_Holi\",\"22\":null,\"23\":null,\"24\":\"Sunday_2\",\"25\":null,\"26\":null,\"27\":\"Full_Day\",\"28\":\"Full_Day\",\"29\":\"Late_10:27\",\"30\":null,\"31\":\"Sunday\",\"remark\":\"--\"}', '{\"name_of_employee\":\"WFH Bhagya Shree Extra\",\"emp_id\":\"V2R19003\",\"1\":null,\"2\":null,\"3\":null,\"4\":null,\"5\":null,\"6\":null,\"7\":null,\"8\":null,\"9\":null,\"10\":null,\"11\":null,\"12\":null,\"13\":null,\"14\":null,\"15\":null,\"16\":null,\"17\":null,\"18\":null,\"19\":null,\"20\":null,\"21\":null,\"22\":null,\"23\":null,\"24\":null,\"25\":null,\"26\":null,\"27\":null,\"28\":null,\"29\":null,\"30\":null,\"31\":null,\"remark\":null}', 4.00, 0.00, 0.00, 2.00, 1.00, 3.00, '2019-04-05 23:16:41', '2019-04-05 23:16:41'),
(104, 4, 20, 'March 2019', '{\"name_of_employee\":\"Jitendra Jangid - 10\",\"emp_id\":\"V2R19020\",\"1\":null,\"2\":\"Saturday_7\",\"3\":\"Sunday\",\"4\":null,\"5\":null,\"6\":null,\"7\":null,\"8\":null,\"9\":null,\"10\":\"Sunday\",\"11\":null,\"12\":null,\"13\":null,\"14\":null,\"15\":\"Full_Day\",\"16\":\"Saturday\",\"17\":\"Sunday\",\"18\":\"Late_11:24\",\"19\":null,\"20\":null,\"21\":\"CH_Holi\",\"22\":null,\"23\":\"Full_Day\",\"24\":\"Sunday\",\"25\":null,\"26\":null,\"27\":null,\"28\":\"Late_10:13\",\"29\":null,\"30\":null,\"31\":\"Sunday\",\"remark\":\"--\"}', '', 2.00, 0.00, 0.00, 7.00, 2.00, 1.00, '2019-04-05 23:16:41', '2019-04-05 23:16:41'),
(105, 4, 21, 'March 2019', '{\"name_of_employee\":\"Sumit - 10\",\"emp_id\":\"V2R19021\",\"1\":null,\"2\":\"Saturday_8\",\"3\":\"Sunday\",\"4\":null,\"5\":null,\"6\":null,\"7\":null,\"8\":null,\"9\":null,\"10\":\"Sunday\",\"11\":null,\"12\":null,\"13\":\"Half_Day\",\"14\":null,\"15\":null,\"16\":\"Saturday\",\"17\":\"Sunday\",\"18\":null,\"19\":null,\"20\":null,\"21\":\"CH_Holi\",\"22\":null,\"23\":null,\"24\":\"Sunday\",\"25\":null,\"26\":null,\"27\":null,\"28\":null,\"29\":null,\"30\":null,\"31\":\"Sunday\",\"remark\":\"--\"}', '', 0.00, 1.00, 0.00, 8.00, 0.00, 0.00, '2019-04-05 23:16:41', '2019-04-05 23:16:41'),
(106, 4, 22, 'March 2019', '{\"name_of_employee\":\"Sandeep - 10\",\"emp_id\":\"V2R19022\",\"1\":null,\"2\":\"Saturday_8\",\"3\":\"Sunday\",\"4\":null,\"5\":null,\"6\":null,\"7\":null,\"8\":\"Full_Day\",\"9\":null,\"10\":\"Sunday\",\"11\":null,\"12\":null,\"13\":null,\"14\":null,\"15\":null,\"16\":\"Saturday\",\"17\":\"Sunday\",\"18\":null,\"19\":null,\"20\":\"Half_Day\",\"21\":\"CH_Holi\",\"22\":\"Late_10:13\",\"23\":null,\"24\":\"Sunday\",\"25\":null,\"26\":null,\"27\":\"Half_Day\",\"28\":\"Late_10:31\",\"29\":null,\"30\":null,\"31\":\"Sunday\",\"remark\":\"--\"}', '', 1.00, 1.00, 0.00, 8.00, 2.00, 0.00, '2019-04-05 23:16:41', '2019-04-06 00:10:17'),
(107, 4, 23, 'March 2019', '{\"name_of_employee\":\"Asif - 10\",\"emp_id\":\"V2R19023\",\"1\":null,\"2\":\"Saturday\",\"3\":\"Sunday\",\"4\":null,\"5\":null,\"6\":null,\"7\":null,\"8\":null,\"9\":null,\"10\":\"Sunday\",\"11\":null,\"12\":null,\"13\":null,\"14\":null,\"15\":null,\"16\":\"Saturday\",\"17\":\"Sunday\",\"18\":\"Late_10:37\",\"19\":null,\"20\":null,\"21\":\"CH_Holi\",\"22\":null,\"23\":null,\"24\":\"Sunday\",\"25\":null,\"26\":null,\"27\":\"Half_Day\",\"28\":null,\"29\":null,\"30\":null,\"31\":\"Sunday\",\"remark\":\"--\"}', '', 0.00, 1.00, 0.00, 0.00, 1.00, 0.00, '2019-04-05 23:16:41', '2019-04-05 23:16:41'),
(108, 4, 24, 'March 2019', '{\"name_of_employee\":\"Mahendra - 10:30\",\"emp_id\":\"V2R19024\",\"1\":null,\"2\":\"Saturday\",\"3\":\"Sunday\",\"4\":null,\"5\":null,\"6\":null,\"7\":\"Full_Day\",\"8\":\"Full_Day\",\"9\":\"Full_Day\",\"10\":\"Sunday\",\"11\":null,\"12\":null,\"13\":null,\"14\":null,\"15\":null,\"16\":\"Saturday\",\"17\":\"Sunday\",\"18\":null,\"19\":null,\"20\":\"Half_Day\",\"21\":\"CH_Holi\",\"22\":\"Full_Day\",\"23\":\"Full_Day\",\"24\":\"Sunday\",\"25\":null,\"26\":null,\"27\":null,\"28\":\"Full_Day\",\"29\":null,\"30\":null,\"31\":\"Sunday\",\"remark\":\"--\"}', '', 6.00, 1.00, 0.00, 0.00, 0.00, 5.50, '2019-04-05 23:16:41', '2019-04-05 23:16:41'),
(109, 4, 25, 'March 2019', '{\"name_of_employee\":\"Pradeep Rai - 9:30\",\"emp_id\":\"V2R19025\",\"1\":\"Late_10:19\",\"2\":\"Saturday_9\",\"3\":\"Sunday\",\"4\":null,\"5\":null,\"6\":null,\"7\":null,\"8\":null,\"9\":null,\"10\":\"Sunday_5\",\"11\":null,\"12\":null,\"13\":null,\"14\":\"Half_Day\",\"15\":null,\"16\":\"Saturday_8.5\",\"17\":\"Sunday_6\",\"18\":null,\"19\":null,\"20\":null,\"21\":\"CH_Holi\",\"22\":null,\"23\":null,\"24\":\"Sunday_5\",\"25\":null,\"26\":null,\"27\":null,\"28\":null,\"29\":\"Late_09:55\",\"30\":null,\"31\":\"Sunday\",\"remark\":\"--\"}', '', 0.00, 1.00, 0.00, 33.50, 2.00, 0.00, '2019-04-05 23:16:41', '2019-04-05 23:16:41'),
(110, 4, 32, 'March 2019', '{\"name_of_employee\":\"Abdul Hameed - 9:30\",\"emp_id\":\"V2R19032\",\"1\":\"Half_Day\",\"2\":\"Half_Day\",\"3\":\"Sunday\",\"4\":\"Half_Day\",\"5\":\"Half_Day\",\"6\":\"Half_Day\",\"7\":\"Half_Day\",\"8\":\"Full_Day\",\"9\":\"Late_10:07\",\"10\":\"Sunday_4\",\"11\":\"Half_Day\",\"12\":\"Half_Day\",\"13\":\"Half_Day\",\"14\":\"Half_Day\",\"15\":\"Half_Day\",\"16\":\"Half_Day\",\"17\":\"Sunday\",\"18\":\"Half_Day\",\"19\":\"Half_Day\",\"20\":\"Half_Day\",\"21\":\"CH_Holi\",\"22\":\"Half_Day\",\"23\":\"Half_Day\",\"24\":\"Sunday\",\"25\":\"Half_Day\",\"26\":\"Full_Day\",\"27\":\"Half_Day\",\"28\":\"Late_10:46\",\"29\":\"Late_11:00\",\"30\":\"Late_11:15\",\"31\":\"Sunday\",\"remark\":\"--\"}', '', 2.00, 19.00, 0.00, 4.00, 4.00, 12.00, '2019-04-05 23:16:41', '2019-04-05 23:16:41'),
(111, 4, 31, 'March 2019', '{\"name_of_employee\":\"Umar Tazkeer - 9:30\",\"emp_id\":\"V2R19031\",\"1\":null,\"2\":null,\"3\":\"Sunday\",\"4\":\"Late_09:48\",\"5\":null,\"6\":null,\"7\":null,\"8\":null,\"9\":null,\"10\":\"Sunday\",\"11\":null,\"12\":null,\"13\":\"Late_09:41\",\"14\":null,\"15\":null,\"16\":null,\"17\":\"Sunday\",\"18\":\"Late_09:43\",\"19\":null,\"20\":null,\"21\":\"CH_Holi\",\"22\":\"Full_Day\",\"23\":null,\"24\":\"Sunday\",\"25\":null,\"26\":\"Late_09:48\",\"27\":\"Late_09:51\",\"28\":null,\"29\":null,\"30\":null,\"31\":\"Sunday\",\"remark\":\"--\"}', '', 1.00, 0.00, 0.00, 0.00, 5.00, 1.50, '2019-04-05 23:16:41', '2019-04-05 23:16:41'),
(112, 4, 26, 'March 2019', '{\"name_of_employee\":\"Ravinder Nath - 9:30\",\"emp_id\":\"V2R19026\",\"1\":null,\"2\":\"Saturday\",\"3\":\"Sunday\",\"4\":null,\"5\":null,\"6\":null,\"7\":null,\"8\":\"Full_Day\",\"9\":\"Half_Day\",\"10\":\"Sunday\",\"11\":null,\"12\":null,\"13\":null,\"14\":null,\"15\":null,\"16\":\"Saturday\",\"17\":\"Sunday\",\"18\":null,\"19\":null,\"20\":null,\"21\":\"CH_Holi\",\"22\":null,\"23\":null,\"24\":\"Sunday\",\"25\":null,\"26\":null,\"27\":null,\"28\":null,\"29\":null,\"30\":null,\"31\":\"Sunday\",\"remark\":\"--\"}', '', 1.00, 1.00, 0.00, 0.00, 0.00, 0.50, '2019-04-05 23:16:41', '2019-04-05 23:16:41'),
(113, 4, 27, 'March 2019', '{\"name_of_employee\":\"Raunak Purohit - 9:30\",\"emp_id\":\"V2R19027\",\"1\":\"Late_09:43\",\"2\":\"Saturday_6.5\",\"3\":\"Sunday_3.5\",\"4\":\"Full_Day\",\"5\":\"Late_10:06\",\"6\":\"Late_09:58\",\"7\":\"Late_09:55\",\"8\":\"Late_09:48\",\"9\":\"Late_10:03\",\"10\":\"Sunday\",\"11\":\"Late_09:59\",\"12\":null,\"13\":\"Late_09:59\",\"14\":\"Late_09:46\",\"15\":\"Late_09:53\",\"16\":\"Saturday_5\",\"17\":\"Sunday\",\"18\":null,\"19\":\"Late_09:45\",\"20\":\"Full_Day\",\"21\":\"CH_Holi\",\"22\":\"Full_Day\",\"23\":\"Full_Day\",\"24\":\"Sunday\",\"25\":\"Late_09:43\",\"26\":null,\"27\":\"Full_Day\",\"28\":\"Late_11:21\",\"29\":\"Late_09:51\",\"30\":\"Late_09:47\",\"31\":\"Sunday\",\"remark\":\"--\"}', '', 5.00, 0.00, 0.00, 15.00, 15.00, 6.50, '2019-04-05 23:16:41', '2019-04-05 23:16:41'),
(114, 4, 28, 'March 2019', '{\"name_of_employee\":\"Suraj Vaishnav - 10\",\"emp_id\":\"V2R19028\",\"1\":null,\"2\":\"Saturday_7\",\"3\":\"Sunday\",\"4\":null,\"5\":null,\"6\":null,\"7\":null,\"8\":null,\"9\":null,\"10\":\"Sunday\",\"11\":\"Late_10:15\",\"12\":null,\"13\":null,\"14\":null,\"15\":null,\"16\":\"Saturday\",\"17\":\"Sunday\",\"18\":null,\"19\":null,\"20\":null,\"21\":\"CH_Holi\",\"22\":null,\"23\":null,\"24\":\"Sunday\",\"25\":null,\"26\":null,\"27\":\"Half_Day\",\"28\":null,\"29\":null,\"30\":null,\"31\":\"Sunday\",\"remark\":\"--\"}', '', 0.00, 1.00, 0.00, 7.00, 1.00, 0.00, '2019-04-05 23:16:41', '2019-04-05 23:16:41'),
(115, 4, 29, 'March 2019', '{\"name_of_employee\":\"Pramod Kumar - 10:30\",\"emp_id\":\"V2R19029\",\"1\":null,\"2\":\"Saturday_7\",\"3\":\"Sunday\",\"4\":null,\"5\":null,\"6\":null,\"7\":null,\"8\":null,\"9\":null,\"10\":\"Sunday\",\"11\":null,\"12\":null,\"13\":null,\"14\":null,\"15\":null,\"16\":\"Saturday_4\",\"17\":\"Sunday\",\"18\":null,\"19\":null,\"20\":null,\"21\":\"CH_Holi\",\"22\":null,\"23\":null,\"24\":\"Sunday\",\"25\":null,\"26\":null,\"27\":null,\"28\":null,\"29\":null,\"30\":null,\"31\":\"Sunday\",\"remark\":\"--\"}', '', 0.00, 0.00, 0.00, 11.00, 0.00, 0.00, '2019-04-05 23:16:41', '2019-04-05 23:16:41'),
(116, 4, 30, 'March 2019', '{\"name_of_employee\":\"Sachin Rupani - 10:30\",\"emp_id\":\"V2R19030\",\"1\":null,\"2\":\"Saturday_9\",\"3\":\"Sunday\",\"4\":\"Full_Day\",\"5\":\"Late_10:51\",\"6\":null,\"7\":null,\"8\":null,\"9\":null,\"10\":\"Sunday\",\"11\":null,\"12\":null,\"13\":null,\"14\":null,\"15\":null,\"16\":\"Saturday_4.5\",\"17\":\"Sunday\",\"18\":null,\"19\":null,\"20\":null,\"21\":\"CH_Holi\",\"22\":\"Late_11:03\",\"23\":null,\"24\":\"Sunday\",\"25\":null,\"26\":null,\"27\":\"Late_10:45\",\"28\":null,\"29\":null,\"30\":null,\"31\":\"Sunday\",\"remark\":\"--\"}', '', 1.00, 0.00, 0.00, 13.50, 3.00, 0.50, '2019-04-05 23:16:41', '2019-04-05 23:16:41');

-- --------------------------------------------------------

--
-- Table structure for table `attendancedata_logs`
--

CREATE TABLE `attendancedata_logs` (
  `attendancedata_log_id` int(10) UNSIGNED NOT NULL,
  `admin_id` int(10) UNSIGNED DEFAULT NULL,
  `employee_id` int(10) UNSIGNED DEFAULT NULL,
  `attendancedata_id` int(10) UNSIGNED DEFAULT NULL,
  `month_year` varchar(191) COLLATE utf8mb4_unicode_ci DEFAULT NULL,
  `description` text COLLATE utf8mb4_unicode_ci,
  `created_at` timestamp NULL DEFAULT NULL,
  `updated_at` timestamp NULL DEFAULT NULL
) ENGINE=InnoDB DEFAULT CHARSET=utf8mb4 COLLATE=utf8mb4_unicode_ci;

--
-- Dumping data for table `attendancedata_logs`
--

INSERT INTO `attendancedata_logs` (`attendancedata_log_id`, `admin_id`, `employee_id`, `attendancedata_id`, `month_year`, `description`, `created_at`, `updated_at`) VALUES
(6, 1, 13, 35, 'January 2019', 'Changes Fields are:<br>Extra Working Hrs from <b>24.00</b> to <b>40</b>', '2019-02-07 15:37:50', '2019-02-07 15:37:50'),
(7, 1, 4, 36, 'January 2019', 'Changes Fields are:<br>Extra Working Hrs from <b>17.50</b> to <b>21</b>', '2019-02-07 15:38:19', '2019-02-07 15:38:19'),
(8, 1, 3, 45, 'January 2019', 'Changes Fields are:<br>Extra Working Hrs from <b>7.00</b> to <b>8.00</b>', '2019-02-07 15:38:52', '2019-02-07 15:38:52'),
(9, 1, 25, 51, 'January 2019', 'Changes Fields are:<br>Extra Working Hrs from <b>27.00</b> to <b>31.00</b>', '2019-02-07 15:39:16', '2019-02-07 15:39:16'),
(10, 1, 27, 53, 'January 2019', 'Changes Fields are:<br>Late Days from <b>12.00</b> to <b>4.00</b>', '2019-02-07 15:39:36', '2019-02-07 15:39:36'),
(11, 1, 25, 51, 'January 2019', 'Changes Fields are:<br>Late Days from <b>13.00</b> to <b>0</b>', '2019-02-08 20:41:13', '2019-02-08 20:41:13'),
(12, 1, 26, 52, 'January 2019', 'Changes Fields are:<br>Full Days from <b>4.00</b> to <b>5</b>', '2019-02-09 17:30:02', '2019-02-09 17:30:02'),
(13, 1, 26, 52, 'January 2019', 'Changes Fields are:<br>Full Days from <b>5.00</b> to <b>4</b>', '2019-02-09 17:32:58', '2019-02-09 17:32:58'),
(14, 1, 4, 64, 'February 2019', 'Changes Fields are:<br>Extra Working Hrs from <b>7.00</b> to <b>37</b>', '2019-03-06 18:26:03', '2019-03-06 18:26:03'),
(15, 1, 3, 73, 'February 2019', 'Changes Fields are:<br>Extra Working Hrs from <b>25.00</b> to <b>34</b>', '2019-03-06 18:28:10', '2019-03-06 18:28:10'),
(16, 1, 4, 64, 'February 2019', 'Changes Fields are:<br>Extra Working Hrs from <b>37.00</b> to <b>16</b>', '2019-03-06 18:30:50', '2019-03-06 18:30:50'),
(17, 1, 22, 76, 'February 2019', 'Changes Fields are:<br>Extra Working Hrs from <b>23.50</b> to <b>26.5</b>', '2019-03-06 18:32:53', '2019-03-06 18:32:53'),
(18, 1, 30, 86, 'February 2019', 'Changes Fields are:<br>Extra Working Hrs from <b>5.00</b> to <b>9</b>', '2019-03-06 23:30:15', '2019-03-06 23:30:15'),
(19, 1, 28, 84, 'February 2019', 'Changes Fields are:<br>Extra Working Hrs from <b>8.00</b> to <b>17</b>', '2019-03-06 23:32:51', '2019-03-06 23:32:51'),
(20, 1, 28, 84, 'February 2019', 'Changes Fields are:<br>Extra Working Hrs from <b>17.00</b> to <b>20</b>', '2019-03-06 23:59:23', '2019-03-06 23:59:23'),
(21, 1, 28, 84, 'February 2019', 'Changes Fields are:<br>Extra Working Hrs from <b>20.00</b> to <b>17</b>', '2019-03-07 00:00:11', '2019-03-07 00:00:11'),
(22, 1, 28, 84, 'February 2019', 'Changes Fields are:<br>Extra Working Hrs from <b>17.00</b> to <b>8</b>', '2019-03-07 01:14:25', '2019-03-07 01:14:25'),
(23, 1, 28, 84, 'February 2019', 'Changes Fields are:<br>Extra Working Hrs from <b>8.00</b> to <b>17</b>', '2019-03-07 01:15:02', '2019-03-07 01:15:02'),
(24, 1, 22, 76, 'February 2019', 'Changes Fields are:', '2019-03-07 20:39:07', '2019-03-07 20:39:07'),
(25, 1, 2, 58, 'February 2019', 'Changes Fields are:', '2019-03-07 21:35:49', '2019-03-07 21:35:49'),
(26, 1, 19, 71, 'February 2019', 'Changes Fields are:<br>Full Days from <b>6.00</b> to <b>0</b>', '2019-03-09 00:32:21', '2019-03-09 00:32:21'),
(27, 1, 8, 72, 'February 2019', 'Changes Fields are:', '2019-03-11 14:46:10', '2019-03-11 14:46:10'),
(28, 1, 31, 81, 'February 2019', 'Changes Fields are:<br>Late Days from <b>6.00</b> to <b>0</b>', '2019-03-13 05:25:07', '2019-03-13 05:25:07'),
(29, 1, 22, 106, 'March 2019', 'Changes Fields are:<br>Half Days from <b>2.00</b> to <b>1</b>', '2019-04-06 00:09:44', '2019-04-06 00:09:44'),
(30, 1, 22, 106, 'March 2019', 'Changes Fields are:<br>Half Days from <b>1.00</b> to <b>2</b>', '2019-04-06 00:10:05', '2019-04-06 00:10:05'),
(31, 1, 22, 106, 'March 2019', 'Changes Fields are:<br>Half Days from <b>2.00</b> to <b>1</b>', '2019-04-06 00:10:17', '2019-04-06 00:10:17');

-- --------------------------------------------------------

--
-- Table structure for table `attendances`
--

CREATE TABLE `attendances` (
  `attendance_id` int(10) UNSIGNED NOT NULL,
  `attendance_month` varchar(191) COLLATE utf8mb4_unicode_ci DEFAULT NULL,
  `attendance_file` varchar(191) COLLATE utf8mb4_unicode_ci DEFAULT NULL,
  `created_at` timestamp NULL DEFAULT NULL,
  `updated_at` timestamp NULL DEFAULT NULL
) ENGINE=InnoDB DEFAULT CHARSET=utf8mb4 COLLATE=utf8mb4_unicode_ci;

--
-- Dumping data for table `attendances`
--

INSERT INTO `attendances` (`attendance_id`, `attendance_month`, `attendance_file`, `created_at`, `updated_at`) VALUES
(2, 'January 2019', '1549532133Attendance-sheet-January.xlsx', '2019-02-07 15:35:41', '2019-02-07 15:35:41'),
(3, 'February 2019', '1551854656Attendance-Sheet-February.xlsx', '2019-03-06 18:21:15', '2019-03-06 18:21:15'),
(4, 'March 2019', '1554468349Attendance-Sheet-March.xlsx', '2019-04-05 23:16:41', '2019-04-05 23:16:41');

-- --------------------------------------------------------

--
-- Table structure for table `attendance_registers`
--

CREATE TABLE `attendance_registers` (
  `attendance_register_id` int(10) UNSIGNED NOT NULL,
  `admin_id` int(10) UNSIGNED DEFAULT NULL,
  `attendance_date` date DEFAULT NULL,
  `attendance_intime` datetime DEFAULT NULL,
  `attendance_outtime` datetime DEFAULT NULL,
  `attendance_total_time` int(11) DEFAULT NULL COMMENT 'Total time in minutes',
  `attendance_status` tinyint(4) NOT NULL DEFAULT '1',
  `attendance_key` varchar(191) COLLATE utf8mb4_unicode_ci DEFAULT NULL,
  `attendance_isRequest` tinyint(4) NOT NULL DEFAULT '0',
  `isRequest_status` tinyint(4) NOT NULL DEFAULT '0' COMMENT 'Request approved or not by admin. 0 - approved, 1 - not approved',
  `attendance_desc` text COLLATE utf8mb4_unicode_ci,
  `created_at` timestamp NULL DEFAULT NULL,
  `updated_at` timestamp NULL DEFAULT NULL
) ENGINE=InnoDB DEFAULT CHARSET=utf8mb4 COLLATE=utf8mb4_unicode_ci;

--
-- Dumping data for table `attendance_registers`
--

INSERT INTO `attendance_registers` (`attendance_register_id`, `admin_id`, `attendance_date`, `attendance_intime`, `attendance_outtime`, `attendance_total_time`, `attendance_status`, `attendance_key`, `attendance_isRequest`, `isRequest_status`, `attendance_desc`, `created_at`, `updated_at`) VALUES
(3, 8, '2019-03-01', '2019-03-01 09:39:53', '2019-03-01 19:26:37', 586, 1, NULL, 0, 0, NULL, '2019-03-01 15:39:53', '2019-03-02 01:26:37'),
(4, 4, '2019-03-01', '2019-03-01 09:29:00', '2019-03-01 19:22:00', 593, 1, NULL, 0, 0, NULL, '2019-03-02 00:43:53', '2019-03-02 00:44:52'),
(5, 29, '2019-03-01', '2019-03-01 19:03:16', NULL, NULL, 1, 'dhalf_19:03', 0, 0, NULL, '2019-03-02 01:03:16', '2019-03-02 01:03:16'),
(6, 22, '2019-03-01', '2019-03-01 19:23:11', NULL, NULL, 1, 'dhalf_19:23', 0, 0, NULL, '2019-03-02 01:23:11', '2019-03-02 01:23:11'),
(7, 12, '2019-03-02', '2019-03-02 09:35:38', '2019-03-02 19:01:00', 565, 1, 'saturday_9.42', 0, 0, NULL, '2019-03-02 15:35:38', '2019-03-03 01:01:00'),
(8, 8, '2019-03-02', '2019-03-02 09:35:45', '2019-03-02 19:06:59', 571, 1, 'saturday_9.52', 0, 0, NULL, '2019-03-02 15:35:45', '2019-03-03 01:06:59'),
(9, 4, '2019-03-02', '2019-03-02 09:41:32', '2019-03-02 19:01:57', 560, 1, 'saturday_9.33', 0, 0, NULL, '2019-03-02 15:41:32', '2019-03-03 01:01:57'),
(10, 11, '2019-03-02', '2019-03-02 09:42:17', '2019-03-02 19:16:08', 573, 1, 'saturday_9.55', 0, 0, NULL, '2019-03-02 15:42:17', '2019-03-03 01:16:09'),
(11, 21, '2019-03-02', '2019-03-02 10:00:56', NULL, NULL, 1, 'saturday', 0, 0, NULL, '2019-03-02 16:00:56', '2019-03-02 16:00:56'),
(12, 9, '2019-03-02', '2019-03-02 10:35:42', '2019-03-02 19:31:44', 536, 1, 'saturday_8.93', 0, 0, NULL, '2019-03-02 16:35:42', '2019-03-03 01:31:44'),
(13, 25, '2019-03-02', '2019-03-02 10:37:23', '2019-03-02 10:52:03', 14, 1, 'saturday_0.23', 0, 0, NULL, '2019-03-02 16:37:23', '2019-03-02 16:52:03'),
(14, 22, '2019-03-02', '2019-03-02 10:37:46', '2019-03-02 19:36:41', 538, 1, 'saturday_8.97', 0, 0, NULL, '2019-03-02 16:37:46', '2019-03-03 01:36:41'),
(15, 16, '2019-03-02', '2019-03-02 10:45:47', '2019-03-02 19:40:15', 534, 1, 'saturday_8.9', 0, 0, NULL, '2019-03-02 16:45:47', '2019-03-03 01:40:15'),
(16, 30, '2019-03-02', '2019-03-02 10:54:13', '2019-03-02 20:28:16', 574, 1, 'saturday_9.57', 0, 0, NULL, '2019-03-02 16:54:13', '2019-03-03 02:28:16'),
(17, 10, '2019-03-02', '2019-03-02 11:25:26', NULL, NULL, 1, 'saturday', 0, 0, NULL, '2019-03-02 17:25:26', '2019-03-02 17:25:26'),
(18, 31, '2019-03-02', '2019-03-02 12:17:30', NULL, NULL, 1, 'dhalf_12:17', 0, 0, NULL, '2019-03-02 18:17:30', '2019-03-02 18:17:30'),
(19, 13, '2019-03-02', '2019-03-02 12:17:57', '2019-03-02 20:11:26', 473, 1, 'saturday_7.88', 0, 0, NULL, '2019-03-02 18:17:57', '2019-03-03 02:11:26'),
(20, 28, '2019-03-02', '2019-03-02 12:13:24', '2019-03-02 19:33:42', 440, 1, 'saturday_7.34', 0, 0, NULL, '2019-03-03 01:10:24', '2019-03-03 01:33:42'),
(21, 11, '2019-03-03', '2019-03-03 10:27:30', '2019-03-03 16:22:26', 354, 1, 'sunday_5.9', 0, 0, NULL, '2019-03-03 16:27:30', '2019-03-03 22:22:26'),
(22, 16, '2019-03-03', '2019-03-03 12:12:55', '2019-03-03 17:13:10', 300, 1, 'sunday_5', 0, 0, NULL, '2019-03-03 18:12:55', '2019-03-03 23:13:10'),
(23, 8, '2019-03-04', '2019-03-04 09:24:44', '2019-03-04 19:20:42', 595, 1, '', 0, 0, NULL, '2019-03-04 15:24:44', '2019-03-05 01:20:42'),
(24, 13, '2019-03-04', '2019-03-04 09:26:43', '2019-03-04 20:05:14', 638, 1, '', 0, 0, NULL, '2019-03-04 15:26:43', '2019-03-05 02:05:14'),
(25, 26, '2019-03-04', '2019-03-04 09:26:49', '2019-03-04 19:48:56', 622, 1, '', 0, 0, NULL, '2019-03-04 15:26:49', '2019-03-05 01:48:56'),
(26, 25, '2019-03-04', '2019-03-04 09:28:08', NULL, NULL, 1, '', 0, 0, NULL, '2019-03-04 15:28:08', '2019-03-04 15:28:08'),
(27, 12, '2019-03-04', '2019-03-04 09:31:57', '2019-03-04 19:12:38', 580, 1, '', 0, 0, NULL, '2019-03-04 15:31:57', '2019-03-05 01:12:38'),
(28, 16, '2019-03-04', '2019-03-04 09:33:33', '2019-03-04 19:03:55', 570, 1, '', 0, 0, NULL, '2019-03-04 15:33:33', '2019-03-05 01:03:55'),
(29, 4, '2019-03-04', '2019-03-04 09:35:22', '2019-03-04 18:47:48', 552, 1, '', 0, 0, NULL, '2019-03-04 15:35:22', '2019-03-05 00:47:48'),
(30, 11, '2019-03-04', '2019-03-04 09:37:39', '2019-03-04 19:26:37', 588, 1, '', 0, 0, NULL, '2019-03-04 15:37:39', '2019-03-05 01:26:37'),
(31, 5, '2019-03-04', '2019-03-04 09:41:21', '2019-03-04 19:05:22', 564, 1, '', 0, 0, NULL, '2019-03-04 15:41:21', '2019-03-05 01:05:22'),
(32, 2, '2019-03-04', '2019-03-04 09:41:59', '2019-03-04 19:34:34', 592, 1, '', 0, 0, NULL, '2019-03-04 15:41:59', '2019-03-05 01:34:34'),
(33, 9, '2019-03-04', '2019-03-04 09:43:47', '2019-03-04 19:46:38', 602, 1, '', 0, 0, NULL, '2019-03-04 15:43:47', '2019-03-05 01:46:39'),
(34, 31, '2019-03-04', '2019-03-04 09:46:01', '2019-03-04 19:13:03', 567, 1, '', 0, 0, NULL, '2019-03-04 15:46:02', '2019-03-05 01:13:03'),
(35, 21, '2019-03-04', '2019-03-04 09:55:24', NULL, NULL, 1, '', 0, 0, NULL, '2019-03-04 15:55:24', '2019-03-04 15:55:24'),
(36, 24, '2019-03-04', '2019-03-04 10:00:30', '2019-03-04 19:06:46', 546, 1, '', 0, 0, NULL, '2019-03-04 16:00:30', '2019-03-05 01:06:46'),
(37, 23, '2019-03-04', '2019-03-04 10:01:49', '2019-03-04 19:19:34', 557, 1, '', 0, 0, NULL, '2019-03-04 16:01:49', '2019-03-05 01:19:34'),
(38, 29, '2019-03-04', '2019-03-04 10:02:31', '2019-03-04 20:00:07', 597, 1, '', 0, 0, NULL, '2019-03-04 16:02:31', '2019-03-05 02:00:07'),
(39, 28, '2019-03-04', '2019-03-04 10:03:14', '2019-03-04 19:34:01', 570, 1, '', 0, 0, NULL, '2019-03-04 16:03:14', '2019-03-05 01:34:01'),
(40, 22, '2019-03-04', '2019-03-04 10:04:38', '2019-03-04 19:32:39', 568, 1, '', 0, 0, NULL, '2019-03-04 16:04:38', '2019-03-05 01:32:39'),
(41, 27, '2019-03-04', '2019-03-04 10:42:43', NULL, NULL, 1, 'late_10:42', 0, 0, NULL, '2019-03-04 16:42:43', '2019-03-04 16:42:43'),
(42, 13, '2019-03-05', '2019-03-05 09:10:43', '2019-03-05 19:08:40', 597, 1, '', 0, 0, NULL, '2019-03-05 15:10:43', '2019-03-06 01:08:40'),
(43, 4, '2019-03-05', '2019-03-05 09:16:08', '2019-03-05 19:38:55', 622, 1, '', 0, 0, NULL, '2019-03-05 15:16:08', '2019-03-06 01:38:55'),
(44, 5, '2019-03-05', '2019-03-05 09:19:53', '2019-03-05 19:12:49', 592, 1, '', 0, 0, NULL, '2019-03-05 15:19:53', '2019-03-06 01:12:49'),
(45, 11, '2019-03-05', '2019-03-05 09:20:05', '2019-03-05 19:36:43', 616, 1, '', 0, 0, NULL, '2019-03-05 15:20:05', '2019-03-06 01:36:44'),
(46, 26, '2019-03-05', '2019-03-05 09:30:07', '2019-03-05 19:42:22', 612, 1, '', 0, 0, NULL, '2019-03-05 15:30:07', '2019-03-06 01:42:22'),
(47, 31, '2019-03-05', '2019-03-05 09:31:01', '2019-03-05 19:17:46', 586, 1, '', 0, 0, NULL, '2019-03-05 15:31:01', '2019-03-06 01:17:46'),
(48, 8, '2019-03-05', '2019-03-05 09:31:36', '2019-03-05 19:21:10', 589, 1, '', 0, 0, NULL, '2019-03-05 15:31:36', '2019-03-06 01:21:10'),
(49, 12, '2019-03-05', '2019-03-05 09:33:14', '2019-03-05 19:21:19', 588, 1, '', 0, 0, NULL, '2019-03-05 15:33:14', '2019-03-06 01:21:19'),
(50, 2, '2019-03-05', '2019-03-05 09:35:46', '2019-03-05 19:32:00', 596, 1, '', 0, 0, NULL, '2019-03-05 15:35:46', '2019-03-06 01:32:00'),
(51, 15, '2019-03-05', '2019-03-05 09:36:04', '2019-03-05 19:27:29', 591, 1, '', 0, 0, NULL, '2019-03-05 15:36:04', '2019-03-06 01:27:29'),
(52, 25, '2019-03-05', '2019-03-05 09:36:17', '2019-03-05 19:54:24', 618, 1, '', 0, 0, NULL, '2019-03-05 15:36:17', '2019-03-06 01:54:24'),
(53, 16, '2019-03-05', '2019-03-05 09:39:41', '2019-03-05 20:23:32', 643, 1, '', 0, 0, NULL, '2019-03-05 15:39:41', '2019-03-06 02:23:33'),
(54, 9, '2019-03-05', '2019-03-05 09:42:33', NULL, NULL, 1, 'late_09:42', 0, 0, NULL, '2019-03-05 15:42:33', '2019-03-05 15:42:33'),
(55, 20, '2019-03-05', '2019-03-05 09:52:49', NULL, NULL, 1, '', 0, 0, NULL, '2019-03-05 15:52:49', '2019-03-05 15:52:49'),
(56, 23, '2019-03-05', '2019-03-05 09:57:54', '2019-03-05 19:50:26', 592, 1, '', 0, 0, NULL, '2019-03-05 15:57:54', '2019-03-06 01:50:26'),
(57, 21, '2019-03-05', '2019-03-05 09:58:03', NULL, NULL, 1, '', 0, 0, NULL, '2019-03-05 15:58:03', '2019-03-05 15:58:03'),
(58, 22, '2019-03-05', '2019-03-05 10:01:41', '2019-03-05 19:37:52', 576, 1, '', 0, 0, NULL, '2019-03-05 16:01:41', '2019-03-06 01:37:52'),
(59, 3, '2019-03-05', '2019-03-05 10:03:53', NULL, NULL, 1, 'late_10:03', 0, 0, NULL, '2019-03-05 16:03:53', '2019-03-05 16:03:53'),
(60, 29, '2019-03-05', '2019-03-05 10:05:21', '2019-03-05 20:12:47', 607, 1, '', 0, 0, NULL, '2019-03-05 16:05:21', '2019-03-06 02:12:47'),
(61, 28, '2019-03-05', '2019-03-05 10:05:22', '2019-03-05 19:39:25', 574, 1, '', 0, 0, NULL, '2019-03-05 16:05:22', '2019-03-06 01:39:25'),
(62, 24, '2019-03-05', '2019-03-05 10:06:15', '2019-03-05 20:32:15', 626, 1, '', 0, 0, NULL, '2019-03-05 16:06:15', '2019-03-06 02:32:15'),
(63, 10, '2019-03-05', '2019-03-05 10:32:49', NULL, NULL, 1, '', 0, 0, NULL, '2019-03-05 16:32:49', '2019-03-05 16:32:49'),
(64, 5, '2019-03-06', '2019-03-06 09:12:40', '2019-03-06 19:14:07', 601, 1, '', 0, 0, NULL, '2019-03-06 15:12:40', '2019-03-07 01:14:07'),
(65, 13, '2019-03-06', '2019-03-06 09:22:26', '2019-03-06 19:23:34', 601, 1, '', 0, 0, NULL, '2019-03-06 15:22:26', '2019-03-07 01:23:34'),
(66, 11, '2019-03-06', '2019-03-06 09:24:59', '2019-03-06 18:49:41', 564, 1, '', 0, 0, NULL, '2019-03-06 15:24:59', '2019-03-07 00:49:41'),
(67, 4, '2019-03-06', '2019-03-06 09:26:47', '2019-03-06 19:03:11', 576, 1, '', 0, 0, NULL, '2019-03-06 15:26:47', '2019-03-07 01:03:11'),
(68, 26, '2019-03-06', '2019-03-06 09:27:38', '2019-03-06 19:41:09', 613, 1, '', 0, 0, NULL, '2019-03-06 15:27:38', '2019-03-07 01:41:09'),
(69, 12, '2019-03-06', '2019-03-06 09:27:51', '2019-03-06 19:07:24', 579, 1, '', 0, 0, NULL, '2019-03-06 15:27:51', '2019-03-07 01:07:24'),
(70, 16, '2019-03-06', '2019-03-06 09:31:28', '2019-03-06 19:14:35', 583, 1, '', 0, 0, NULL, '2019-03-06 15:31:28', '2019-03-07 01:14:35'),
(71, 8, '2019-03-06', '2019-03-06 09:32:00', '2019-03-06 19:35:00', 603, 1, '', 0, 0, NULL, '2019-03-06 15:32:14', '2019-03-19 00:03:03'),
(72, 15, '2019-03-06', '2019-03-06 09:33:41', '2019-03-06 19:04:19', 570, 1, '', 0, 0, NULL, '2019-03-06 15:33:41', '2019-03-07 01:04:19'),
(73, 2, '2019-03-06', '2019-03-06 09:34:11', '2019-03-06 19:42:25', 608, 1, '', 0, 0, NULL, '2019-03-06 15:34:11', '2019-03-07 01:42:25'),
(74, 31, '2019-03-06', '2019-03-06 09:36:47', '2019-03-06 19:47:11', 610, 1, '', 0, 0, NULL, '2019-03-06 15:36:47', '2019-03-07 01:47:11'),
(75, 9, '2019-03-06', '2019-03-06 09:37:29', '2019-03-06 19:06:52', 569, 1, '', 0, 0, NULL, '2019-03-06 15:37:29', '2019-03-07 01:06:52'),
(76, 25, '2019-03-06', '2019-03-06 09:39:49', '2019-03-06 19:15:13', 575, 1, '', 0, 0, NULL, '2019-03-06 15:39:49', '2019-03-07 01:15:13'),
(77, 21, '2019-03-06', '2019-03-06 09:54:32', '2019-03-06 20:03:04', 608, 1, '', 0, 0, NULL, '2019-03-06 15:54:32', '2019-03-07 02:03:04'),
(78, 22, '2019-03-06', '2019-03-06 09:58:36', '2019-03-06 19:30:07', 571, 1, '', 0, 0, NULL, '2019-03-06 15:58:36', '2019-03-07 01:30:07'),
(79, 23, '2019-03-06', '2019-03-06 10:07:40', '2019-03-06 19:30:07', 562, 1, '', 0, 0, NULL, '2019-03-06 16:07:40', '2019-03-07 01:30:07'),
(80, 28, '2019-03-06', '2019-03-06 10:09:08', '2019-03-06 19:41:40', 572, 1, '', 0, 0, NULL, '2019-03-06 16:09:08', '2019-03-07 01:41:40'),
(81, 30, '2019-03-06', '2019-03-06 10:14:39', '2019-03-06 20:38:32', 623, 1, '', 0, 0, NULL, '2019-03-06 16:14:39', '2019-03-07 02:38:32'),
(82, 29, '2019-03-06', '2019-03-06 10:22:17', '2019-03-06 20:00:10', 577, 1, '', 0, 0, NULL, '2019-03-06 16:22:18', '2019-03-07 02:00:10'),
(83, 24, '2019-03-06', '2019-03-06 10:24:31', '2019-03-06 19:59:37', 575, 1, '', 0, 0, NULL, '2019-03-06 16:24:31', '2019-03-07 01:59:37'),
(84, 32, '2019-03-06', '2019-03-06 16:18:25', '2019-03-06 20:01:37', 223, 1, 'half_day', 1, 0, '<b>Requested for half day</b><br>', '2019-03-06 22:18:25', '2019-03-14 22:46:22'),
(85, 13, '2019-03-07', '2019-03-07 09:15:07', '2019-03-07 19:21:25', 606, 1, '', 0, 0, NULL, '2019-03-07 15:15:07', '2019-03-08 01:21:25'),
(86, 26, '2019-03-07', '2019-03-07 09:28:42', '2019-03-07 19:44:35', 615, 1, '', 0, 0, NULL, '2019-03-07 15:28:42', '2019-03-08 01:44:36'),
(87, 11, '2019-03-07', '2019-03-07 09:32:58', '2019-03-07 19:09:46', 576, 1, '', 0, 0, NULL, '2019-03-07 15:32:58', '2019-03-08 01:09:46'),
(88, 16, '2019-03-07', '2019-03-07 09:32:59', '2019-03-07 19:28:56', 595, 1, '', 0, 0, NULL, '2019-03-07 15:32:59', '2019-03-08 01:28:56'),
(89, 5, '2019-03-07', '2019-03-07 09:33:32', NULL, NULL, 1, '', 0, 0, NULL, '2019-03-07 15:33:32', '2019-03-07 15:33:32'),
(90, 4, '2019-03-07', '2019-03-07 09:34:33', '2019-03-07 17:22:12', 467, 1, '', 1, 0, '<b>Requested for full day</b><br>Please adjust with my early leave hours.', '2019-03-07 15:34:33', '2019-03-14 22:27:40'),
(91, 15, '2019-03-07', '2019-03-07 09:34:50', '2019-03-07 19:17:33', 582, 1, '', 0, 0, NULL, '2019-03-07 15:34:50', '2019-03-08 01:17:33'),
(92, 31, '2019-03-07', '2019-03-07 09:37:10', '2019-03-07 19:34:05', 596, 1, '', 0, 0, NULL, '2019-03-07 15:37:10', '2019-03-08 01:34:05'),
(93, 2, '2019-03-07', '2019-03-07 09:39:48', '2019-03-07 20:23:02', 643, 1, '', 0, 0, NULL, '2019-03-07 15:39:48', '2019-03-08 02:23:02'),
(94, 9, '2019-03-07', '2019-03-07 09:40:01', '2019-03-07 19:20:35', 580, 1, '', 0, 0, NULL, '2019-03-07 15:40:01', '2019-03-08 01:20:35'),
(95, 25, '2019-03-07', '2019-03-07 09:40:18', '2019-03-07 19:30:41', 590, 1, '', 0, 0, NULL, '2019-03-07 15:40:18', '2019-03-08 01:30:41'),
(96, 14, '2019-03-07', '2019-03-07 09:44:53', '2019-03-07 19:40:21', 595, 1, 'late_09:44', 0, 0, NULL, '2019-03-07 15:44:53', '2019-03-08 01:40:21'),
(97, 27, '2019-03-07', '2019-03-07 09:59:42', '2019-03-07 19:04:51', 545, 1, 'late_09:59', 0, 0, NULL, '2019-03-07 15:59:42', '2019-03-08 01:04:51'),
(98, 22, '2019-03-07', '2019-03-07 10:02:35', '2019-03-07 19:30:06', 567, 1, '', 0, 0, NULL, '2019-03-07 16:02:35', '2019-03-08 01:30:06'),
(99, 23, '2019-03-07', '2019-03-07 10:02:39', '2019-03-07 19:39:12', 576, 1, '', 0, 0, NULL, '2019-03-07 16:02:39', '2019-03-08 01:39:12'),
(100, 30, '2019-03-07', '2019-03-07 10:04:08', '2019-03-07 20:28:00', 623, 1, '', 0, 0, NULL, '2019-03-07 16:04:08', '2019-03-07 16:04:08'),
(101, 21, '2019-03-07', '2019-03-07 10:05:08', '2019-03-07 20:25:41', 620, 1, '', 0, 0, NULL, '2019-03-07 16:05:08', '2019-03-08 02:25:41'),
(102, 28, '2019-03-07', '2019-03-07 10:07:29', '2019-03-07 19:40:44', 573, 1, '', 0, 0, NULL, '2019-03-07 16:07:29', '2019-03-08 01:40:44'),
(103, 3, '2019-03-07', '2019-03-07 10:08:31', '2019-03-07 19:49:17', 580, 1, '', 0, 0, NULL, '2019-03-07 16:08:31', '2019-03-08 01:49:17'),
(104, 29, '2019-03-07', '2019-03-07 10:28:23', '2019-03-07 20:02:19', 573, 1, '', 0, 0, NULL, '2019-03-07 16:28:23', '2019-03-08 02:02:19'),
(105, 10, '2019-03-07', '2019-03-07 10:30:30', '2019-03-07 20:06:07', 575, 1, '', 0, 0, NULL, '2019-03-07 16:30:30', '2019-03-08 02:06:07'),
(106, 32, '2019-03-07', '2019-03-07 14:52:31', '2019-03-07 20:04:12', 311, 1, 'half_day', 0, 0, NULL, '2019-03-07 20:52:31', '2019-03-08 02:04:12'),
(107, 5, '2019-03-08', '2019-03-08 09:15:03', NULL, NULL, 1, '', 0, 0, NULL, '2019-03-08 15:15:03', '2019-03-08 15:15:03'),
(108, 13, '2019-03-08', '2019-03-08 09:19:20', '2019-03-08 19:24:01', 604, 1, '', 0, 0, NULL, '2019-03-08 15:19:20', '2019-03-09 01:24:01'),
(109, 16, '2019-03-08', '2019-03-08 09:34:20', '2019-03-08 19:27:49', 593, 1, '', 0, 0, NULL, '2019-03-08 15:34:20', '2019-03-09 01:27:49'),
(110, 9, '2019-03-08', '2019-03-08 09:36:38', '2019-03-08 19:22:55', 586, 1, '', 0, 0, NULL, '2019-03-08 15:36:38', '2019-03-09 01:22:55'),
(111, 2, '2019-03-08', '2019-03-08 09:37:06', '2019-03-08 19:57:01', 619, 1, '', 0, 0, NULL, '2019-03-08 15:37:06', '2019-03-09 01:57:01'),
(112, 11, '2019-03-08', '2019-03-08 09:37:39', '2019-03-08 19:09:32', 571, 1, '', 0, 0, NULL, '2019-03-08 15:37:39', '2019-03-09 01:09:32'),
(113, 4, '2019-03-08', '2019-03-08 09:39:15', '2019-03-08 19:10:22', 571, 1, '', 0, 0, NULL, '2019-03-08 15:39:15', '2019-03-09 01:10:22'),
(114, 31, '2019-03-08', '2019-03-08 09:39:43', '2019-03-08 19:14:18', 574, 1, '', 0, 0, NULL, '2019-03-08 15:39:43', '2019-03-09 01:14:18'),
(115, 25, '2019-03-08', '2019-03-08 09:39:57', '2019-03-08 19:24:27', 584, 1, '', 0, 0, NULL, '2019-03-08 15:39:57', '2019-03-09 01:24:27'),
(116, 21, '2019-03-08', '2019-03-08 09:43:14', '2019-03-08 19:28:54', 585, 1, '', 0, 0, NULL, '2019-03-08 15:43:14', '2019-03-09 01:28:54'),
(117, 15, '2019-03-08', '2019-03-08 09:49:33', '2019-03-08 19:10:41', 561, 1, 'late_09:49', 0, 0, NULL, '2019-03-08 15:49:33', '2019-03-09 01:10:41'),
(118, 23, '2019-03-08', '2019-03-08 09:51:29', '2019-03-08 19:28:33', 577, 1, '', 0, 0, NULL, '2019-03-08 15:51:29', '2019-03-09 01:28:33'),
(119, 3, '2019-03-08', '2019-03-08 09:53:24', '2019-03-08 20:07:57', 614, 1, '', 0, 0, NULL, '2019-03-08 15:53:24', '2019-03-09 02:07:57'),
(120, 14, '2019-03-08', '2019-03-08 09:54:39', '2019-03-08 19:28:34', 573, 1, 'late_09:54', 0, 0, NULL, '2019-03-08 15:54:39', '2019-03-09 01:28:34'),
(121, 20, '2019-03-08', '2019-03-08 09:55:01', NULL, NULL, 1, '', 0, 0, NULL, '2019-03-08 15:55:01', '2019-03-08 15:55:01'),
(122, 27, '2019-03-08', '2019-03-08 09:55:29', '2019-03-08 19:25:38', 570, 1, 'late_09:55', 0, 0, NULL, '2019-03-08 15:55:29', '2019-03-09 01:25:38'),
(123, 28, '2019-03-08', '2019-03-08 10:05:26', '2019-03-08 19:36:04', 570, 1, '', 0, 0, NULL, '2019-03-08 16:05:26', '2019-03-09 01:36:04'),
(124, 30, '2019-03-08', '2019-03-08 10:25:42', '2019-03-08 20:29:50', 604, 1, '', 0, 0, NULL, '2019-03-08 16:25:42', '2019-03-09 02:29:50'),
(125, 29, '2019-03-08', '2019-03-08 10:27:29', '2019-03-08 20:01:55', 574, 1, '', 0, 0, NULL, '2019-03-08 16:27:29', '2019-03-09 02:01:55'),
(126, 10, '2019-03-08', '2019-03-08 10:28:02', '2019-03-08 20:09:26', 581, 1, '', 0, 0, NULL, '2019-03-08 16:28:02', '2019-03-09 02:09:26'),
(127, 32, '2019-03-08', '2019-03-08 14:46:29', '2019-03-08 19:19:21', 272, 1, 'half_day', 0, 0, NULL, '2019-03-08 20:46:29', '2019-03-09 01:19:21'),
(128, 13, '2019-03-09', '2019-03-09 09:16:04', '2019-03-09 20:05:58', 649, 1, '', 0, 0, NULL, '2019-03-09 15:16:04', '2019-03-10 02:05:58'),
(129, 4, '2019-03-09', '2019-03-09 09:34:32', '2019-03-09 19:03:33', 569, 1, '', 0, 0, NULL, '2019-03-09 15:34:32', '2019-03-10 01:03:33'),
(130, 16, '2019-03-09', '2019-03-09 09:34:53', '2019-03-09 19:24:02', 589, 1, '', 0, 0, NULL, '2019-03-09 15:34:53', '2019-03-10 01:24:02'),
(131, 2, '2019-03-09', '2019-03-09 09:35:36', '2019-03-09 19:08:18', 572, 1, '', 0, 0, NULL, '2019-03-09 15:35:36', '2019-03-10 01:08:18'),
(132, 9, '2019-03-09', '2019-03-09 09:36:03', '2019-03-09 19:09:55', 573, 1, '', 0, 0, NULL, '2019-03-09 15:36:03', '2019-03-10 01:09:55'),
(133, 15, '2019-03-09', '2019-03-09 09:38:10', '2019-03-09 19:05:20', 567, 1, '', 0, 0, NULL, '2019-03-09 15:38:10', '2019-03-10 01:05:20'),
(134, 25, '2019-03-09', '2019-03-09 09:41:14', '2019-03-09 20:07:37', 626, 1, '', 0, 0, NULL, '2019-03-09 15:41:14', '2019-03-10 02:07:37'),
(135, 21, '2019-03-09', '2019-03-09 09:51:13', '2019-03-09 19:30:56', 579, 1, '', 0, 0, NULL, '2019-03-09 15:51:13', '2019-03-10 01:30:56'),
(136, 22, '2019-03-09', '2019-03-09 10:02:19', '2019-03-09 19:12:45', 550, 1, '', 0, 0, NULL, '2019-03-09 16:02:19', '2019-03-10 01:12:45'),
(137, 31, '2019-03-09', '2019-03-09 10:02:40', '2019-03-09 19:12:00', 549, 1, 'late_10:02', 0, 0, NULL, '2019-03-09 16:02:40', '2019-03-10 01:12:00'),
(138, 23, '2019-03-09', '2019-03-09 10:02:48', '2019-03-09 19:10:57', 548, 1, '', 0, 0, NULL, '2019-03-09 16:02:48', '2019-03-10 01:10:57'),
(139, 3, '2019-03-09', '2019-03-09 10:02:54', '2019-03-09 18:59:00', 536, 1, '', 0, 0, NULL, '2019-03-09 16:02:54', '2019-03-10 00:59:00'),
(140, 28, '2019-03-09', '2019-03-09 10:05:17', '2019-03-09 19:36:05', 570, 1, '', 0, 0, NULL, '2019-03-09 16:05:17', '2019-03-10 01:36:05'),
(141, 27, '2019-03-09', '2019-03-09 10:06:36', '2019-03-09 19:09:46', 543, 1, '', 0, 0, NULL, '2019-03-09 16:06:36', '2019-03-10 01:09:46'),
(142, 32, '2019-03-09', '2019-03-09 10:08:27', '2019-03-09 19:37:34', 569, 1, 'late_10:08', 0, 0, NULL, '2019-03-09 16:08:27', '2019-03-10 01:37:34'),
(143, 30, '2019-03-09', '2019-03-09 10:19:01', '2019-03-09 20:08:27', 589, 1, '', 0, 0, NULL, '2019-03-09 16:19:01', '2019-03-10 02:08:27'),
(144, 10, '2019-03-09', '2019-03-09 10:30:56', '2019-03-09 20:07:46', 576, 1, '', 0, 0, NULL, '2019-03-09 16:30:56', '2019-03-10 02:07:46'),
(145, 29, '2019-03-09', '2019-03-09 10:34:54', '2019-03-09 20:07:45', 572, 1, '', 0, 0, NULL, '2019-03-09 16:34:54', '2019-03-10 02:07:45'),
(146, 14, '2019-03-09', '2019-03-09 10:36:19', '2019-03-09 20:10:52', 574, 1, '', 0, 0, NULL, '2019-03-09 16:36:19', '2019-03-10 02:10:52'),
(147, 11, '2019-03-09', '2019-03-09 10:59:00', '2019-03-09 19:04:02', 485, 1, 'late_10:59', 0, 0, NULL, '2019-03-09 16:59:00', '2019-03-10 01:04:02'),
(148, 26, '2019-03-09', '2019-03-09 14:34:54', '2019-03-09 19:36:44', 301, 1, '', 0, 0, NULL, '2019-03-09 20:34:54', '2019-03-10 01:36:44'),
(149, 32, '2019-03-10', '2019-03-10 12:40:47', '2019-03-10 16:53:03', 252, 1, 'sunday_4.2', 0, 0, NULL, '2019-03-10 17:40:48', '2019-03-10 21:53:03'),
(150, 25, '2019-03-10', '2019-03-10 13:36:28', '2019-03-10 17:02:32', 206, 1, 'sunday_3.43', 0, 0, NULL, '2019-03-10 18:36:28', '2019-03-10 22:02:32'),
(151, 13, '2019-03-11', '2019-03-11 08:44:25', '2019-03-11 19:33:33', 649, 1, '', 0, 0, NULL, '2019-03-11 13:44:25', '2019-03-12 00:33:33'),
(152, 12, '2019-03-11', '2019-03-11 09:27:05', '2019-03-11 19:48:43', 621, 1, '', 0, 0, NULL, '2019-03-11 14:27:05', '2019-03-12 00:48:43'),
(153, 26, '2019-03-11', '2019-03-11 09:29:52', '2019-03-11 20:01:07', 631, 1, '', 0, 0, NULL, '2019-03-11 14:29:53', '2019-03-12 01:01:07'),
(154, 11, '2019-03-11', '2019-03-11 09:30:26', '2019-03-11 19:07:13', 576, 1, '', 0, 0, NULL, '2019-03-11 14:30:26', '2019-03-12 00:07:13'),
(155, 5, '2019-03-11', '2019-03-11 09:31:35', NULL, NULL, 1, '', 0, 0, NULL, '2019-03-11 14:31:35', '2019-03-11 14:31:35'),
(156, 31, '2019-03-11', '2019-03-11 09:31:37', '2019-03-11 19:15:49', 584, 1, '', 0, 0, NULL, '2019-03-11 14:31:37', '2019-03-12 00:15:49'),
(157, 4, '2019-03-11', '2019-03-11 09:33:06', '2019-03-11 19:07:09', 574, 1, '', 0, 0, NULL, '2019-03-11 14:33:06', '2019-03-12 00:07:09'),
(158, 16, '2019-03-11', '2019-03-11 09:34:40', '2019-03-11 19:40:48', 606, 1, '', 0, 0, NULL, '2019-03-11 14:34:40', '2019-03-12 00:40:48'),
(159, 9, '2019-03-11', '2019-03-11 09:36:03', '2019-03-11 20:02:24', 626, 1, '', 0, 0, NULL, '2019-03-11 14:36:03', '2019-03-12 01:02:24'),
(160, 2, '2019-03-11', '2019-03-11 09:37:34', '2019-03-11 19:58:32', 620, 1, '', 0, 0, NULL, '2019-03-11 14:37:34', '2019-03-12 00:58:32'),
(161, 15, '2019-03-11', '2019-03-11 09:37:57', '2019-03-11 19:38:19', 600, 1, '', 0, 0, NULL, '2019-03-11 14:37:57', '2019-03-12 00:38:19'),
(162, 8, '2019-03-11', '2019-03-11 09:38:04', '2019-03-11 19:35:09', 597, 1, '', 0, 0, NULL, '2019-03-11 14:38:04', '2019-03-12 00:35:09'),
(163, 25, '2019-03-11', '2019-03-11 09:39:08', '2019-03-11 19:43:01', 603, 1, '', 0, 0, NULL, '2019-03-11 14:39:08', '2019-03-12 00:43:01'),
(164, 23, '2019-03-11', '2019-03-11 10:00:44', '2019-03-11 19:45:14', 584, 1, '', 0, 0, NULL, '2019-03-11 15:00:44', '2019-03-12 00:45:14'),
(165, 21, '2019-03-11', '2019-03-11 10:00:56', '2019-03-11 19:49:01', 588, 1, '', 0, 0, NULL, '2019-03-11 15:00:56', '2019-03-12 00:49:01'),
(166, 20, '2019-03-11', '2019-03-11 10:00:58', '2019-03-11 19:48:52', 587, 1, '', 0, 0, NULL, '2019-03-11 15:00:58', '2019-03-12 00:48:52'),
(167, 14, '2019-03-11', '2019-03-11 10:03:42', '2019-03-11 20:02:45', 599, 1, 'late_10:03', 0, 0, NULL, '2019-03-11 15:03:42', '2019-03-12 01:02:45'),
(168, 22, '2019-03-11', '2019-03-11 10:04:31', '2019-03-11 19:30:15', 565, 1, '', 0, 0, NULL, '2019-03-11 15:04:31', '2019-03-12 00:30:15'),
(169, 3, '2019-03-11', '2019-03-11 10:05:30', '2019-03-11 19:51:24', 585, 1, '', 0, 0, NULL, '2019-03-11 15:05:30', '2019-03-12 00:51:24'),
(170, 29, '2019-03-11', '2019-03-11 10:08:23', '2019-03-11 20:07:13', 598, 1, '', 0, 0, NULL, '2019-03-11 15:08:23', '2019-03-12 01:07:13'),
(171, 24, '2019-03-11', '2019-03-11 10:08:46', '2019-03-11 20:05:05', 596, 1, '', 0, 0, NULL, '2019-03-11 15:08:46', '2019-03-12 01:05:05'),
(172, 28, '2019-03-11', '2019-03-11 10:16:16', '2019-03-11 19:37:05', 560, 1, 'late_10:16', 0, 0, NULL, '2019-03-11 15:16:16', '2019-03-12 00:37:05'),
(173, 10, '2019-03-11', '2019-03-11 10:28:49', '2019-03-11 20:05:41', 576, 1, '', 0, 0, NULL, '2019-03-11 15:28:49', '2019-03-12 01:05:41'),
(174, 30, '2019-03-11', '2019-03-11 10:39:24', '2019-03-11 20:17:26', 578, 1, '', 0, 0, NULL, '2019-03-11 15:39:24', '2019-03-12 01:17:26'),
(175, 32, '2019-03-11', '2019-03-11 16:01:26', '2019-03-11 19:53:45', 232, 1, 'half_day', 1, 0, '<b>Requested for half day</b><br>', '2019-03-11 21:01:26', '2019-03-14 22:53:20'),
(176, 13, '2019-03-12', '2019-03-12 08:47:47', '2019-03-12 20:04:45', 676, 1, '', 0, 0, NULL, '2019-03-12 13:47:47', '2019-03-13 01:04:45'),
(177, 4, '2019-03-12', '2019-03-12 09:27:37', '2019-03-12 19:22:59', 595, 1, '', 0, 0, NULL, '2019-03-12 14:27:37', '2019-03-13 00:22:59'),
(178, 11, '2019-03-12', '2019-03-12 09:28:50', '2019-03-12 19:47:21', 618, 1, '', 0, 0, NULL, '2019-03-12 14:28:50', '2019-03-13 00:47:21'),
(179, 26, '2019-03-12', '2019-03-12 09:29:15', '2019-03-12 19:25:45', 596, 1, '', 0, 0, NULL, '2019-03-12 14:29:15', '2019-03-13 00:25:45'),
(180, 12, '2019-03-12', '2019-03-12 09:31:08', '2019-03-12 19:29:18', 598, 1, '', 0, 0, NULL, '2019-03-12 14:31:08', '2019-03-13 00:29:18'),
(181, 8, '2019-03-12', '2019-03-12 09:32:44', '2019-03-12 19:21:09', 588, 1, '', 0, 0, NULL, '2019-03-12 14:32:44', '2019-03-13 00:21:09'),
(182, 16, '2019-03-12', '2019-03-12 09:35:07', '2019-03-12 19:53:48', 618, 1, '', 0, 0, NULL, '2019-03-12 14:35:07', '2019-03-13 00:53:48'),
(183, 15, '2019-03-12', '2019-03-12 09:35:45', '2019-03-12 19:16:19', 580, 1, '', 0, 0, NULL, '2019-03-12 14:35:45', '2019-03-13 00:16:19'),
(184, 9, '2019-03-12', '2019-03-12 09:37:00', '2019-03-12 19:20:59', 583, 1, '', 0, 0, NULL, '2019-03-12 14:37:00', '2019-03-13 00:20:59'),
(185, 2, '2019-03-12', '2019-03-12 09:37:29', '2019-03-12 19:10:54', 573, 1, '', 0, 0, NULL, '2019-03-12 14:37:29', '2019-03-13 00:10:54'),
(186, 5, '2019-03-12', '2019-03-12 09:38:08', '2019-03-12 19:10:35', 572, 1, '', 0, 0, NULL, '2019-03-12 14:38:08', '2019-03-13 00:10:35'),
(187, 31, '2019-03-12', '2019-03-12 09:38:34', '2019-03-12 19:39:51', 601, 1, '', 0, 0, NULL, '2019-03-12 14:38:34', '2019-03-13 00:39:51'),
(188, 3, '2019-03-12', '2019-03-12 09:42:24', '2019-03-12 19:36:16', 593, 1, '', 0, 0, NULL, '2019-03-12 14:42:24', '2019-03-13 00:36:16'),
(189, 27, '2019-03-12', '2019-03-12 09:42:47', '2019-03-12 19:07:53', 565, 1, 'late_09:42', 0, 0, NULL, '2019-03-12 14:42:47', '2019-03-13 00:07:53'),
(190, 25, '2019-03-12', '2019-03-12 09:44:42', '2019-03-12 20:20:52', 636, 1, 'late_09:44', 0, 0, NULL, '2019-03-12 14:44:42', '2019-03-13 01:20:52'),
(191, 21, '2019-03-12', '2019-03-12 09:48:00', '2019-03-12 19:36:21', 588, 1, '', 0, 0, NULL, '2019-03-12 14:48:01', '2019-03-13 00:36:21'),
(192, 23, '2019-03-12', '2019-03-12 09:57:38', '2019-03-12 19:30:11', 572, 1, '', 0, 0, NULL, '2019-03-12 14:57:38', '2019-03-13 00:30:11'),
(193, 28, '2019-03-12', '2019-03-12 10:06:49', '2019-03-12 19:33:45', 566, 1, '', 0, 0, NULL, '2019-03-12 15:06:49', '2019-03-13 00:33:45'),
(194, 30, '2019-03-12', '2019-03-12 10:14:45', '2019-03-12 20:08:04', 593, 1, '', 0, 0, NULL, '2019-03-12 15:14:45', '2019-03-13 01:08:04'),
(195, 22, '2019-03-12', '2019-03-12 10:10:00', '2019-03-12 19:30:00', 560, 1, '', 0, 0, NULL, '2019-03-12 15:15:29', '2019-04-02 23:58:43'),
(196, 24, '2019-03-12', '2019-03-12 10:17:01', '2019-03-12 20:01:49', 584, 1, '', 0, 0, NULL, '2019-03-12 15:17:01', '2019-03-13 01:01:49'),
(197, 29, '2019-03-12', '2019-03-12 10:18:39', '2019-03-12 20:07:50', 589, 1, '', 0, 0, NULL, '2019-03-12 15:18:39', '2019-03-13 01:07:50'),
(198, 14, '2019-03-12', '2019-03-12 10:22:59', '2019-03-12 20:14:28', 591, 1, 'late_10:22', 0, 0, NULL, '2019-03-12 15:22:59', '2019-03-13 01:14:28'),
(199, 10, '2019-03-12', '2019-03-12 10:29:03', '2019-03-12 20:02:54', 573, 1, '', 0, 0, NULL, '2019-03-12 15:29:03', '2019-03-13 01:02:54'),
(200, 32, '2019-03-12', '2019-03-12 15:55:55', '2019-03-12 20:17:38', 261, 1, 'half_day', 1, 0, '<b>Requested for half day</b><br>', '2019-03-12 20:55:55', '2019-03-14 23:03:00'),
(201, 13, '2019-03-13', '2019-03-13 09:28:32', '2019-03-13 19:12:49', 584, 1, '', 0, 0, NULL, '2019-03-13 14:28:32', '2019-03-14 00:12:49'),
(202, 26, '2019-03-13', '2019-03-13 09:28:58', '2019-03-13 19:47:58', 619, 1, '', 0, 0, NULL, '2019-03-13 14:28:58', '2019-03-14 00:47:58'),
(203, 11, '2019-03-13', '2019-03-13 09:29:21', '2019-03-13 20:07:53', 638, 1, '', 0, 0, NULL, '2019-03-13 14:29:21', '2019-03-14 01:07:53'),
(204, 7, '2019-03-13', '2019-03-13 09:30:13', '2019-03-13 19:07:35', 577, 1, '', 0, 0, NULL, '2019-03-13 14:30:13', '2019-03-14 00:07:35'),
(205, 4, '2019-03-13', '2019-03-13 09:31:04', '2019-03-13 19:07:42', 576, 1, '', 0, 0, NULL, '2019-03-13 14:31:04', '2019-03-14 00:07:42'),
(206, 9, '2019-03-13', '2019-03-13 09:34:38', '2019-03-13 19:23:10', 588, 1, '', 0, 0, NULL, '2019-03-13 14:34:38', '2019-03-14 00:23:10'),
(207, 16, '2019-03-13', '2019-03-13 09:35:17', '2019-03-13 19:26:44', 591, 1, '', 0, 0, NULL, '2019-03-13 14:35:17', '2019-03-14 00:26:44'),
(208, 2, '2019-03-13', '2019-03-13 09:35:28', '2019-03-13 19:36:41', 601, 1, '', 0, 0, NULL, '2019-03-13 14:35:28', '2019-03-14 00:36:41'),
(209, 5, '2019-03-13', '2019-03-13 09:35:48', '2019-03-13 19:15:07', 579, 1, '', 0, 0, NULL, '2019-03-13 14:35:48', '2019-03-14 00:15:07'),
(210, 17, '2019-03-13', '2019-03-13 09:35:52', '2019-03-13 19:20:09', 584, 1, '', 0, 0, NULL, '2019-03-13 14:35:52', '2019-03-14 00:20:09'),
(211, 15, '2019-03-13', '2019-03-13 09:36:13', '2019-03-13 19:21:27', 585, 1, '', 0, 0, NULL, '2019-03-13 14:36:13', '2019-03-14 00:21:27'),
(212, 12, '2019-03-13', '2019-03-13 09:36:53', '2019-03-13 19:19:19', 582, 1, '', 0, 0, NULL, '2019-03-13 14:36:54', '2019-03-14 00:19:19'),
(213, 25, '2019-03-13', '2019-03-13 09:37:17', '2019-03-13 19:09:33', 572, 1, '', 0, 0, NULL, '2019-03-13 14:37:17', '2019-03-14 00:09:33'),
(214, 31, '2019-03-13', '2019-03-13 09:40:59', '2019-03-13 19:23:27', 582, 1, '', 0, 0, NULL, '2019-03-13 14:40:59', '2019-03-14 00:23:27'),
(215, 8, '2019-03-13', '2019-03-13 09:41:11', '2019-03-13 19:10:05', 568, 1, 'late_09:41', 0, 0, NULL, '2019-03-13 14:41:11', '2019-03-14 00:10:05'),
(216, 3, '2019-03-13', '2019-03-13 09:46:23', '2019-03-13 20:10:47', 624, 1, '', 0, 0, NULL, '2019-03-13 14:46:23', '2019-03-14 01:10:47'),
(217, 21, '2019-03-13', '2019-03-13 09:54:21', '2019-03-13 15:56:57', 362, 1, 'half_day', 0, 0, NULL, '2019-03-13 14:54:21', '2019-03-13 20:56:57'),
(218, 28, '2019-03-13', '2019-03-13 09:55:31', '2019-03-13 19:30:26', 574, 1, '', 0, 0, NULL, '2019-03-13 14:55:31', '2019-03-14 00:30:26'),
(219, 20, '2019-03-13', '2019-03-13 10:00:05', NULL, NULL, 1, '', 0, 0, NULL, '2019-03-13 15:00:05', '2019-03-13 15:00:05'),
(220, 27, '2019-03-13', '2019-03-13 10:02:01', '2019-03-13 19:04:36', 542, 1, 'late_10:02', 0, 0, NULL, '2019-03-13 15:02:01', '2019-03-14 00:04:36'),
(221, 22, '2019-03-13', '2019-03-13 10:08:35', '2019-03-13 19:36:06', 567, 1, '', 0, 0, NULL, '2019-03-13 15:08:35', '2019-03-14 00:36:06'),
(222, 23, '2019-03-13', '2019-03-13 10:10:09', '2019-03-13 19:16:54', 546, 1, '', 0, 0, NULL, '2019-03-13 15:10:09', '2019-03-14 00:16:54'),
(223, 24, '2019-03-13', '2019-03-13 10:18:40', '2019-03-13 20:07:16', 588, 1, '', 0, 0, NULL, '2019-03-13 15:18:41', '2019-03-14 01:07:16'),
(224, 29, '2019-03-13', '2019-03-13 10:19:44', '2019-03-13 20:07:09', 587, 1, '', 0, 0, NULL, '2019-03-13 15:19:44', '2019-03-14 01:07:10'),
(225, 14, '2019-03-13', '2019-03-13 10:22:55', '2019-03-13 20:10:26', 587, 1, 'late_10:22', 0, 0, NULL, '2019-03-13 15:22:55', '2019-03-14 01:10:26'),
(226, 30, '2019-03-13', '2019-03-13 10:25:25', '2019-03-13 20:10:23', 584, 1, '', 0, 0, NULL, '2019-03-13 15:25:25', '2019-03-14 01:10:23'),
(227, 10, '2019-03-13', '2019-03-13 10:31:31', '2019-03-13 20:11:04', 579, 1, '', 0, 0, NULL, '2019-03-13 15:31:31', '2019-03-14 01:11:04'),
(228, 32, '2019-03-13', '2019-03-13 15:07:47', '2019-03-13 19:28:47', 261, 1, 'half_day', 1, 0, '<b>Requested for half day</b><br>', '2019-03-13 20:07:47', '2019-03-22 18:34:16'),
(229, 13, '2019-03-14', '2019-03-14 09:19:19', '2019-03-14 19:06:59', 587, 1, '', 0, 0, NULL, '2019-03-14 14:19:19', '2019-03-15 00:06:59'),
(230, 5, '2019-03-14', '2019-03-14 09:21:08', '2019-03-14 19:08:34', 587, 1, '', 0, 0, NULL, '2019-03-14 14:21:08', '2019-03-15 00:08:34'),
(231, 26, '2019-03-14', '2019-03-14 09:30:26', '2019-03-14 19:38:32', 608, 1, '', 0, 0, NULL, '2019-03-14 14:30:26', '2019-03-15 00:38:32'),
(232, 16, '2019-03-14', '2019-03-14 09:30:50', '2019-03-14 20:02:18', 631, 1, '', 0, 0, NULL, '2019-03-14 14:30:50', '2019-03-15 01:02:18'),
(233, 11, '2019-03-14', '2019-03-14 09:31:57', '2019-03-14 19:41:36', 609, 1, '', 0, 0, NULL, '2019-03-14 14:31:57', '2019-03-15 00:41:36'),
(234, 4, '2019-03-14', '2019-03-14 09:32:01', '2019-03-14 19:00:28', 568, 1, '', 0, 0, NULL, '2019-03-14 14:32:01', '2019-03-15 00:00:28'),
(235, 31, '2019-03-14', '2019-03-14 09:33:10', '2019-03-14 19:10:01', 576, 1, '', 0, 0, NULL, '2019-03-14 14:33:10', '2019-03-15 00:10:01'),
(236, 9, '2019-03-14', '2019-03-14 09:35:45', '2019-03-14 19:36:29', 600, 1, '', 0, 0, NULL, '2019-03-14 14:35:45', '2019-03-15 00:36:29'),
(237, 8, '2019-03-14', '2019-03-14 09:38:52', '2019-03-14 19:27:36', 588, 1, '', 0, 0, NULL, '2019-03-14 14:38:52', '2019-03-15 00:27:37'),
(238, 12, '2019-03-14', '2019-03-14 09:40:10', '2019-03-14 19:48:48', 608, 1, '', 0, 0, NULL, '2019-03-14 14:40:10', '2019-03-15 00:48:48'),
(239, 2, '2019-03-14', '2019-03-14 09:40:19', '2019-03-14 18:51:34', 551, 1, '', 0, 0, NULL, '2019-03-14 14:40:19', '2019-03-14 23:51:35'),
(240, 25, '2019-03-14', '2019-03-14 09:47:10', '2019-03-14 15:10:21', 323, 1, 'half_day', 0, 0, NULL, '2019-03-14 14:47:10', '2019-03-14 20:10:21'),
(241, 27, '2019-03-14', '2019-03-14 09:47:21', NULL, NULL, 1, 'late_09:47', 0, 0, NULL, '2019-03-14 14:47:21', '2019-03-14 14:47:21'),
(242, 21, '2019-03-14', '2019-03-14 09:52:28', '2019-03-14 19:32:47', 580, 1, '', 0, 0, NULL, '2019-03-14 14:52:28', '2019-03-15 00:32:47'),
(243, 20, '2019-03-14', '2019-03-14 09:53:06', NULL, NULL, 1, '', 0, 0, NULL, '2019-03-14 14:53:06', '2019-03-14 14:53:06'),
(244, 22, '2019-03-14', '2019-03-14 09:59:19', '2019-03-14 19:30:29', 571, 1, '', 0, 0, NULL, '2019-03-14 14:59:19', '2019-03-15 00:30:29'),
(245, 23, '2019-03-14', '2019-03-14 09:59:40', '2019-03-14 20:05:36', 605, 1, '', 0, 0, NULL, '2019-03-14 14:59:40', '2019-03-15 01:05:36'),
(246, 17, '2019-03-14', '2019-03-14 10:02:54', NULL, NULL, 1, 'late_10:02', 0, 0, NULL, '2019-03-14 15:02:54', '2019-03-14 15:02:54'),
(247, 28, '2019-03-14', '2019-03-14 10:05:48', '2019-03-14 20:07:17', 601, 1, '', 0, 0, NULL, '2019-03-14 15:05:48', '2019-03-15 01:07:17'),
(248, 30, '2019-03-14', '2019-03-14 10:06:24', '2019-03-14 20:06:12', 599, 1, '', 0, 0, NULL, '2019-03-14 15:06:24', '2019-03-15 01:06:12'),
(249, 3, '2019-03-14', '2019-03-14 10:09:06', NULL, NULL, 1, '', 0, 0, NULL, '2019-03-14 15:09:06', '2019-03-14 15:09:06'),
(250, 14, '2019-03-14', '2019-03-14 10:16:42', NULL, NULL, 1, 'late_10:16', 0, 0, NULL, '2019-03-14 15:16:42', '2019-03-14 15:16:42'),
(251, 29, '2019-03-14', '2019-03-14 10:19:01', '2019-03-14 20:06:21', 587, 1, '', 0, 0, NULL, '2019-03-14 15:19:01', '2019-03-15 01:06:21'),
(252, 24, '2019-03-14', '2019-03-14 10:19:47', '2019-03-14 20:03:53', 584, 1, '', 0, 0, NULL, '2019-03-14 15:19:47', '2019-03-15 01:03:53'),
(253, 10, '2019-03-14', '2019-03-14 10:29:07', '2019-03-14 20:07:15', 578, 1, '', 0, 0, NULL, '2019-03-14 15:29:07', '2019-03-15 01:07:15'),
(254, 7, '2019-03-14', '2019-03-14 14:19:09', '2019-03-14 19:00:31', 281, 1, 'half_day', 0, 0, NULL, '2019-03-14 19:19:09', '2019-03-15 00:00:31'),
(255, 32, '2019-03-14', '2019-03-14 15:05:47', NULL, NULL, 1, 'dhalf_15:05', 0, 0, NULL, '2019-03-14 20:05:47', '2019-03-14 20:05:47'),
(256, 5, '2019-03-15', '2019-03-15 08:54:46', NULL, NULL, 1, '', 0, 0, NULL, '2019-03-15 13:54:46', '2019-03-15 13:54:46'),
(257, 13, '2019-03-15', '2019-03-15 09:00:58', '2019-03-15 15:29:23', 388, 1, 'half_day', 0, 0, NULL, '2019-03-15 14:00:59', '2019-03-15 20:29:23'),
(258, 15, '2019-03-15', '2019-03-15 09:21:56', '2019-03-15 19:05:53', 583, 1, '', 0, 0, NULL, '2019-03-15 14:21:56', '2019-03-16 00:05:53'),
(259, 26, '2019-03-15', '2019-03-15 09:29:17', '2019-03-15 19:36:41', 607, 1, '', 0, 0, NULL, '2019-03-15 14:29:17', '2019-03-16 00:36:41'),
(260, 7, '2019-03-15', '2019-03-15 09:29:34', '2019-03-15 19:01:13', 571, 1, '', 0, 0, NULL, '2019-03-15 14:29:34', '2019-03-16 00:01:14'),
(261, 4, '2019-03-15', '2019-03-15 09:29:43', '2019-03-15 19:02:46', 573, 1, '', 0, 0, NULL, '2019-03-15 14:29:43', '2019-03-16 00:02:46'),
(262, 11, '2019-03-15', '2019-03-15 09:34:08', '2019-03-15 19:09:23', 575, 1, '', 0, 0, NULL, '2019-03-15 14:34:08', '2019-03-16 00:09:23'),
(263, 12, '2019-03-15', '2019-03-15 09:34:13', '2019-03-15 16:04:22', 390, 1, 'half_day', 0, 0, NULL, '2019-03-15 14:34:13', '2019-03-15 21:04:22'),
(264, 17, '2019-03-15', '2019-03-15 09:34:27', NULL, NULL, 1, '', 0, 0, NULL, '2019-03-15 14:34:27', '2019-03-15 14:34:27'),
(265, 25, '2019-03-15', '2019-03-15 09:35:50', '2019-03-15 20:10:00', 634, 1, '', 0, 0, NULL, '2019-03-15 14:35:50', '2019-03-16 01:10:00'),
(266, 16, '2019-03-15', '2019-03-15 09:38:31', '2019-03-15 19:23:27', 584, 1, '', 0, 0, NULL, '2019-03-15 14:38:31', '2019-03-16 00:23:27'),
(267, 9, '2019-03-15', '2019-03-15 09:39:11', '2019-03-15 19:50:26', 611, 1, '', 0, 0, NULL, '2019-03-15 14:39:11', '2019-03-16 00:50:26'),
(268, 8, '2019-03-15', '2019-03-15 09:40:47', '2019-03-15 19:26:31', 585, 1, '', 0, 0, NULL, '2019-03-15 14:40:47', '2019-03-16 00:26:31'),
(269, 31, '2019-03-15', '2019-03-15 09:43:56', '2019-03-15 19:17:26', 573, 1, 'late_09:43', 0, 0, NULL, '2019-03-15 14:43:56', '2019-03-16 00:17:26'),
(270, 3, '2019-03-15', '2019-03-15 09:53:21', NULL, NULL, 1, '', 0, 0, NULL, '2019-03-15 14:53:21', '2019-03-15 14:53:21'),
(271, 27, '2019-03-15', '2019-03-15 09:55:17', '2019-03-15 20:43:58', 648, 1, 'late_09:55', 0, 0, NULL, '2019-03-15 14:55:17', '2019-03-16 01:43:58'),
(272, 24, '2019-03-15', '2019-03-15 09:57:18', '2019-03-15 19:00:18', 543, 1, '', 0, 0, NULL, '2019-03-15 14:57:18', '2019-03-16 00:00:18'),
(273, 22, '2019-03-15', '2019-03-15 09:57:36', '2019-03-15 19:20:44', 563, 1, '', 0, 0, NULL, '2019-03-15 14:57:36', '2019-03-16 00:20:44'),
(274, 23, '2019-03-15', '2019-03-15 10:00:27', '2019-03-15 20:12:08', 611, 1, '', 0, 0, NULL, '2019-03-15 15:00:27', '2019-03-16 01:12:08'),
(275, 28, '2019-03-15', '2019-03-15 10:10:44', '2019-03-15 19:46:35', 575, 1, '', 0, 0, NULL, '2019-03-15 15:10:44', '2019-03-16 00:46:35'),
(276, 29, '2019-03-15', '2019-03-15 10:22:50', '2019-03-15 20:04:54', 582, 1, '', 0, 0, NULL, '2019-03-15 15:22:50', '2019-03-16 01:04:54'),
(277, 10, '2019-03-15', '2019-03-15 10:23:41', NULL, NULL, 1, '', 0, 0, NULL, '2019-03-15 15:23:41', '2019-03-15 15:23:41'),
(278, 30, '2019-03-15', '2019-03-15 10:26:36', '2019-03-15 20:04:33', 577, 1, '', 0, 0, NULL, '2019-03-15 15:26:36', '2019-03-16 01:04:33'),
(279, 14, '2019-03-15', '2019-03-15 10:31:12', NULL, NULL, 1, 'late_10:31', 0, 0, NULL, '2019-03-15 15:31:12', '2019-03-15 15:31:12'),
(280, 32, '2019-03-15', '2019-03-15 15:02:24', '2019-03-15 20:38:04', 335, 1, 'half_day', 0, 0, NULL, '2019-03-15 20:02:24', '2019-03-16 01:38:04'),
(281, 17, '2019-03-16', '2019-03-16 09:23:41', NULL, NULL, 1, '', 0, 0, NULL, '2019-03-16 14:23:41', '2019-03-16 14:23:41'),
(282, 5, '2019-03-16', '2019-03-16 09:23:56', NULL, NULL, 1, 'saturday', 0, 0, NULL, '2019-03-16 14:23:56', '2019-03-16 14:23:56'),
(283, 31, '2019-03-16', '2019-03-16 09:37:33', '2019-03-16 19:06:07', 568, 1, '', 0, 0, NULL, '2019-03-16 14:37:33', '2019-03-17 00:06:07'),
(284, 14, '2019-03-16', '2019-03-16 10:24:46', NULL, NULL, 1, 'saturday', 0, 0, NULL, '2019-03-16 15:24:46', '2019-03-16 15:24:46'),
(285, 30, '2019-03-16', '2019-03-16 10:32:50', '2019-03-16 15:34:35', 301, 1, 'saturday_5.02', 0, 0, NULL, '2019-03-16 15:32:50', '2019-03-16 20:34:35'),
(286, 9, '2019-03-16', '2019-03-16 10:34:49', '2019-03-16 19:35:03', 540, 1, 'saturday_9', 0, 0, NULL, '2019-03-16 15:34:49', '2019-03-17 00:35:03'),
(287, 25, '2019-03-16', '2019-03-16 10:55:56', '2019-03-16 19:58:26', 542, 1, 'saturday_9.03', 0, 0, NULL, '2019-03-16 15:55:56', '2019-03-17 00:58:26'),
(288, 10, '2019-03-16', '2019-03-16 11:10:54', '2019-03-16 19:02:01', 471, 1, 'saturday_7.85', 0, 0, NULL, '2019-03-16 16:10:54', '2019-03-17 00:02:01'),
(289, 29, '2019-03-16', '2019-03-16 11:19:02', '2019-03-16 15:31:29', 252, 1, 'saturday_4.2', 0, 0, NULL, '2019-03-16 16:19:02', '2019-03-16 20:31:29'),
(290, 11, '2019-03-16', '2019-03-16 11:53:12', '2019-03-16 16:30:41', 277, 1, 'saturday_4.62', 0, 0, NULL, '2019-03-16 16:53:12', '2019-03-16 21:30:41'),
(291, 32, '2019-03-16', '2019-03-16 15:10:42', NULL, NULL, 1, 'dhalf_15:10', 0, 0, NULL, '2019-03-16 20:10:42', '2019-03-16 20:10:42'),
(292, 14, '2019-03-17', '2019-03-17 12:42:27', '2019-03-17 18:22:57', 340, 1, 'sunday_5.67', 0, 0, NULL, '2019-03-17 17:42:27', '2019-03-17 23:22:57'),
(293, 25, '2019-03-17', '2019-03-17 12:45:02', '2019-03-17 18:09:51', 324, 1, 'sunday_5.4', 0, 0, NULL, '2019-03-17 17:45:02', '2019-03-17 23:09:51'),
(294, 17, '2019-03-18', '2019-03-18 09:09:50', '2019-03-18 19:10:35', 600, 1, '', 0, 0, NULL, '2019-03-18 14:09:50', '2019-03-19 00:10:35'),
(295, 5, '2019-03-18', '2019-03-18 09:13:17', NULL, NULL, 1, '', 0, 0, NULL, '2019-03-18 14:13:17', '2019-03-18 14:13:17'),
(296, 15, '2019-03-18', '2019-03-18 09:21:57', '2019-03-18 19:15:59', 594, 1, '', 0, 0, NULL, '2019-03-18 14:21:57', '2019-03-19 00:15:59'),
(297, 26, '2019-03-18', '2019-03-18 09:28:04', '2019-03-18 19:41:54', 613, 1, '', 0, 0, NULL, '2019-03-18 14:28:04', '2019-03-19 00:41:54'),
(298, 11, '2019-03-18', '2019-03-18 09:28:06', '2019-03-18 19:31:01', 602, 1, '', 0, 0, NULL, '2019-03-18 14:28:06', '2019-03-19 00:31:01'),
(299, 8, '2019-03-18', '2019-03-18 09:34:06', '2019-03-18 19:04:23', 570, 1, '', 0, 0, NULL, '2019-03-18 14:34:07', '2019-03-19 00:04:23'),
(300, 4, '2019-03-18', '2019-03-18 09:34:07', '2019-03-18 19:06:39', 572, 1, '', 0, 0, NULL, '2019-03-18 14:34:07', '2019-03-19 00:06:39'),
(301, 7, '2019-03-18', '2019-03-18 09:34:14', '2019-03-18 19:05:54', 571, 1, '', 0, 0, NULL, '2019-03-18 14:34:14', '2019-03-19 00:05:54'),
(302, 13, '2019-03-18', '2019-03-18 09:34:51', '2019-03-18 20:16:04', 641, 1, '', 0, 0, NULL, '2019-03-18 14:34:51', '2019-03-19 01:16:04'),
(303, 9, '2019-03-18', '2019-03-18 09:37:21', '2019-03-18 19:52:14', 614, 1, '', 0, 0, NULL, '2019-03-18 14:37:21', '2019-03-19 00:52:14'),
(304, 25, '2019-03-18', '2019-03-18 09:37:43', '2019-03-18 20:16:23', 638, 1, '', 0, 0, NULL, '2019-03-18 14:37:43', '2019-03-19 01:16:23'),
(305, 2, '2019-03-18', '2019-03-18 09:38:36', '2019-03-18 19:42:15', 603, 1, '', 0, 0, NULL, '2019-03-18 14:38:36', '2019-03-19 00:42:15'),
(306, 22, '2019-03-18', '2019-03-18 09:38:55', '2019-03-18 19:34:00', 595, 1, '', 0, 0, NULL, '2019-03-18 14:38:55', '2019-03-19 00:34:00'),
(307, 14, '2019-03-18', '2019-03-18 09:38:57', '2019-03-18 19:20:03', 581, 1, '', 0, 0, NULL, '2019-03-18 14:38:57', '2019-03-19 00:20:03'),
(308, 27, '2019-03-18', '2019-03-18 09:42:22', '2019-03-18 18:02:23', 500, 1, 'late_09:42', 1, 0, '<b>Requested for full day</b><br>Dentist Appointment', '2019-03-18 14:42:22', '2019-03-18 23:23:17'),
(309, 31, '2019-03-18', '2019-03-18 09:42:00', '2019-03-18 19:13:00', 571, 1, '', 0, 0, NULL, '2019-03-18 14:42:57', '2019-03-19 22:38:02'),
(310, 3, '2019-03-18', '2019-03-18 09:44:40', NULL, NULL, 1, '', 0, 0, NULL, '2019-03-18 14:44:40', '2019-03-18 14:44:40'),
(311, 30, '2019-03-18', '2019-03-18 09:53:03', '2019-03-18 20:32:24', 639, 1, '', 0, 0, NULL, '2019-03-18 14:53:03', '2019-03-19 01:32:24'),
(312, 21, '2019-03-18', '2019-03-18 09:57:46', '2019-03-18 20:14:21', 616, 1, '', 0, 0, NULL, '2019-03-18 14:57:46', '2019-03-19 01:14:21'),
(313, 28, '2019-03-18', '2019-03-18 10:04:58', '2019-03-18 19:42:16', 577, 1, '', 0, 0, NULL, '2019-03-18 15:04:58', '2019-03-19 00:42:16'),
(314, 29, '2019-03-18', '2019-03-18 10:07:45', '2019-03-18 20:05:26', 597, 1, '', 0, 0, NULL, '2019-03-18 15:07:45', '2019-03-19 01:05:26'),
(315, 24, '2019-03-18', '2019-03-18 10:08:01', '2019-03-18 20:03:11', 595, 1, '', 0, 0, NULL, '2019-03-18 15:08:01', '2019-03-19 01:03:11'),
(316, 10, '2019-03-18', '2019-03-18 10:31:28', '2019-03-18 20:05:08', 573, 1, '', 0, 0, NULL, '2019-03-18 15:31:28', '2019-03-19 01:05:08'),
(317, 23, '2019-03-18', '2019-03-18 10:38:26', '2019-03-18 19:51:00', 552, 1, 'late_10:38', 0, 0, NULL, '2019-03-18 15:38:26', '2019-03-19 00:51:00'),
(318, 32, '2019-03-18', '2019-03-18 15:11:53', NULL, NULL, 1, 'dhalf_15:11', 0, 0, NULL, '2019-03-18 20:11:53', '2019-03-18 20:11:53'),
(319, 17, '2019-03-19', '2019-03-19 09:11:37', '2019-03-19 19:24:10', 612, 1, '', 0, 0, NULL, '2019-03-19 14:11:37', '2019-03-20 00:24:10'),
(320, 5, '2019-03-19', '2019-03-19 09:18:14', NULL, NULL, 1, '', 0, 0, NULL, '2019-03-19 14:18:14', '2019-03-19 14:18:14'),
(321, 13, '2019-03-19', '2019-03-19 09:25:57', '2019-03-19 19:48:31', 622, 1, '', 0, 0, NULL, '2019-03-19 14:25:57', '2019-03-20 00:48:31'),
(322, 11, '2019-03-19', '2019-03-19 09:27:07', '2019-03-19 19:08:11', 581, 1, '', 0, 0, NULL, '2019-03-19 14:27:07', '2019-03-20 00:08:11'),
(323, 26, '2019-03-19', '2019-03-19 09:27:41', '2019-03-19 19:36:17', 608, 1, '', 0, 0, NULL, '2019-03-19 14:27:41', '2019-03-20 00:36:17'),
(324, 7, '2019-03-19', '2019-03-19 09:29:04', '2019-03-19 19:06:03', 576, 1, '', 0, 0, NULL, '2019-03-19 14:29:05', '2019-03-20 00:06:03'),
(325, 8, '2019-03-19', '2019-03-19 09:30:47', '2019-03-19 19:15:31', 584, 1, '', 0, 0, NULL, '2019-03-19 14:30:47', '2019-03-20 00:15:31'),
(326, 4, '2019-03-19', '2019-03-19 09:31:08', '2019-03-19 19:02:55', 571, 1, '', 0, 0, NULL, '2019-03-19 14:31:08', '2019-03-20 00:02:55'),
(327, 25, '2019-03-19', '2019-03-19 09:35:44', '2019-03-19 19:59:49', 624, 1, '', 0, 0, NULL, '2019-03-19 14:35:44', '2019-03-20 00:59:49'),
(328, 9, '2019-03-19', '2019-03-19 09:36:49', '2019-03-19 19:22:39', 585, 1, '', 0, 0, NULL, '2019-03-19 14:36:49', '2019-03-20 00:22:39'),
(329, 31, '2019-03-19', '2019-03-19 09:37:55', '2019-03-19 19:16:58', 579, 1, '', 0, 0, NULL, '2019-03-19 14:37:55', '2019-03-20 00:16:58'),
(330, 2, '2019-03-19', '2019-03-19 09:39:59', '2019-03-19 20:08:03', 628, 1, '', 0, 0, NULL, '2019-03-19 14:39:59', '2019-03-20 01:08:03'),
(331, 14, '2019-03-19', '2019-03-19 09:41:33', '2019-03-19 19:18:15', 576, 1, 'late_09:41', 0, 0, NULL, '2019-03-19 14:41:33', '2019-03-20 00:18:15'),
(332, 16, '2019-03-19', '2019-03-19 09:41:39', NULL, NULL, 1, 'late_09:41', 0, 0, NULL, '2019-03-19 14:41:39', '2019-03-19 14:41:39'),
(333, 3, '2019-03-19', '2019-03-19 09:46:00', NULL, NULL, 1, '', 0, 0, NULL, '2019-03-19 14:46:00', '2019-03-19 14:46:00'),
(334, 27, '2019-03-19', '2019-03-19 09:46:56', '2019-03-19 20:00:46', 613, 1, 'late_09:46', 0, 0, NULL, '2019-03-19 14:46:56', '2019-03-20 01:00:46'),
(335, 23, '2019-03-19', '2019-03-19 10:02:53', '2019-03-19 19:42:51', 579, 1, '', 0, 0, NULL, '2019-03-19 15:02:53', '2019-03-20 00:42:51'),
(336, 21, '2019-03-19', '2019-03-19 10:03:16', '2019-03-19 20:09:16', 606, 1, '', 0, 0, NULL, '2019-03-19 15:03:16', '2019-03-20 01:09:16'),
(337, 28, '2019-03-19', '2019-03-19 10:03:30', '2019-03-19 19:34:39', 571, 1, '', 0, 0, NULL, '2019-03-19 15:03:30', '2019-03-20 00:34:39'),
(338, 20, '2019-03-19', '2019-03-19 10:05:23', NULL, NULL, 1, '', 0, 0, NULL, '2019-03-19 15:05:23', '2019-03-19 15:05:23'),
(339, 22, '2019-03-19', '2019-03-19 10:16:15', '2019-03-19 19:30:09', 553, 1, 'late_10:16', 0, 0, NULL, '2019-03-19 15:16:15', '2019-03-20 00:30:09'),
(340, 29, '2019-03-19', '2019-03-19 10:19:14', '2019-03-19 20:08:09', 588, 1, '', 0, 0, NULL, '2019-03-19 15:19:14', '2019-03-20 01:08:09'),
(341, 24, '2019-03-19', '2019-03-19 10:19:57', '2019-03-19 20:13:15', 593, 1, '', 0, 0, NULL, '2019-03-19 15:19:57', '2019-03-20 01:13:15'),
(342, 10, '2019-03-19', '2019-03-19 10:31:54', '2019-03-19 20:06:06', 574, 1, '', 0, 0, NULL, '2019-03-19 15:31:54', '2019-03-20 01:06:06'),
(343, 30, '2019-03-19', '2019-03-19 10:38:52', NULL, NULL, 1, '', 0, 0, NULL, '2019-03-19 15:38:52', '2019-03-19 15:38:52'),
(344, 32, '2019-03-19', '2019-03-19 15:32:26', '2019-03-19 20:03:02', 270, 1, 'half_day', 0, 0, NULL, '2019-03-19 20:32:27', '2019-03-20 01:03:02'),
(345, 5, '2019-03-20', '2019-03-20 08:47:16', NULL, NULL, 1, '', 0, 0, NULL, '2019-03-20 13:47:16', '2019-03-20 13:47:16'),
(346, 17, '2019-03-20', '2019-03-20 09:12:36', '2019-03-20 19:07:47', 595, 1, '', 0, 0, NULL, '2019-03-20 14:12:36', '2019-03-21 00:07:47'),
(347, 13, '2019-03-20', '2019-03-20 09:22:36', '2019-03-20 19:06:37', 584, 1, '', 0, 0, NULL, '2019-03-20 14:22:36', '2019-03-21 00:06:37'),
(348, 12, '2019-03-20', '2019-03-20 09:29:22', NULL, NULL, 1, '', 0, 0, NULL, '2019-03-20 14:29:22', '2019-03-20 14:29:22'),
(349, 16, '2019-03-20', '2019-03-20 09:32:01', '2019-03-20 14:56:23', 324, 1, 'half_day', 0, 0, NULL, '2019-03-20 14:32:01', '2019-03-20 19:56:23'),
(350, 26, '2019-03-20', '2019-03-20 09:32:24', '2019-03-20 19:16:55', 584, 1, '', 0, 0, NULL, '2019-03-20 14:32:24', '2019-03-21 00:16:55'),
(351, 7, '2019-03-20', '2019-03-20 09:32:30', '2019-03-20 18:33:02', 540, 1, '', 0, 0, NULL, '2019-03-20 14:32:30', '2019-03-20 23:33:02'),
(352, 4, '2019-03-20', '2019-03-20 09:33:02', '2019-03-20 18:33:26', 540, 1, '', 0, 0, NULL, '2019-03-20 14:33:02', '2019-03-20 23:33:26'),
(353, 8, '2019-03-20', '2019-03-20 09:33:11', '2019-03-20 19:10:03', 576, 1, '', 0, 0, NULL, '2019-03-20 14:33:11', '2019-03-21 00:10:03'),
(354, 9, '2019-03-20', '2019-03-20 09:34:57', '2019-03-20 19:10:32', 575, 1, '', 0, 0, NULL, '2019-03-20 14:34:57', '2019-03-21 00:10:32'),
(355, 14, '2019-03-20', '2019-03-20 09:35:30', '2019-03-20 13:33:19', 237, 1, 'half_day', 1, 0, '<b>Requested for half day</b><br>Going to Ganv', '2019-03-20 14:35:30', '2019-03-22 18:34:37'),
(356, 2, '2019-03-20', '2019-03-20 09:38:59', '2019-03-20 20:21:30', 642, 1, '', 0, 0, NULL, '2019-03-20 14:38:59', '2019-03-21 01:21:30'),
(357, 31, '2019-03-20', '2019-03-20 09:39:04', '2019-03-20 19:23:18', 584, 1, '', 0, 0, NULL, '2019-03-20 14:39:04', '2019-03-21 00:23:18'),
(358, 3, '2019-03-20', '2019-03-20 09:49:35', NULL, NULL, 1, '', 0, 0, NULL, '2019-03-20 14:49:35', '2019-03-20 14:49:35');
INSERT INTO `attendance_registers` (`attendance_register_id`, `admin_id`, `attendance_date`, `attendance_intime`, `attendance_outtime`, `attendance_total_time`, `attendance_status`, `attendance_key`, `attendance_isRequest`, `isRequest_status`, `attendance_desc`, `created_at`, `updated_at`) VALUES
(359, 21, '2019-03-20', '2019-03-20 09:51:55', '2019-03-20 20:25:07', 633, 1, '', 0, 0, NULL, '2019-03-20 14:51:55', '2019-03-21 01:25:07'),
(360, 22, '2019-03-20', '2019-03-20 09:52:07', '2019-03-20 16:49:11', 417, 1, '', 1, 0, '<b>Requested for full day</b><br>Please adjust this on my early leave', '2019-03-20 14:52:07', '2019-03-22 18:34:53'),
(361, 25, '2019-03-20', '2019-03-20 09:56:26', '2019-03-20 19:57:52', 601, 1, 'late_09:56', 0, 0, NULL, '2019-03-20 14:56:26', '2019-03-21 00:57:52'),
(362, 23, '2019-03-20', '2019-03-20 10:05:53', '2019-03-20 19:33:38', 567, 1, '', 0, 0, NULL, '2019-03-20 15:05:53', '2019-03-21 00:33:38'),
(363, 20, '2019-03-20', '2019-03-20 10:06:47', NULL, NULL, 1, '', 0, 0, NULL, '2019-03-20 15:06:47', '2019-03-20 15:06:47'),
(364, 28, '2019-03-20', '2019-03-20 10:09:22', '2019-03-20 19:51:38', 582, 1, '', 0, 0, NULL, '2019-03-20 15:09:22', '2019-03-21 00:51:38'),
(365, 24, '2019-03-20', '2019-03-20 10:15:10', NULL, NULL, 1, '', 0, 0, NULL, '2019-03-20 15:15:10', '2019-03-20 15:15:10'),
(366, 29, '2019-03-20', '2019-03-20 10:19:09', '2019-03-20 19:57:00', 577, 1, '', 0, 0, NULL, '2019-03-20 15:19:09', '2019-03-21 00:57:00'),
(367, 11, '2019-03-20', '2019-03-20 09:30:00', '2019-03-20 19:30:00', 600, 1, '', 0, 0, NULL, '2019-03-20 15:28:29', '2019-03-22 18:57:16'),
(368, 10, '2019-03-20', '2019-03-20 10:35:04', '2019-03-20 20:03:38', 568, 1, '', 0, 0, NULL, '2019-03-20 15:35:04', '2019-03-21 01:03:38'),
(369, 30, '2019-03-20', '2019-03-20 10:36:26', '2019-03-20 20:24:16', 587, 1, '', 0, 0, NULL, '2019-03-20 15:36:26', '2019-03-21 01:24:16'),
(370, 32, '2019-03-20', '2019-03-20 14:06:59', '2019-03-20 19:07:26', 300, 1, 'half_day', 0, 0, NULL, '2019-03-20 19:06:59', '2019-03-21 00:07:26'),
(371, 17, '2019-03-22', '2019-03-22 09:21:48', '2019-03-22 19:18:03', 596, 1, '', 0, 0, NULL, '2019-03-22 14:21:49', '2019-03-23 00:18:03'),
(372, 7, '2019-03-22', '2019-03-22 09:29:20', '2019-03-22 19:00:32', 571, 1, '', 0, 0, NULL, '2019-03-22 14:29:21', '2019-03-23 00:00:33'),
(373, 15, '2019-03-22', '2019-03-22 09:29:52', '2019-03-22 19:02:07', 572, 1, '', 0, 0, NULL, '2019-03-22 14:29:52', '2019-03-23 00:02:07'),
(374, 4, '2019-03-22', '2019-03-22 09:30:28', '2019-03-22 19:00:38', 570, 1, '', 0, 0, NULL, '2019-03-22 14:30:28', '2019-03-23 00:00:38'),
(375, 12, '2019-03-22', '2019-03-22 09:30:54', '2019-03-22 19:30:54', 600, 1, '', 0, 0, NULL, '2019-03-22 14:30:54', '2019-03-23 00:30:54'),
(376, 13, '2019-03-22', '2019-03-22 09:31:22', '2019-03-22 19:06:46', 575, 1, '', 0, 0, NULL, '2019-03-22 14:31:22', '2019-03-23 00:06:46'),
(377, 25, '2019-03-22', '2019-03-22 09:38:20', NULL, NULL, 1, '', 0, 0, NULL, '2019-03-22 14:38:20', '2019-03-22 14:38:20'),
(378, 3, '2019-03-22', '2019-03-22 09:38:43', '2019-03-22 20:17:36', 638, 1, '', 0, 0, NULL, '2019-03-22 14:38:43', '2019-03-23 01:17:36'),
(379, 26, '2019-03-22', '2019-03-22 09:38:50', '2019-03-22 19:32:42', 593, 1, '', 0, 0, NULL, '2019-03-22 14:38:50', '2019-03-23 00:32:42'),
(380, 9, '2019-03-22', '2019-03-22 09:39:12', '2019-03-22 19:39:23', 600, 1, '', 0, 0, NULL, '2019-03-22 14:39:12', '2019-03-23 00:39:23'),
(381, 21, '2019-03-22', '2019-03-22 09:39:51', '2019-03-22 19:42:31', 602, 1, '', 0, 0, NULL, '2019-03-22 14:39:51', '2019-03-23 00:42:31'),
(382, 8, '2019-03-22', '2019-03-22 09:39:59', '2019-03-22 19:16:50', 576, 1, '', 0, 0, NULL, '2019-03-22 14:39:59', '2019-03-23 00:16:50'),
(383, 2, '2019-03-22', '2019-03-22 09:40:13', NULL, NULL, 1, '', 0, 0, NULL, '2019-03-22 14:40:13', '2019-03-22 14:40:13'),
(384, 23, '2019-03-22', '2019-03-22 09:59:14', '2019-03-22 19:30:34', 571, 1, '', 0, 0, NULL, '2019-03-22 14:59:14', '2019-03-23 00:30:34'),
(385, 28, '2019-03-22', '2019-03-22 10:00:53', '2019-03-22 19:42:28', 581, 1, '', 0, 0, NULL, '2019-03-22 15:00:53', '2019-03-23 00:42:28'),
(386, 22, '2019-03-22', '2019-03-22 10:10:00', '2019-03-22 19:30:00', 560, 1, '', 0, 0, NULL, '2019-03-22 15:12:54', '2019-04-03 00:16:12'),
(387, 29, '2019-03-22', '2019-03-22 10:36:53', '2019-03-22 20:03:55', 567, 1, '', 0, 0, NULL, '2019-03-22 15:36:53', '2019-03-23 01:03:55'),
(388, 5, '2019-03-22', '2019-03-22 10:51:23', NULL, NULL, 1, 'late_10:51', 0, 0, NULL, '2019-03-22 15:51:23', '2019-03-22 15:51:23'),
(389, 11, '2019-03-22', '2019-03-22 10:51:29', '2019-03-22 19:09:04', 497, 1, 'late_10:51', 1, 0, '<b>Requested for full day</b><br>I completed my today\'s task please mark full day', '2019-03-22 15:51:29', '2019-03-23 17:09:47'),
(390, 10, '2019-03-22', '2019-03-22 11:03:03', '2019-03-22 20:23:21', 560, 1, 'late_11:03', 0, 0, NULL, '2019-03-22 16:03:03', '2019-03-23 01:23:21'),
(391, 30, '2019-03-22', '2019-03-22 11:05:14', '2019-03-22 20:24:44', 559, 1, 'late_11:05', 0, 0, NULL, '2019-03-22 16:05:14', '2019-03-23 01:24:44'),
(392, 16, '2019-03-22', '2019-03-22 12:10:23', '2019-03-22 19:13:02', 422, 1, 'dhalf_12:10', 1, 0, '<b>Requested for full day</b><br>Direct half day already applied.', '2019-03-22 17:10:23', '2019-03-23 17:11:31'),
(393, 32, '2019-03-22', '2019-03-22 15:07:34', '2019-03-22 19:50:17', 282, 1, 'half_day', 0, 0, NULL, '2019-03-22 20:07:34', '2019-03-23 00:50:17'),
(394, 5, '2019-03-23', '2019-03-23 09:15:17', '2019-03-23 18:24:57', 549, 1, '', 0, 0, NULL, '2019-03-23 14:15:17', '2019-03-23 23:24:57'),
(395, 18, '2019-03-23', '2019-03-23 09:20:21', NULL, NULL, 1, '', 0, 0, NULL, '2019-03-23 14:20:21', '2019-03-23 14:20:21'),
(396, 13, '2019-03-23', '2019-03-23 09:27:52', '2019-03-23 19:12:35', 584, 1, '', 0, 0, NULL, '2019-03-23 14:27:52', '2019-03-24 00:12:35'),
(397, 11, '2019-03-23', '2019-03-23 09:28:58', '2019-03-23 19:03:57', 574, 1, '', 0, 0, NULL, '2019-03-23 14:28:58', '2019-03-24 00:03:57'),
(398, 7, '2019-03-23', '2019-03-23 09:30:35', '2019-03-23 19:02:39', 572, 1, '', 0, 0, NULL, '2019-03-23 14:30:35', '2019-03-24 00:02:39'),
(399, 4, '2019-03-23', '2019-03-23 09:31:41', '2019-03-23 19:03:05', 571, 1, '', 0, 0, NULL, '2019-03-23 14:31:41', '2019-03-24 00:03:05'),
(400, 15, '2019-03-23', '2019-03-23 09:32:51', '2019-03-23 19:11:42', 578, 1, '', 0, 0, NULL, '2019-03-23 14:32:51', '2019-03-24 00:11:42'),
(401, 26, '2019-03-23', '2019-03-23 09:33:22', NULL, NULL, 1, '', 0, 0, NULL, '2019-03-23 14:33:22', '2019-03-23 14:33:22'),
(402, 12, '2019-03-23', '2019-03-23 09:34:26', '2019-03-23 20:05:45', 631, 1, '', 0, 0, NULL, '2019-03-23 14:34:26', '2019-03-24 01:05:45'),
(403, 31, '2019-03-23', '2019-03-23 09:34:27', '2019-03-23 19:09:36', 575, 1, '', 0, 0, NULL, '2019-03-23 14:34:27', '2019-03-24 00:09:37'),
(404, 16, '2019-03-23', '2019-03-23 09:35:09', '2019-03-23 19:05:20', 570, 1, '', 0, 0, NULL, '2019-03-23 14:35:09', '2019-03-24 00:05:20'),
(405, 17, '2019-03-23', '2019-03-23 09:36:29', '2019-03-23 19:13:06', 576, 1, '', 0, 0, NULL, '2019-03-23 14:36:29', '2019-03-24 00:13:06'),
(406, 8, '2019-03-23', '2019-03-23 09:37:24', '2019-03-23 19:02:38', 565, 1, '', 0, 0, NULL, '2019-03-23 14:37:24', '2019-03-24 00:02:38'),
(407, 9, '2019-03-23', '2019-03-23 09:38:53', '2019-03-23 19:09:05', 570, 1, '', 0, 0, NULL, '2019-03-23 14:38:53', '2019-03-24 00:09:05'),
(408, 25, '2019-03-23', '2019-03-23 09:39:58', '2019-03-23 19:44:05', 604, 1, '', 0, 0, NULL, '2019-03-23 14:39:58', '2019-03-24 00:44:05'),
(409, 3, '2019-03-23', '2019-03-23 09:40:59', NULL, NULL, 1, '', 0, 0, NULL, '2019-03-23 14:40:59', '2019-03-23 14:40:59'),
(410, 29, '2019-03-23', '2019-03-23 09:43:06', '2019-03-23 20:03:21', 620, 1, '', 0, 0, NULL, '2019-03-23 14:43:06', '2019-03-24 01:03:21'),
(411, 21, '2019-03-23', '2019-03-23 09:44:44', '2019-03-23 19:10:13', 565, 1, '', 0, 0, NULL, '2019-03-23 14:44:44', '2019-03-24 00:10:13'),
(412, 2, '2019-03-23', '2019-03-23 09:46:30', '2019-03-23 19:08:16', 561, 1, 'late_09:46', 0, 0, NULL, '2019-03-23 14:46:30', '2019-03-24 00:08:16'),
(413, 22, '2019-03-23', '2019-03-23 09:59:04', '2019-03-23 19:09:14', 550, 1, '', 0, 0, NULL, '2019-03-23 14:59:04', '2019-03-24 00:09:14'),
(414, 28, '2019-03-23', '2019-03-23 10:03:09', '2019-03-23 19:36:09', 573, 1, '', 0, 0, NULL, '2019-03-23 15:03:09', '2019-03-24 00:36:09'),
(415, 23, '2019-03-23', '2019-03-23 10:03:53', '2019-03-23 19:19:59', 556, 1, '', 0, 0, NULL, '2019-03-23 15:03:53', '2019-03-24 00:19:59'),
(416, 30, '2019-03-23', '2019-03-23 10:27:20', '2019-03-23 20:04:00', 576, 1, '', 0, 0, NULL, '2019-03-23 15:27:20', '2019-03-24 01:04:00'),
(417, 10, '2019-03-23', '2019-03-23 10:28:58', NULL, NULL, 1, '', 0, 0, NULL, '2019-03-23 15:28:58', '2019-03-23 15:28:58'),
(418, 14, '2019-03-23', '2019-03-23 11:19:08', '2019-03-23 19:30:16', 491, 1, 'late_11:19', 1, 0, '<b>Requested for full day</b><br>Family work', '2019-03-23 16:19:08', '2019-03-27 15:20:03'),
(419, 32, '2019-03-23', '2019-03-23 15:11:50', '2019-03-23 19:43:17', 271, 1, 'half_day', 0, 0, NULL, '2019-03-23 20:11:50', '2019-03-24 00:43:17'),
(420, 13, '2019-03-24', '2019-03-24 10:50:32', '2019-03-24 18:10:38', 440, 1, 'sunday_7.33', 0, 0, NULL, '2019-03-24 15:50:32', '2019-03-24 23:10:38'),
(421, 25, '2019-03-24', '2019-03-24 12:42:47', '2019-03-24 18:10:12', 327, 1, 'sunday_5.45', 0, 0, NULL, '2019-03-24 17:42:47', '2019-03-24 23:10:12'),
(422, 14, '2019-03-24', '2019-03-24 12:43:42', '2019-03-24 18:16:50', 333, 1, 'sunday_5.55', 0, 0, NULL, '2019-03-24 17:43:42', '2019-03-24 23:16:50'),
(423, 18, '2019-03-25', '2019-03-25 09:14:47', NULL, NULL, 1, '', 0, 0, NULL, '2019-03-25 14:14:47', '2019-03-25 14:14:47'),
(424, 17, '2019-03-25', '2019-03-25 09:26:28', '2019-03-25 19:17:35', 591, 1, '', 0, 0, NULL, '2019-03-25 14:26:28', '2019-03-26 00:17:35'),
(425, 7, '2019-03-25', '2019-03-25 09:26:35', '2019-03-25 19:00:20', 573, 1, '', 0, 0, NULL, '2019-03-25 14:26:35', '2019-03-26 00:00:20'),
(426, 11, '2019-03-25', '2019-03-25 09:27:23', '2019-03-25 19:17:14', 589, 1, '', 0, 0, NULL, '2019-03-25 14:27:23', '2019-03-26 00:17:14'),
(427, 4, '2019-03-25', '2019-03-25 09:27:44', '2019-03-25 19:01:24', 573, 1, '', 0, 0, NULL, '2019-03-25 14:27:44', '2019-03-26 00:01:24'),
(428, 15, '2019-03-25', '2019-03-25 09:30:38', '2019-03-25 19:18:27', 587, 1, '', 0, 0, NULL, '2019-03-25 14:30:38', '2019-03-26 00:18:27'),
(429, 26, '2019-03-25', '2019-03-25 09:31:52', '2019-03-25 19:44:42', 612, 1, '', 0, 0, NULL, '2019-03-25 14:31:52', '2019-03-26 00:44:42'),
(430, 5, '2019-03-25', '2019-03-25 09:31:53', '2019-03-25 19:09:58', 578, 1, '', 0, 0, NULL, '2019-03-25 14:31:53', '2019-03-26 00:09:58'),
(431, 16, '2019-03-25', '2019-03-25 09:34:58', '2019-03-25 19:17:40', 582, 1, '', 0, 0, NULL, '2019-03-25 14:34:58', '2019-03-26 00:17:40'),
(432, 31, '2019-03-25', '2019-03-25 09:36:38', '2019-03-25 19:10:54', 574, 1, '', 0, 0, NULL, '2019-03-25 14:36:38', '2019-03-26 00:10:54'),
(433, 2, '2019-03-25', '2019-03-25 09:39:07', '2019-03-25 19:29:16', 590, 1, '', 0, 0, NULL, '2019-03-25 14:39:07', '2019-03-26 00:29:16'),
(434, 12, '2019-03-25', '2019-03-25 09:39:45', '2019-03-25 19:08:41', 568, 1, '', 0, 0, NULL, '2019-03-25 14:39:45', '2019-03-26 00:08:41'),
(435, 8, '2019-03-25', '2019-03-25 09:41:45', '2019-03-25 19:00:52', 559, 1, 'late_09:41', 0, 0, NULL, '2019-03-25 14:41:45', '2019-03-26 00:00:52'),
(436, 25, '2019-03-25', '2019-03-25 09:42:07', '2019-03-25 19:13:46', 571, 1, 'late_09:42', 0, 0, NULL, '2019-03-25 14:42:07', '2019-03-26 00:13:46'),
(437, 27, '2019-03-25', '2019-03-25 09:48:21', NULL, NULL, 1, 'late_09:48', 0, 0, NULL, '2019-03-25 14:48:21', '2019-03-25 14:48:21'),
(438, 21, '2019-03-25', '2019-03-25 09:49:18', '2019-03-25 19:33:08', 583, 1, '', 0, 0, NULL, '2019-03-25 14:49:18', '2019-03-26 00:33:08'),
(439, 14, '2019-03-25', '2019-03-25 09:52:43', '2019-03-25 19:24:59', 572, 1, 'late_09:52', 0, 0, NULL, '2019-03-25 14:52:43', '2019-03-26 00:24:59'),
(440, 23, '2019-03-25', '2019-03-25 09:55:55', '2019-03-25 19:31:14', 575, 1, '', 0, 0, NULL, '2019-03-25 14:55:55', '2019-03-26 00:31:14'),
(441, 20, '2019-03-25', '2019-03-25 10:01:59', NULL, NULL, 1, '', 0, 0, NULL, '2019-03-25 15:01:59', '2019-03-25 15:01:59'),
(442, 28, '2019-03-25', '2019-03-25 10:06:33', '2019-03-25 19:36:31', 569, 1, '', 0, 0, NULL, '2019-03-25 15:06:33', '2019-03-26 00:36:31'),
(443, 22, '2019-03-25', '2019-03-25 10:06:51', '2019-03-25 19:30:25', 563, 1, '', 0, 0, NULL, '2019-03-25 15:06:51', '2019-03-26 00:30:25'),
(444, 24, '2019-03-25', '2019-03-25 10:08:18', '2019-03-25 19:59:05', 590, 1, '', 0, 0, NULL, '2019-03-25 15:08:18', '2019-03-26 00:59:05'),
(445, 3, '2019-03-25', '2019-03-25 10:09:34', '2019-03-25 19:17:15', 547, 1, '', 0, 0, NULL, '2019-03-25 15:09:34', '2019-03-26 00:17:15'),
(446, 29, '2019-03-25', '2019-03-25 10:10:31', '2019-03-25 20:02:33', 592, 1, '', 0, 0, NULL, '2019-03-25 15:10:31', '2019-03-26 01:02:33'),
(447, 30, '2019-03-25', '2019-03-25 10:22:00', '2019-03-25 19:28:00', 546, 1, '', 0, 0, NULL, '2019-03-25 15:22:34', '2019-03-29 15:28:17'),
(448, 10, '2019-03-25', '2019-03-25 10:31:58', '2019-03-25 20:02:05', 570, 1, '', 0, 0, NULL, '2019-03-25 15:31:58', '2019-03-26 01:02:05'),
(449, 13, '2019-03-25', '2019-03-25 10:39:21', '2019-03-25 19:18:41', 519, 1, 'late_10:39', 1, 0, '<b>Requested for full day</b><br>first late', '2019-03-25 15:39:21', '2019-03-27 21:33:02'),
(450, 32, '2019-03-25', '2019-03-25 15:59:56', '2019-03-25 20:02:44', 242, 1, 'half_day', 1, 0, '<b>Requested for half day</b><br>Exam time', '2019-03-25 20:59:56', '2019-03-27 21:33:19'),
(451, 18, '2019-03-26', '2019-03-26 08:42:27', NULL, NULL, 1, '', 0, 0, NULL, '2019-03-26 13:42:27', '2019-03-26 13:42:27'),
(452, 17, '2019-03-26', '2019-03-26 08:53:07', '2019-03-26 19:20:56', 627, 1, '', 0, 0, NULL, '2019-03-26 13:53:07', '2019-03-27 00:20:56'),
(453, 11, '2019-03-26', '2019-03-26 09:22:38', '2019-03-26 19:43:31', 620, 1, '', 0, 0, NULL, '2019-03-26 14:22:38', '2019-03-27 00:43:31'),
(454, 13, '2019-03-26', '2019-03-26 09:30:27', '2019-03-26 19:23:57', 593, 1, '', 0, 0, NULL, '2019-03-26 14:30:28', '2019-03-27 00:23:57'),
(455, 7, '2019-03-26', '2019-03-26 09:31:43', '2019-03-26 19:02:55', 571, 1, '', 0, 0, NULL, '2019-03-26 14:31:43', '2019-03-27 00:02:55'),
(456, 4, '2019-03-26', '2019-03-26 09:33:03', '2019-03-26 19:06:11', 573, 1, '', 0, 0, NULL, '2019-03-26 14:33:03', '2019-03-27 00:06:11'),
(457, 25, '2019-03-26', '2019-03-26 09:33:21', '2019-03-26 19:22:37', 589, 1, '', 0, 0, NULL, '2019-03-26 14:33:21', '2019-03-27 00:22:37'),
(458, 16, '2019-03-26', '2019-03-26 09:33:55', '2019-03-26 19:29:23', 595, 1, '', 0, 0, NULL, '2019-03-26 14:33:55', '2019-03-27 00:29:23'),
(459, 26, '2019-03-26', '2019-03-26 09:34:22', '2019-03-26 19:42:41', 608, 1, '', 0, 0, NULL, '2019-03-26 14:34:22', '2019-03-27 00:42:41'),
(460, 8, '2019-03-26', '2019-03-26 09:35:07', NULL, NULL, 1, '', 0, 0, NULL, '2019-03-26 14:35:07', '2019-03-26 14:35:07'),
(461, 2, '2019-03-26', '2019-03-26 09:36:26', '2019-03-26 19:37:45', 601, 1, '', 0, 0, NULL, '2019-03-26 14:36:26', '2019-03-27 00:37:45'),
(462, 27, '2019-03-26', '2019-03-26 09:43:55', '2019-03-26 19:17:34', 573, 1, 'late_09:43', 0, 0, NULL, '2019-03-26 14:43:55', '2019-03-27 00:17:34'),
(463, 31, '2019-03-26', '2019-03-26 09:45:32', '2019-03-26 19:22:43', 577, 1, 'late_09:45', 0, 0, NULL, '2019-03-26 14:45:32', '2019-03-27 00:22:43'),
(464, 12, '2019-03-26', '2019-03-26 09:45:41', '2019-03-26 19:24:21', 578, 1, 'late_09:45', 0, 0, NULL, '2019-03-26 14:45:41', '2019-03-27 00:24:21'),
(465, 15, '2019-03-26', '2019-03-26 09:40:00', '2019-03-26 19:22:00', 582, 1, '', 0, 0, NULL, '2019-03-26 14:47:12', '2019-03-30 20:29:41'),
(466, 21, '2019-03-26', '2019-03-26 09:48:24', '2019-03-26 19:47:37', 599, 1, '', 0, 0, NULL, '2019-03-26 14:48:24', '2019-03-27 00:47:37'),
(467, 3, '2019-03-26', '2019-03-26 09:49:33', '2019-03-26 19:47:56', 598, 1, '', 0, 0, NULL, '2019-03-26 14:49:33', '2019-03-27 00:47:56'),
(468, 20, '2019-03-26', '2019-03-26 09:53:04', NULL, NULL, 1, '', 0, 0, NULL, '2019-03-26 14:53:04', '2019-03-26 14:53:04'),
(469, 23, '2019-03-26', '2019-03-26 09:55:15', '2019-03-26 19:30:13', 574, 1, '', 0, 0, NULL, '2019-03-26 14:55:15', '2019-03-27 00:30:13'),
(470, 14, '2019-03-26', '2019-03-26 09:58:43', '2019-03-26 19:31:02', 572, 1, 'late_09:58', 0, 0, NULL, '2019-03-26 14:58:43', '2019-03-27 00:31:02'),
(471, 28, '2019-03-26', '2019-03-26 10:01:10', '2019-03-26 19:30:07', 568, 1, '', 0, 0, NULL, '2019-03-26 15:01:10', '2019-03-27 00:30:07'),
(472, 22, '2019-03-26', '2019-03-26 10:02:09', '2019-03-26 19:33:41', 571, 1, '', 0, 0, NULL, '2019-03-26 15:02:09', '2019-03-27 00:33:41'),
(473, 24, '2019-03-26', '2019-03-26 10:08:24', '2019-03-26 19:54:06', 585, 1, '', 0, 0, NULL, '2019-03-26 15:08:24', '2019-03-27 00:54:06'),
(474, 29, '2019-03-26', '2019-03-26 10:09:12', '2019-03-26 19:59:40', 590, 1, '', 0, 0, NULL, '2019-03-26 15:09:12', '2019-03-27 00:59:40'),
(475, 30, '2019-03-26', '2019-03-26 10:23:13', '2019-03-26 20:10:17', 587, 1, '', 0, 0, NULL, '2019-03-26 15:23:13', '2019-03-27 01:10:17'),
(476, 10, '2019-03-26', '2019-03-26 10:31:20', NULL, NULL, 1, '', 0, 0, NULL, '2019-03-26 15:31:20', '2019-03-26 15:31:20'),
(477, 18, '2019-03-27', '2019-03-27 09:02:02', NULL, NULL, 1, '', 0, 0, NULL, '2019-03-27 14:02:02', '2019-03-27 14:02:02'),
(478, 17, '2019-03-27', '2019-03-27 09:13:54', '2019-03-27 19:21:29', 607, 1, '', 0, 0, NULL, '2019-03-27 14:13:54', '2019-03-28 00:21:29'),
(479, 15, '2019-03-27', '2019-03-27 09:20:53', '2019-03-27 19:00:39', 579, 1, '', 0, 0, NULL, '2019-03-27 14:20:53', '2019-03-28 00:00:40'),
(480, 5, '2019-03-27', '2019-03-27 09:22:55', '2019-03-27 19:05:34', 582, 1, '', 0, 0, NULL, '2019-03-27 14:22:55', '2019-03-28 00:05:34'),
(481, 7, '2019-03-27', '2019-03-27 09:27:31', '2019-03-27 19:03:13', 575, 1, '', 0, 0, NULL, '2019-03-27 14:27:31', '2019-03-28 00:03:13'),
(482, 11, '2019-03-27', '2019-03-27 09:28:49', '2019-03-27 19:03:49', 575, 1, '', 0, 0, NULL, '2019-03-27 14:28:49', '2019-03-28 00:03:49'),
(483, 8, '2019-03-27', '2019-03-27 09:35:32', '2019-03-27 18:41:08', 545, 1, '', 0, 0, NULL, '2019-03-27 14:35:32', '2019-03-27 23:41:08'),
(484, 16, '2019-03-27', '2019-03-27 09:36:36', '2019-03-27 19:04:19', 567, 1, '', 0, 0, NULL, '2019-03-27 14:36:36', '2019-03-28 00:04:19'),
(485, 2, '2019-03-27', '2019-03-27 09:38:18', '2019-03-27 16:29:54', 411, 1, 'half_day', 0, 0, NULL, '2019-03-27 14:38:18', '2019-03-27 21:29:54'),
(486, 13, '2019-03-27', '2019-03-27 09:38:24', '2019-03-27 19:21:23', 582, 1, '', 0, 0, NULL, '2019-03-27 14:38:24', '2019-03-28 00:21:23'),
(487, 25, '2019-03-27', '2019-03-27 09:39:35', NULL, NULL, 1, '', 0, 0, NULL, '2019-03-27 14:39:35', '2019-03-27 14:39:35'),
(488, 26, '2019-03-27', '2019-03-27 09:40:06', '2019-03-27 19:28:07', 588, 1, '', 0, 0, NULL, '2019-03-27 14:40:06', '2019-03-28 00:28:07'),
(489, 12, '2019-03-27', '2019-03-27 09:40:56', '2019-03-27 19:29:54', 588, 1, '', 0, 0, NULL, '2019-03-27 14:40:56', '2019-03-28 00:29:54'),
(490, 31, '2019-03-27', '2019-03-27 09:51:31', '2019-03-27 19:09:20', 557, 1, 'late_09:51', 0, 0, NULL, '2019-03-27 14:51:31', '2019-03-28 00:09:20'),
(491, 20, '2019-03-27', '2019-03-27 09:57:58', '2019-03-27 19:30:58', 573, 1, '', 0, 0, NULL, '2019-03-27 14:57:58', '2019-03-28 00:30:58'),
(492, 21, '2019-03-27', '2019-03-27 10:00:06', '2019-03-27 19:30:51', 570, 1, '', 0, 0, NULL, '2019-03-27 15:00:06', '2019-03-28 00:30:51'),
(493, 23, '2019-03-27', '2019-03-27 10:00:41', '2019-03-27 14:36:30', 275, 1, 'half_day', 0, 0, NULL, '2019-03-27 15:00:41', '2019-03-27 19:36:30'),
(494, 22, '2019-03-27', '2019-03-27 10:07:53', '2019-03-27 15:19:39', 311, 1, 'half_day', 0, 0, NULL, '2019-03-27 15:07:53', '2019-03-27 20:19:39'),
(495, 28, '2019-03-27', '2019-03-27 10:07:56', '2019-03-27 14:34:21', 266, 1, 'half_day', 1, 0, '<b>Requested for half day</b><br>some personal work', '2019-03-27 15:07:56', '2019-03-27 21:31:29'),
(496, 14, '2019-03-27', '2019-03-27 10:11:51', '2019-03-27 19:48:02', 576, 1, 'late_10:11', 0, 0, NULL, '2019-03-27 15:11:51', '2019-03-28 00:48:02'),
(497, 24, '2019-03-27', '2019-03-27 10:14:50', '2019-03-27 19:37:53', 563, 1, '', 0, 0, NULL, '2019-03-27 15:14:50', '2019-03-28 00:37:53'),
(498, 29, '2019-03-27', '2019-03-27 10:21:20', '2019-03-27 20:06:41', 585, 1, '', 0, 0, NULL, '2019-03-27 15:21:20', '2019-03-28 01:06:41'),
(499, 10, '2019-03-27', '2019-03-27 10:32:22', '2019-03-27 20:12:44', 580, 1, '', 0, 0, NULL, '2019-03-27 15:32:23', '2019-03-28 01:12:44'),
(500, 30, '2019-03-27', '2019-03-27 10:46:17', '2019-03-27 20:12:18', 566, 1, 'late_10:46', 0, 0, NULL, '2019-03-27 15:46:17', '2019-03-28 01:12:18'),
(501, 32, '2019-03-27', '2019-03-27 16:22:05', '2019-03-27 20:22:57', 240, 1, 'half_day', 1, 0, '<b>Requested for half day</b><br>Exam time', '2019-03-27 21:22:05', '2019-04-08 20:39:57'),
(502, 18, '2019-03-28', '2019-03-28 08:53:29', NULL, NULL, 1, '', 0, 0, NULL, '2019-03-28 13:53:29', '2019-03-28 13:53:29'),
(503, 17, '2019-03-28', '2019-03-28 09:19:40', '2019-03-28 18:53:35', 573, 1, '', 0, 0, NULL, '2019-03-28 14:19:40', '2019-03-28 23:53:35'),
(504, 5, '2019-03-28', '2019-03-28 09:19:45', '2019-03-28 19:15:13', 595, 1, '', 0, 0, NULL, '2019-03-28 14:19:45', '2019-03-29 00:15:14'),
(505, 7, '2019-03-28', '2019-03-28 09:27:02', '2019-03-28 19:12:20', 585, 1, '', 0, 0, NULL, '2019-03-28 14:27:02', '2019-03-29 00:12:20'),
(506, 11, '2019-03-28', '2019-03-28 09:28:39', '2019-03-28 18:07:34', 518, 1, '', 1, 0, '<b>Requested for full day</b><br>Going Home', '2019-03-28 14:28:39', '2019-03-29 14:51:06'),
(507, 4, '2019-03-28', '2019-03-28 09:29:09', '2019-03-28 19:12:19', 583, 1, '', 0, 0, NULL, '2019-03-28 14:29:09', '2019-03-29 00:12:19'),
(508, 26, '2019-03-28', '2019-03-28 09:32:10', '2019-03-28 19:48:15', 616, 1, '', 0, 0, NULL, '2019-03-28 14:32:10', '2019-03-29 00:48:15'),
(509, 13, '2019-03-28', '2019-03-28 09:33:12', '2019-03-28 19:02:17', 569, 1, '', 0, 0, NULL, '2019-03-28 14:33:12', '2019-03-29 00:02:17'),
(510, 15, '2019-03-28', '2019-03-28 09:34:15', '2019-03-28 19:02:15', 568, 1, '', 0, 0, NULL, '2019-03-28 14:34:15', '2019-03-29 00:02:15'),
(511, 25, '2019-03-28', '2019-03-28 09:35:43', NULL, NULL, 1, '', 0, 0, NULL, '2019-03-28 14:35:43', '2019-03-28 14:35:43'),
(512, 8, '2019-03-28', '2019-03-28 09:37:12', '2019-03-28 18:39:18', 542, 1, '', 0, 0, NULL, '2019-03-28 14:37:12', '2019-03-28 23:39:18'),
(513, 16, '2019-03-28', '2019-03-28 09:38:16', '2019-03-28 19:01:16', 563, 1, '', 0, 0, NULL, '2019-03-28 14:38:16', '2019-03-29 00:01:16'),
(514, 2, '2019-03-28', '2019-03-28 09:40:13', '2019-03-28 19:26:19', 586, 1, '', 0, 0, NULL, '2019-03-28 14:40:13', '2019-03-29 00:26:19'),
(515, 12, '2019-03-28', '2019-03-28 09:43:17', '2019-03-28 19:08:39', 565, 1, 'late_09:43', 0, 0, NULL, '2019-03-28 14:43:17', '2019-03-29 00:08:39'),
(516, 31, '2019-03-28', '2019-03-28 09:43:52', '2019-03-28 19:01:42', 557, 1, 'late_09:43', 0, 0, NULL, '2019-03-28 14:43:52', '2019-03-29 00:01:42'),
(517, 21, '2019-03-28', '2019-03-28 09:47:54', '2019-03-28 19:30:28', 582, 1, '', 0, 0, NULL, '2019-03-28 14:47:54', '2019-03-29 00:30:28'),
(518, 23, '2019-03-28', '2019-03-28 10:07:04', '2019-03-28 19:32:17', 565, 1, '', 0, 0, NULL, '2019-03-28 15:07:04', '2019-03-29 00:32:17'),
(519, 28, '2019-03-28', '2019-03-28 10:08:07', '2019-03-28 19:38:25', 570, 1, '', 0, 0, NULL, '2019-03-28 15:08:07', '2019-03-29 00:38:25'),
(520, 30, '2019-03-28', '2019-03-28 10:08:33', '2019-03-28 20:02:04', 593, 1, '', 0, 0, NULL, '2019-03-28 15:08:33', '2019-03-29 01:02:04'),
(521, 14, '2019-03-28', '2019-03-28 10:11:23', '2019-03-28 19:41:15', 569, 1, 'late_10:11', 0, 0, NULL, '2019-03-28 15:11:23', '2019-03-29 00:41:15'),
(522, 29, '2019-03-28', '2019-03-28 10:31:42', '2019-03-28 19:59:27', 567, 1, '', 0, 0, NULL, '2019-03-28 15:31:42', '2019-03-29 00:59:27'),
(523, 22, '2019-03-28', '2019-03-28 10:31:42', '2019-03-28 19:30:16', 538, 1, 'late_10:31', 1, 0, '<b>Requested for full day</b><br>', '2019-03-28 15:31:42', '2019-03-29 14:50:02'),
(524, 10, '2019-03-28', '2019-03-28 10:32:48', '2019-03-28 20:03:18', 570, 1, '', 0, 0, NULL, '2019-03-28 15:32:48', '2019-03-29 01:03:18'),
(525, 32, '2019-03-28', '2019-03-28 10:47:19', '2019-03-28 19:32:28', 525, 1, 'late_10:47', 1, 0, '<b>Requested for full day</b><br>', '2019-03-28 15:47:19', '2019-03-29 14:50:19'),
(526, 9, '2019-03-28', '2019-03-28 11:16:00', '2019-03-28 19:23:00', 487, 1, '', 1, 0, '<b>Requested for full day</b><br>Adjust with Early leave', '2019-03-28 16:16:32', '2019-03-29 14:50:36'),
(527, 27, '2019-03-28', '2019-03-28 11:22:48', '2019-03-28 19:34:57', 492, 1, 'late_11:22', 1, 0, '<b>Requested for full day</b><br>Came late and had informed Kushagra sir before due to family work', '2019-03-28 16:22:48', '2019-03-29 14:50:55'),
(528, 18, '2019-03-29', '2019-03-29 08:38:29', NULL, NULL, 1, '', 0, 0, NULL, '2019-03-29 13:38:29', '2019-03-29 13:38:29'),
(529, 5, '2019-03-29', '2019-03-29 09:15:00', '2019-03-29 19:03:12', 588, 1, '', 0, 0, NULL, '2019-03-29 14:15:00', '2019-03-30 00:03:12'),
(530, 17, '2019-03-29', '2019-03-29 09:19:59', '2019-03-29 19:15:08', 595, 1, '', 0, 0, NULL, '2019-03-29 14:19:59', '2019-03-30 00:15:08'),
(531, 15, '2019-03-29', '2019-03-29 09:25:44', '2019-03-29 19:28:39', 602, 1, '', 0, 0, NULL, '2019-03-29 14:25:44', '2019-03-30 00:28:39'),
(532, 7, '2019-03-29', '2019-03-29 09:27:14', '2019-03-29 19:14:27', 587, 1, '', 0, 0, NULL, '2019-03-29 14:27:14', '2019-03-30 00:14:27'),
(533, 4, '2019-03-29', '2019-03-29 09:28:26', '2019-03-29 19:15:01', 586, 1, '', 0, 0, NULL, '2019-03-29 14:28:26', '2019-03-30 00:15:01'),
(534, 11, '2019-03-29', '2019-03-29 09:30:08', '2019-03-29 19:07:36', 577, 1, '', 0, 0, NULL, '2019-03-29 14:30:08', '2019-03-30 00:07:36'),
(535, 12, '2019-03-29', '2019-03-29 09:31:10', '2019-03-29 19:48:59', 617, 1, '', 0, 0, NULL, '2019-03-29 14:31:10', '2019-03-30 00:48:59'),
(536, 31, '2019-03-29', '2019-03-29 09:37:06', '2019-03-29 19:25:49', 588, 1, '', 0, 0, NULL, '2019-03-29 14:37:06', '2019-03-30 00:25:49'),
(537, 8, '2019-03-29', '2019-03-29 09:37:15', '2019-03-29 19:02:44', 565, 1, '', 0, 0, NULL, '2019-03-29 14:37:15', '2019-03-30 00:02:44'),
(538, 16, '2019-03-29', '2019-03-29 09:37:28', '2019-03-29 19:33:24', 595, 1, '', 0, 0, NULL, '2019-03-29 14:37:28', '2019-03-30 00:33:24'),
(539, 26, '2019-03-29', '2019-03-29 09:37:47', '2019-03-29 19:28:38', 590, 1, '', 0, 0, NULL, '2019-03-29 14:37:47', '2019-03-30 00:28:38'),
(540, 9, '2019-03-29', '2019-03-29 09:39:25', '2019-03-29 19:40:33', 601, 1, '', 0, 0, NULL, '2019-03-29 14:39:25', '2019-03-30 00:40:33'),
(541, 2, '2019-03-29', '2019-03-29 09:39:57', '2019-03-29 19:10:08', 570, 1, '', 0, 0, NULL, '2019-03-29 14:39:57', '2019-03-30 00:10:08'),
(542, 27, '2019-03-29', '2019-03-29 09:53:27', '2019-03-29 19:05:46', 552, 1, 'late_09:53', 0, 0, NULL, '2019-03-29 14:53:27', '2019-03-30 00:05:46'),
(543, 25, '2019-03-29', '2019-03-29 09:56:02', '2019-03-29 20:04:26', 608, 1, 'late_09:56', 0, 0, NULL, '2019-03-29 14:56:02', '2019-03-30 01:04:26'),
(544, 20, '2019-03-29', '2019-03-29 10:00:19', NULL, NULL, 1, '', 0, 0, NULL, '2019-03-29 15:00:19', '2019-03-29 15:00:19'),
(545, 28, '2019-03-29', '2019-03-29 10:04:46', '2019-03-29 19:39:01', 574, 1, '', 0, 0, NULL, '2019-03-29 15:04:46', '2019-03-30 00:39:01'),
(546, 14, '2019-03-29', '2019-03-29 10:08:08', '2019-03-29 19:56:30', 588, 1, 'late_10:08', 0, 0, NULL, '2019-03-29 15:08:08', '2019-03-30 00:56:31'),
(547, 22, '2019-03-29', '2019-03-29 10:08:20', '2019-03-29 19:30:08', 561, 1, '', 0, 0, NULL, '2019-03-29 15:08:21', '2019-03-30 00:30:08'),
(548, 23, '2019-03-29', '2019-03-29 10:08:27', '2019-03-29 19:40:57', 572, 1, '', 0, 0, NULL, '2019-03-29 15:08:27', '2019-03-30 00:40:57'),
(549, 21, '2019-03-29', '2019-03-29 10:10:08', '2019-03-29 19:34:39', 564, 1, '', 0, 0, NULL, '2019-03-29 15:10:08', '2019-03-30 00:34:39'),
(550, 24, '2019-03-29', '2019-03-29 10:21:24', '2019-03-29 20:02:08', 580, 1, '', 0, 0, NULL, '2019-03-29 15:21:24', '2019-03-30 01:02:08'),
(551, 29, '2019-03-29', '2019-03-29 10:21:46', '2019-03-29 20:00:14', 578, 1, '', 0, 0, NULL, '2019-03-29 15:21:46', '2019-03-30 01:00:14'),
(552, 13, '2019-03-29', '2019-03-29 10:22:07', '2019-03-29 20:05:35', 583, 1, 'late_10:22', 0, 0, NULL, '2019-03-29 15:22:07', '2019-03-30 01:05:35'),
(553, 3, '2019-03-29', '2019-03-29 10:27:10', '2019-03-29 19:39:10', 552, 1, 'late_10:27', 0, 0, NULL, '2019-03-29 15:27:10', '2019-03-30 00:39:10'),
(554, 30, '2019-03-29', '2019-03-29 10:28:40', '2019-03-29 20:32:13', 603, 1, '', 0, 0, NULL, '2019-03-29 15:28:40', '2019-03-30 01:32:13'),
(555, 10, '2019-03-29', '2019-03-29 10:40:23', NULL, NULL, 1, '', 0, 0, NULL, '2019-03-29 15:40:23', '2019-03-29 15:40:23'),
(556, 32, '2019-03-29', '2019-03-29 11:12:10', '2019-03-29 20:05:21', 533, 1, 'late_11:12', 1, 0, '<b>Requested for full day</b><br>', '2019-03-29 16:12:10', '2019-04-08 20:45:19'),
(557, 17, '2019-03-30', '2019-03-30 09:08:15', '2019-03-30 19:16:52', 608, 1, '', 0, 0, NULL, '2019-03-30 14:08:15', '2019-03-31 00:16:52'),
(558, 5, '2019-03-30', '2019-03-30 09:08:18', NULL, NULL, 1, '', 0, 0, NULL, '2019-03-30 14:08:18', '2019-03-30 14:08:18'),
(559, 18, '2019-03-30', '2019-03-30 09:09:51', NULL, NULL, 1, '', 0, 0, NULL, '2019-03-30 14:09:51', '2019-03-30 14:09:51'),
(560, 7, '2019-03-30', '2019-03-30 09:26:57', '2019-03-30 19:00:40', 573, 1, '', 0, 0, NULL, '2019-03-30 14:26:57', '2019-03-31 00:00:40'),
(561, 4, '2019-03-30', '2019-03-30 09:28:02', '2019-03-30 19:00:46', 572, 1, '', 0, 0, NULL, '2019-03-30 14:28:02', '2019-03-31 00:00:46'),
(562, 8, '2019-03-30', '2019-03-30 09:30:31', '2019-03-30 19:02:46', 572, 1, '', 0, 0, NULL, '2019-03-30 14:30:31', '2019-03-31 00:02:46'),
(563, 12, '2019-03-30', '2019-03-30 09:31:06', '2019-03-30 19:52:11', 621, 1, '', 0, 0, NULL, '2019-03-30 14:31:06', '2019-03-31 00:52:11'),
(564, 13, '2019-03-30', '2019-03-30 09:31:31', '2019-03-30 20:03:30', 631, 1, '', 0, 0, NULL, '2019-03-30 14:31:31', '2019-03-31 01:03:30'),
(565, 26, '2019-03-30', '2019-03-30 09:33:57', '2019-03-30 19:45:21', 611, 1, '', 0, 0, NULL, '2019-03-30 14:33:57', '2019-03-31 00:45:21'),
(566, 15, '2019-03-30', '2019-03-30 09:36:16', '2019-03-30 19:10:43', 574, 1, '', 0, 0, NULL, '2019-03-30 14:36:16', '2019-03-31 00:10:43'),
(567, 25, '2019-03-30', '2019-03-30 09:38:37', '2019-03-30 20:03:30', 624, 1, '', 0, 0, NULL, '2019-03-30 14:38:37', '2019-03-31 01:03:30'),
(568, 31, '2019-03-30', '2019-03-30 09:38:51', '2019-03-30 18:07:30', 508, 1, '', 1, 0, '<b>Requested for full day</b><br>Taken Early Leave for 1 hour', '2019-03-30 14:38:51', '2019-04-08 20:38:41'),
(569, 16, '2019-03-30', '2019-03-30 09:39:37', '2019-03-30 19:09:36', 569, 1, '', 0, 0, NULL, '2019-03-30 14:39:37', '2019-03-31 00:09:37'),
(570, 9, '2019-03-30', '2019-03-30 09:39:48', '2019-03-30 19:42:16', 602, 1, '', 0, 0, NULL, '2019-03-30 14:39:48', '2019-03-31 00:42:16'),
(571, 2, '2019-03-30', '2019-03-30 09:42:44', NULL, NULL, 1, 'late_09:42', 0, 0, NULL, '2019-03-30 14:42:44', '2019-03-30 14:42:44'),
(572, 27, '2019-03-30', '2019-03-30 09:49:08', '2019-03-30 19:51:31', 602, 1, 'late_09:49', 0, 0, NULL, '2019-03-30 14:49:08', '2019-03-31 00:51:31'),
(573, 21, '2019-03-30', '2019-03-30 09:55:15', '2019-03-30 19:34:14', 578, 1, '', 0, 0, NULL, '2019-03-30 14:55:15', '2019-03-31 00:34:14'),
(574, 20, '2019-03-30', '2019-03-30 09:55:55', '2019-03-30 19:39:02', 583, 1, '', 0, 0, NULL, '2019-03-30 14:55:55', '2019-03-31 00:39:02'),
(575, 14, '2019-03-30', '2019-03-30 09:56:51', '2019-03-30 20:08:12', 611, 1, 'late_09:56', 0, 0, NULL, '2019-03-30 14:56:51', '2019-03-31 01:08:12'),
(576, 23, '2019-03-30', '2019-03-30 09:59:49', '2019-03-30 19:46:45', 586, 1, '', 0, 0, NULL, '2019-03-30 14:59:49', '2019-03-31 00:46:45'),
(577, 28, '2019-03-30', '2019-03-30 10:02:04', '2019-03-30 19:46:55', 584, 1, '', 0, 0, NULL, '2019-03-30 15:02:04', '2019-03-31 00:46:55'),
(578, 22, '2019-03-30', '2019-03-30 10:03:53', '2019-03-30 19:34:28', 570, 1, '', 0, 0, NULL, '2019-03-30 15:03:53', '2019-03-31 00:34:28'),
(579, 3, '2019-03-30', '2019-03-30 10:04:47', '2019-03-30 19:37:16', 572, 1, '', 0, 0, NULL, '2019-03-30 15:04:47', '2019-03-31 00:37:16'),
(580, 29, '2019-03-30', '2019-03-30 10:13:05', '2019-03-30 20:05:08', 592, 1, '', 0, 0, NULL, '2019-03-30 15:13:05', '2019-03-31 01:05:08'),
(581, 24, '2019-03-30', '2019-03-30 10:14:06', NULL, NULL, 1, '', 0, 0, NULL, '2019-03-30 15:14:06', '2019-03-30 15:14:06'),
(582, 10, '2019-03-30', '2019-03-30 10:29:55', NULL, NULL, 1, '', 0, 0, NULL, '2019-03-30 15:29:55', '2019-03-30 15:29:55'),
(583, 30, '2019-03-30', '2019-03-30 10:30:31', '2019-03-30 20:05:23', 574, 1, '', 0, 0, NULL, '2019-03-30 15:30:31', '2019-03-31 01:05:23'),
(584, 32, '2019-03-30', '2019-03-30 11:51:40', '2019-03-30 19:57:16', 485, 1, 'late_11:51', 1, 0, '<b>Requested for full day</b><br>', '2019-03-30 16:51:40', '2019-04-08 20:45:41'),
(585, 5, '2019-03-31', '2019-03-31 09:45:37', '2019-03-31 15:37:52', 352, 1, 'sunday_5.87', 0, 0, NULL, '2019-03-31 14:45:37', '2019-03-31 20:37:52'),
(586, 14, '2019-03-31', '2019-03-31 13:05:38', '2019-03-31 18:11:46', 306, 1, 'sunday_5.1', 0, 0, NULL, '2019-03-31 18:05:38', '2019-03-31 23:11:47'),
(587, 23, '2019-04-01', '2019-04-01 08:43:06', '2019-04-01 20:05:27', 682, 1, '', 0, 0, NULL, '2019-04-01 13:43:06', '2019-04-02 01:05:27'),
(588, 18, '2019-04-01', '2019-04-01 08:52:21', NULL, NULL, 1, '', 0, 0, NULL, '2019-04-01 13:52:21', '2019-04-01 13:52:21'),
(589, 5, '2019-04-01', '2019-04-01 08:55:05', '2019-04-01 19:11:02', 615, 1, '', 0, 0, NULL, '2019-04-01 13:55:05', '2019-04-02 00:11:02'),
(590, 13, '2019-04-01', '2019-04-01 09:10:42', '2019-04-01 19:30:51', 620, 1, '', 0, 0, NULL, '2019-04-01 14:10:42', '2019-04-02 00:30:51'),
(591, 15, '2019-04-01', '2019-04-01 09:17:16', '2019-04-01 19:08:29', 591, 1, '', 0, 0, NULL, '2019-04-01 14:17:16', '2019-04-02 00:08:29'),
(592, 31, '2019-04-01', '2019-04-01 09:21:40', '2019-04-01 19:03:37', 581, 1, '', 0, 0, NULL, '2019-04-01 14:21:40', '2019-04-02 00:03:37'),
(593, 17, '2019-04-01', '2019-04-01 09:22:40', '2019-04-01 18:02:38', 519, 1, '', 1, 0, '<b>Requested for full day</b><br>1th Early Leave', '2019-04-01 14:22:40', '2019-04-08 20:30:48'),
(594, 11, '2019-04-01', '2019-04-01 09:24:52', '2019-04-01 19:02:04', 577, 1, '', 0, 0, NULL, '2019-04-01 14:24:52', '2019-04-02 00:02:04'),
(595, 3, '2019-04-01', '2019-04-01 09:27:50', '2019-04-01 19:29:45', 601, 1, '', 0, 0, NULL, '2019-04-01 14:27:50', '2019-04-02 00:29:45'),
(596, 12, '2019-04-01', '2019-04-01 09:28:19', '2019-04-01 19:28:01', 599, 1, '', 0, 0, NULL, '2019-04-01 14:28:19', '2019-04-02 00:28:01'),
(597, 7, '2019-04-01', '2019-04-01 09:30:37', '2019-04-01 17:05:18', 454, 1, 'full_day', 1, 0, '<b>Requested for full day</b><br>Will cover my time.', '2019-04-01 14:30:37', '2019-04-22 17:53:08'),
(598, 4, '2019-04-01', '2019-04-01 09:31:28', '2019-04-01 19:11:11', 579, 1, '', 0, 0, NULL, '2019-04-01 14:31:28', '2019-04-02 00:11:11'),
(599, 16, '2019-04-01', '2019-04-01 09:35:36', '2019-04-01 19:28:18', 592, 1, '', 0, 0, NULL, '2019-04-01 14:35:36', '2019-04-02 00:28:18'),
(600, 26, '2019-04-01', '2019-04-01 09:37:46', '2019-04-01 19:25:28', 587, 1, '', 0, 0, NULL, '2019-04-01 14:37:47', '2019-04-02 00:25:28'),
(601, 25, '2019-04-01', '2019-04-01 09:38:53', NULL, NULL, 1, '', 0, 0, NULL, '2019-04-01 14:38:53', '2019-04-01 14:38:53'),
(602, 2, '2019-04-01', '2019-04-01 09:39:34', '2019-04-01 19:17:07', 577, 1, '', 0, 0, NULL, '2019-04-01 14:39:34', '2019-04-02 00:17:07'),
(603, 9, '2019-04-01', '2019-04-01 09:40:43', '2019-04-01 19:30:45', 590, 1, '', 0, 0, NULL, '2019-04-01 14:40:43', '2019-04-02 00:30:45'),
(604, 8, '2019-04-01', '2019-04-01 09:40:55', '2019-04-01 18:41:09', 540, 1, '', 0, 0, NULL, '2019-04-01 14:40:55', '2019-04-01 23:41:09'),
(605, 21, '2019-04-01', '2019-04-01 09:42:27', '2019-04-01 19:31:04', 588, 1, '', 0, 0, NULL, '2019-04-01 14:42:27', '2019-04-02 00:31:04'),
(606, 20, '2019-04-01', '2019-04-01 09:45:12', '2019-04-01 19:32:52', 587, 1, '', 0, 0, NULL, '2019-04-01 14:45:12', '2019-04-02 00:32:52'),
(607, 14, '2019-04-01', '2019-04-01 09:45:23', '2019-04-01 19:32:23', 587, 1, 'late_09:45', 0, 0, NULL, '2019-04-01 14:45:23', '2019-04-02 00:32:23'),
(608, 28, '2019-04-01', '2019-04-01 09:51:33', '2019-04-01 19:34:39', 583, 1, '', 0, 0, NULL, '2019-04-01 14:51:33', '2019-04-02 00:34:39'),
(609, 24, '2019-04-01', '2019-04-01 09:52:58', '2019-04-01 19:38:33', 585, 1, '', 0, 0, NULL, '2019-04-01 14:52:58', '2019-04-02 00:38:33'),
(610, 29, '2019-04-01', '2019-04-01 09:55:16', '2019-04-01 19:40:17', 585, 1, '', 0, 0, NULL, '2019-04-01 14:55:16', '2019-04-02 00:40:17'),
(611, 22, '2019-04-01', '2019-04-01 10:09:02', NULL, NULL, 1, '', 0, 0, NULL, '2019-04-01 15:09:02', '2019-04-01 15:09:02'),
(612, 27, '2019-04-01', '2019-04-01 10:23:51', '2019-04-01 19:35:34', 551, 1, 'late_10:23', 0, 0, NULL, '2019-04-01 15:23:51', '2019-04-02 00:35:34'),
(613, 30, '2019-04-01', '2019-04-01 10:29:57', '2019-04-01 20:06:14', 576, 1, '', 0, 0, NULL, '2019-04-01 15:29:57', '2019-04-02 01:06:14'),
(614, 10, '2019-04-01', '2019-04-01 10:33:37', '2019-04-01 20:05:12', 571, 1, '', 0, 0, NULL, '2019-04-01 15:33:37', '2019-04-02 01:05:12'),
(615, 32, '2019-04-01', '2019-04-01 15:01:21', '2019-04-01 19:59:56', 298, 1, 'half_day', 0, 0, NULL, '2019-04-01 20:01:21', '2019-04-02 00:59:57'),
(616, 23, '2019-04-02', '2019-04-02 08:26:54', '2019-04-02 19:30:49', 663, 1, '', 0, 0, NULL, '2019-04-02 13:26:54', '2019-04-03 00:30:49'),
(617, 18, '2019-04-02', '2019-04-02 08:27:40', NULL, NULL, 1, '', 0, 0, NULL, '2019-04-02 13:27:40', '2019-04-02 13:27:40'),
(618, 13, '2019-04-02', '2019-04-02 09:00:34', '2019-04-02 19:26:29', 625, 1, '', 0, 0, NULL, '2019-04-02 14:00:34', '2019-04-03 00:26:29'),
(619, 17, '2019-04-02', '2019-04-02 09:04:12', '2019-04-02 19:15:05', 610, 1, '', 0, 0, NULL, '2019-04-02 14:04:12', '2019-04-03 00:15:05'),
(620, 15, '2019-04-02', '2019-04-02 09:17:31', '2019-04-02 19:09:55', 592, 1, '', 0, 0, NULL, '2019-04-02 14:17:31', '2019-04-03 00:09:55'),
(621, 5, '2019-04-02', '2019-04-02 09:18:54', NULL, NULL, 1, '', 0, 0, NULL, '2019-04-02 14:18:54', '2019-04-02 14:18:54'),
(622, 7, '2019-04-02', '2019-04-02 09:26:35', '2019-04-02 19:03:10', 576, 1, '', 0, 0, NULL, '2019-04-02 14:26:35', '2019-04-03 00:03:10'),
(623, 4, '2019-04-02', '2019-04-02 09:27:13', '2019-04-02 19:02:56', 575, 1, '', 0, 0, NULL, '2019-04-02 14:27:13', '2019-04-03 00:02:56'),
(624, 12, '2019-04-02', '2019-04-02 09:31:45', '2019-04-02 19:03:25', 571, 1, '', 0, 0, NULL, '2019-04-02 14:31:45', '2019-04-03 00:03:25'),
(625, 26, '2019-04-02', '2019-04-02 09:32:06', '2019-04-02 18:37:16', 545, 1, '', 0, 0, NULL, '2019-04-02 14:32:06', '2019-04-02 23:37:16'),
(626, 21, '2019-04-02', '2019-04-02 09:33:16', '2019-04-02 19:34:17', 601, 1, '', 0, 0, NULL, '2019-04-02 14:33:16', '2019-04-03 00:34:17'),
(627, 11, '2019-04-02', '2019-04-02 09:33:27', '2019-04-02 19:16:00', 582, 1, '', 0, 0, NULL, '2019-04-02 14:33:27', '2019-04-03 00:16:00'),
(628, 9, '2019-04-02', '2019-04-02 09:33:42', NULL, NULL, 1, '', 0, 0, NULL, '2019-04-02 14:33:42', '2019-04-02 14:33:42'),
(629, 16, '2019-04-02', '2019-04-02 09:35:34', '2019-04-02 19:28:05', 592, 1, '', 0, 0, NULL, '2019-04-02 14:35:34', '2019-04-03 00:28:05'),
(630, 27, '2019-04-02', '2019-04-02 09:38:11', '2019-04-02 19:07:42', 569, 1, '', 0, 0, NULL, '2019-04-02 14:38:11', '2019-04-03 00:07:42'),
(631, 25, '2019-04-02', '2019-04-02 09:39:07', '2019-04-02 19:28:29', 589, 1, '', 0, 0, NULL, '2019-04-02 14:39:07', '2019-04-03 00:28:29'),
(632, 2, '2019-04-02', '2019-04-02 09:39:43', '2019-04-02 19:22:34', 582, 1, '', 0, 0, NULL, '2019-04-02 14:39:43', '2019-04-03 00:22:34'),
(633, 14, '2019-04-02', '2019-04-02 09:42:07', '2019-04-02 19:26:25', 584, 1, 'late_09:42', 0, 0, NULL, '2019-04-02 14:42:07', '2019-04-03 00:26:25'),
(634, 8, '2019-04-02', '2019-04-02 09:42:20', '2019-04-02 18:46:38', 544, 1, 'late_09:42', 0, 0, NULL, '2019-04-02 14:42:20', '2019-04-02 23:46:38'),
(635, 3, '2019-04-02', '2019-04-02 09:44:18', '2019-04-02 19:29:27', 585, 1, '', 0, 0, NULL, '2019-04-02 14:44:18', '2019-04-03 00:29:27'),
(636, 24, '2019-04-02', '2019-04-02 09:49:53', '2019-04-02 19:35:17', 585, 1, '', 0, 0, NULL, '2019-04-02 14:49:53', '2019-04-03 00:35:17'),
(637, 29, '2019-04-02', '2019-04-02 09:50:29', '2019-04-02 19:33:29', 583, 1, '', 0, 0, NULL, '2019-04-02 14:50:29', '2019-04-03 00:33:29'),
(638, 31, '2019-04-02', '2019-04-02 09:51:57', '2019-04-02 19:21:32', 569, 1, 'late_09:51', 0, 0, NULL, '2019-04-02 14:51:57', '2019-04-03 00:21:32'),
(639, 28, '2019-04-02', '2019-04-02 10:00:51', '2019-04-02 14:30:17', 269, 1, 'half_day', 1, 0, '<b>Requested for half day</b><br>some work at home', '2019-04-02 15:00:51', '2019-04-08 20:35:01'),
(640, 30, '2019-04-02', '2019-04-02 10:03:54', NULL, NULL, 1, '', 0, 0, NULL, '2019-04-02 15:03:54', '2019-04-02 15:03:54'),
(641, 22, '2019-04-02', '2019-04-02 10:10:16', '2019-04-02 19:27:32', 557, 1, '', 0, 0, NULL, '2019-04-02 15:10:16', '2019-04-03 00:27:32'),
(642, 20, '2019-04-02', '2019-04-02 10:22:15', '2019-04-02 19:41:46', 559, 1, 'late_10:22', 0, 0, NULL, '2019-04-02 15:22:15', '2019-04-03 00:41:46'),
(643, 10, '2019-04-02', '2019-04-02 10:26:11', '2019-04-02 19:43:56', 557, 1, '', 0, 0, NULL, '2019-04-02 15:26:11', '2019-04-03 00:43:56'),
(644, 35, '2019-04-02', '2019-04-02 09:30:00', '2019-04-02 19:07:00', 577, 1, '', 0, 0, NULL, '2019-04-02 17:28:29', '2019-04-05 14:46:12'),
(645, 32, '2019-04-02', '2019-04-02 15:25:35', '2019-04-02 20:07:20', 281, 1, 'half_day', 0, 0, NULL, '2019-04-02 20:25:36', '2019-04-03 01:07:20'),
(646, 18, '2019-04-03', '2019-04-03 08:54:06', NULL, NULL, 1, '', 0, 0, NULL, '2019-04-03 13:54:06', '2019-04-03 13:54:06'),
(647, 17, '2019-04-03', '2019-04-03 09:15:08', '2019-04-03 19:11:04', 595, 1, '', 0, 0, NULL, '2019-04-03 14:15:08', '2019-04-04 00:11:04'),
(648, 15, '2019-04-03', '2019-04-03 09:17:54', '2019-04-03 19:03:37', 585, 1, '', 0, 0, NULL, '2019-04-03 14:17:54', '2019-04-04 00:03:37'),
(649, 5, '2019-04-03', '2019-04-03 09:20:01', '2019-04-03 19:12:24', 592, 1, '', 0, 0, NULL, '2019-04-03 14:20:01', '2019-04-04 00:12:24'),
(650, 7, '2019-04-03', '2019-04-03 09:26:14', '2019-04-03 19:02:17', 576, 1, '', 0, 0, NULL, '2019-04-03 14:26:14', '2019-04-04 00:02:17'),
(651, 4, '2019-04-03', '2019-04-03 09:27:27', '2019-04-03 19:01:18', 573, 1, '', 0, 0, NULL, '2019-04-03 14:27:27', '2019-04-04 00:01:18'),
(652, 25, '2019-04-03', '2019-04-03 09:28:10', '2019-04-03 15:26:40', 358, 1, 'half_day', 0, 0, NULL, '2019-04-03 14:28:10', '2019-04-03 20:26:40'),
(653, 2, '2019-04-03', '2019-04-03 09:28:00', '2019-04-03 20:10:00', 642, 1, '', 0, 0, NULL, '2019-04-03 14:28:44', '2019-04-12 14:40:17'),
(654, 11, '2019-04-03', '2019-04-03 09:30:15', '2019-04-03 19:08:37', 578, 1, '', 0, 0, NULL, '2019-04-03 14:30:15', '2019-04-04 00:08:37'),
(655, 12, '2019-04-03', '2019-04-03 09:33:22', '2019-04-03 19:34:35', 601, 1, '', 0, 0, NULL, '2019-04-03 14:33:22', '2019-04-04 00:34:35'),
(656, 26, '2019-04-03', '2019-04-03 09:34:49', '2019-04-03 19:55:19', 620, 1, '', 0, 0, NULL, '2019-04-03 14:34:49', '2019-04-04 00:55:19'),
(657, 31, '2019-04-03', '2019-04-03 09:36:02', '2019-04-03 19:10:42', 574, 1, '', 0, 0, NULL, '2019-04-03 14:36:02', '2019-04-04 00:10:42'),
(658, 16, '2019-04-03', '2019-04-03 09:37:58', '2019-04-03 19:20:55', 582, 1, '', 0, 0, NULL, '2019-04-03 14:37:58', '2019-04-04 00:20:55'),
(659, 3, '2019-04-03', '2019-04-03 09:38:22', '2019-04-03 19:32:21', 593, 1, '', 0, 0, NULL, '2019-04-03 14:38:22', '2019-04-04 00:32:21'),
(660, 35, '2019-04-03', '2019-04-03 09:38:57', '2019-04-03 19:05:31', 566, 1, '', 0, 0, NULL, '2019-04-03 14:38:57', '2019-04-04 00:05:31'),
(661, 9, '2019-04-03', '2019-04-03 09:39:32', '2019-04-03 19:35:03', 595, 1, '', 0, 0, NULL, '2019-04-03 14:39:32', '2019-04-04 00:35:03'),
(662, 8, '2019-04-03', '2019-04-03 09:40:31', '2019-04-03 18:40:45', 540, 1, '', 0, 0, NULL, '2019-04-03 14:40:31', '2019-04-03 23:40:45'),
(663, 21, '2019-04-03', '2019-04-03 09:41:31', '2019-04-03 19:31:10', 589, 1, '', 0, 0, NULL, '2019-04-03 14:41:31', '2019-04-04 00:31:10'),
(664, 13, '2019-04-03', '2019-04-03 09:42:26', '2019-04-03 19:18:53', 576, 1, 'late_09:42', 0, 0, NULL, '2019-04-03 14:42:26', '2019-04-04 00:18:53'),
(665, 24, '2019-04-03', '2019-04-03 09:47:51', '2019-04-03 19:36:08', 588, 1, '', 0, 0, NULL, '2019-04-03 14:47:51', '2019-04-04 00:36:08'),
(666, 14, '2019-04-03', '2019-04-03 09:51:16', '2019-04-03 19:21:55', 570, 1, 'late_09:51', 0, 0, NULL, '2019-04-03 14:51:16', '2019-04-04 00:21:55'),
(667, 28, '2019-04-03', '2019-04-03 09:54:44', '2019-04-03 19:35:24', 580, 1, '', 0, 0, NULL, '2019-04-03 14:54:44', '2019-04-04 00:35:24'),
(668, 20, '2019-04-03', '2019-04-03 09:58:06', '2019-04-03 19:31:34', 573, 1, '', 0, 0, NULL, '2019-04-03 14:58:06', '2019-04-04 00:31:34'),
(669, 23, '2019-04-03', '2019-04-03 10:04:53', '2019-04-03 19:02:19', 537, 1, '', 1, 0, '<b>Requested for full day</b><br>I will cover it tommorow', '2019-04-03 15:04:53', '2019-04-08 20:35:24'),
(670, 22, '2019-04-03', '2019-04-03 10:07:55', '2019-04-03 19:30:09', 562, 1, '', 0, 0, NULL, '2019-04-03 15:07:55', '2019-04-04 00:30:09'),
(671, 30, '2019-04-03', '2019-04-03 10:22:38', '2019-04-03 20:36:10', 613, 1, '', 0, 0, NULL, '2019-04-03 15:22:38', '2019-04-04 01:36:10'),
(672, 10, '2019-04-03', '2019-04-03 10:29:11', '2019-04-03 20:00:47', 571, 1, '', 0, 0, NULL, '2019-04-03 15:29:11', '2019-04-04 01:00:47'),
(673, 32, '2019-04-03', '2019-04-03 15:07:58', '2019-04-03 19:39:58', 272, 1, 'half_day', 0, 0, NULL, '2019-04-03 20:07:58', '2019-04-04 00:39:58'),
(674, 18, '2019-04-04', '2019-04-04 08:39:01', NULL, NULL, 1, '', 0, 0, NULL, '2019-04-04 13:39:01', '2019-04-04 13:39:01'),
(675, 23, '2019-04-04', '2019-04-04 09:15:09', '2019-04-04 14:50:19', 335, 1, 'half_day', 0, 0, NULL, '2019-04-04 14:15:09', '2019-04-04 19:50:19'),
(676, 17, '2019-04-04', '2019-04-04 09:25:57', '2019-04-04 19:19:10', 593, 1, '', 0, 0, NULL, '2019-04-04 14:25:57', '2019-04-05 00:19:10'),
(677, 15, '2019-04-04', '2019-04-04 09:27:24', '2019-04-04 19:30:25', 603, 1, '', 0, 0, NULL, '2019-04-04 14:27:24', '2019-04-05 00:30:25'),
(678, 3, '2019-04-04', '2019-04-04 09:28:25', '2019-04-04 19:36:05', 607, 1, '', 0, 0, NULL, '2019-04-04 14:28:25', '2019-04-05 00:36:05'),
(679, 7, '2019-04-04', '2019-04-04 09:28:53', '2019-04-04 19:00:21', 571, 1, '', 0, 0, NULL, '2019-04-04 14:28:53', '2019-04-05 00:00:22'),
(680, 11, '2019-04-04', '2019-04-04 09:29:24', '2019-04-04 19:35:32', 606, 1, '', 0, 0, NULL, '2019-04-04 14:29:24', '2019-04-05 00:35:32'),
(681, 4, '2019-04-04', '2019-04-04 09:30:06', '2019-04-04 19:01:56', 571, 1, '', 0, 0, NULL, '2019-04-04 14:30:06', '2019-04-05 00:01:56'),
(682, 26, '2019-04-04', '2019-04-04 09:34:14', '2019-04-04 20:24:59', 650, 1, '', 0, 0, NULL, '2019-04-04 14:34:14', '2019-04-05 01:24:59'),
(683, 16, '2019-04-04', '2019-04-04 09:35:31', '2019-04-04 19:28:49', 593, 1, '', 0, 0, NULL, '2019-04-04 14:35:31', '2019-04-05 00:28:49'),
(684, 12, '2019-04-04', '2019-04-04 09:37:45', '2019-04-04 20:07:19', 629, 1, '', 0, 0, NULL, '2019-04-04 14:37:45', '2019-04-05 01:07:19'),
(685, 13, '2019-04-04', '2019-04-04 09:37:47', '2019-04-04 19:17:42', 579, 1, '', 0, 0, NULL, '2019-04-04 14:37:47', '2019-04-05 00:17:42'),
(686, 2, '2019-04-04', '2019-04-04 09:39:31', '2019-04-04 19:49:45', 610, 1, '', 0, 0, NULL, '2019-04-04 14:39:31', '2019-04-05 00:49:45'),
(687, 35, '2019-04-04', '2019-04-04 09:39:51', '2019-04-04 19:08:08', 568, 1, '', 0, 0, NULL, '2019-04-04 14:39:51', '2019-04-05 00:08:08'),
(688, 21, '2019-04-04', '2019-04-04 09:39:55', '2019-04-04 19:37:29', 597, 1, '', 0, 0, NULL, '2019-04-04 14:39:55', '2019-04-05 00:37:29'),
(689, 31, '2019-04-04', '2019-04-04 09:40:27', '2019-04-04 19:10:03', 569, 1, '', 0, 0, NULL, '2019-04-04 14:40:27', '2019-04-05 00:10:03'),
(690, 9, '2019-04-04', '2019-04-04 09:40:00', '2019-04-04 19:56:00', 616, 1, '', 0, 0, NULL, '2019-04-04 14:41:34', '2019-04-05 14:45:00'),
(691, 24, '2019-04-04', '2019-04-04 09:52:31', '2019-04-04 19:57:05', 604, 1, '', 0, 0, NULL, '2019-04-04 14:52:31', '2019-04-05 00:57:05'),
(692, 29, '2019-04-04', '2019-04-04 09:59:41', '2019-04-04 21:17:49', 678, 1, '', 0, 0, NULL, '2019-04-04 14:59:41', '2019-04-05 02:17:49'),
(693, 20, '2019-04-04', '2019-04-04 10:00:12', '2019-04-04 19:51:27', 591, 1, '', 0, 0, NULL, '2019-04-04 15:00:12', '2019-04-05 00:51:27'),
(694, 5, '2019-04-04', '2019-04-04 10:05:27', '2019-04-04 19:16:35', 551, 1, '', 0, 0, NULL, '2019-04-04 15:05:27', '2019-04-05 00:16:35'),
(695, 14, '2019-04-04', '2019-04-04 10:05:57', '2019-04-04 19:19:03', 553, 1, 'late_10:05', 0, 0, NULL, '2019-04-04 15:05:57', '2019-04-05 00:19:03'),
(696, 28, '2019-04-04', '2019-04-04 10:07:12', '2019-04-04 19:49:44', 582, 1, '', 0, 0, NULL, '2019-04-04 15:07:12', '2019-04-05 00:49:44'),
(697, 8, '2019-04-04', '2019-04-04 10:08:48', '2019-04-04 19:05:08', 536, 1, 'late_10:08', 1, 0, '<b>Requested for full day</b><br>I will cover time another day.', '2019-04-04 15:08:48', '2019-04-08 20:19:46'),
(698, 30, '2019-04-04', '2019-04-04 10:09:32', '2019-04-04 20:15:25', 605, 1, '', 0, 0, NULL, '2019-04-04 15:09:32', '2019-04-05 01:15:25'),
(699, 22, '2019-04-04', '2019-04-04 10:10:38', '2019-04-04 19:36:19', 565, 1, '', 0, 0, NULL, '2019-04-04 15:10:38', '2019-04-05 00:36:19'),
(700, 10, '2019-04-04', '2019-04-04 10:33:09', '2019-04-04 20:08:14', 575, 1, '', 0, 0, NULL, '2019-04-04 15:33:09', '2019-04-05 01:08:14'),
(701, 27, '2019-04-04', '2019-04-04 11:03:51', NULL, NULL, 1, 'late_11:03', 0, 0, NULL, '2019-04-04 16:03:51', '2019-04-04 16:03:51'),
(702, 32, '2019-04-04', '2019-04-04 15:04:08', '2019-04-04 19:34:09', 270, 1, 'half_day', 0, 0, NULL, '2019-04-04 20:04:08', '2019-04-05 00:34:09'),
(703, 5, '2019-04-05', '2019-04-05 09:21:53', NULL, NULL, 1, '', 0, 0, NULL, '2019-04-05 14:21:53', '2019-04-05 14:21:53'),
(704, 13, '2019-04-05', '2019-04-05 09:22:07', '2019-04-05 14:31:22', 309, 1, 'half_day', 0, 0, NULL, '2019-04-05 14:22:07', '2019-04-05 19:31:22'),
(705, 31, '2019-04-05', '2019-04-05 09:27:29', '2019-04-05 19:11:40', 584, 1, '', 0, 0, NULL, '2019-04-05 14:27:29', '2019-04-06 00:11:40'),
(706, 17, '2019-04-05', '2019-04-05 09:31:31', '2019-04-05 19:08:44', 577, 1, '', 0, 0, NULL, '2019-04-05 14:31:31', '2019-04-06 00:08:44'),
(707, 7, '2019-04-05', '2019-04-05 09:33:11', '2019-04-05 19:02:10', 568, 1, '', 0, 0, NULL, '2019-04-05 14:33:11', '2019-04-06 00:02:10'),
(708, 15, '2019-04-05', '2019-04-05 09:33:17', '2019-04-05 19:15:43', 582, 1, '', 0, 0, NULL, '2019-04-05 14:33:17', '2019-04-06 00:15:43');
INSERT INTO `attendance_registers` (`attendance_register_id`, `admin_id`, `attendance_date`, `attendance_intime`, `attendance_outtime`, `attendance_total_time`, `attendance_status`, `attendance_key`, `attendance_isRequest`, `isRequest_status`, `attendance_desc`, `created_at`, `updated_at`) VALUES
(709, 11, '2019-04-05', '2019-04-05 09:33:44', '2019-04-05 19:04:04', 570, 1, '', 0, 0, NULL, '2019-04-05 14:33:44', '2019-04-06 00:04:04'),
(710, 12, '2019-04-05', '2019-04-05 09:33:52', '2019-04-05 17:46:10', 492, 1, '', 1, 0, '<b>Requested for full day</b><br>I will cover my time later', '2019-04-05 14:33:52', '2019-04-08 20:35:53'),
(711, 23, '2019-04-05', '2019-04-05 09:34:35', '2019-04-05 20:03:38', 629, 1, '', 0, 0, NULL, '2019-04-05 14:34:35', '2019-04-06 01:03:38'),
(712, 18, '2019-04-05', '2019-04-05 09:34:50', NULL, NULL, 1, '', 0, 0, NULL, '2019-04-05 14:34:50', '2019-04-05 14:34:50'),
(713, 16, '2019-04-05', '2019-04-05 09:36:44', '2019-04-05 19:40:55', 604, 1, '', 0, 0, NULL, '2019-04-05 14:36:44', '2019-04-06 00:40:55'),
(714, 9, '2019-04-05', '2019-04-05 09:36:59', '2019-04-05 19:53:46', 616, 1, '', 0, 0, NULL, '2019-04-05 14:36:59', '2019-04-06 00:53:46'),
(715, 25, '2019-04-05', '2019-04-05 09:37:15', '2019-04-05 19:27:26', 590, 1, '', 0, 0, NULL, '2019-04-05 14:37:15', '2019-04-06 00:27:26'),
(716, 8, '2019-04-05', '2019-04-05 09:38:00', '2019-04-05 18:51:00', 553, 1, '', 0, 0, NULL, '2019-04-05 14:38:03', '2019-04-08 20:16:35'),
(717, 2, '2019-04-05', '2019-04-05 09:39:00', '2019-04-05 20:00:00', 621, 1, '', 0, 0, NULL, '2019-04-05 14:39:54', '2019-04-06 22:23:12'),
(718, 26, '2019-04-05', '2019-04-05 09:44:00', '2019-04-05 19:35:59', 591, 1, 'late_09:44', 0, 0, NULL, '2019-04-05 14:44:00', '2019-04-06 00:35:59'),
(719, 14, '2019-04-05', '2019-04-05 09:51:25', '2019-04-05 19:18:08', 566, 1, 'late_09:51', 0, 0, NULL, '2019-04-05 14:51:25', '2019-04-06 00:18:08'),
(720, 3, '2019-04-05', '2019-04-05 09:55:44', NULL, NULL, 1, '', 0, 0, NULL, '2019-04-05 14:55:44', '2019-04-05 14:55:44'),
(721, 24, '2019-04-05', '2019-04-05 09:55:56', NULL, NULL, 1, '', 0, 0, NULL, '2019-04-05 14:55:56', '2019-04-05 14:55:56'),
(722, 21, '2019-04-05', '2019-04-05 09:56:10', '2019-04-05 20:14:01', 617, 1, '', 0, 0, NULL, '2019-04-05 14:56:10', '2019-04-06 01:14:01'),
(723, 20, '2019-04-05', '2019-04-05 09:56:12', '2019-04-05 20:21:59', 625, 1, '', 0, 0, NULL, '2019-04-05 14:56:12', '2019-04-06 01:21:59'),
(724, 29, '2019-04-05', '2019-04-05 09:56:49', '2019-04-05 19:41:37', 584, 1, '', 0, 0, NULL, '2019-04-05 14:56:49', '2019-04-06 00:41:37'),
(725, 28, '2019-04-05', '2019-04-05 10:00:02', '2019-04-05 19:31:59', 571, 1, '', 0, 0, NULL, '2019-04-05 15:00:02', '2019-04-06 00:31:59'),
(726, 22, '2019-04-05', '2019-04-05 10:05:30', '2019-04-05 19:05:59', 540, 1, '', 0, 0, NULL, '2019-04-05 15:05:30', '2019-04-06 00:05:59'),
(727, 27, '2019-04-05', '2019-04-05 10:12:40', '2019-04-05 19:04:34', 531, 1, 'late_10:12', 1, 0, '<b>Requested for full day</b><br>Dentist Appointment', '2019-04-05 15:12:40', '2019-04-08 20:35:39'),
(728, 30, '2019-04-05', '2019-04-05 10:29:04', '2019-04-05 20:06:25', 577, 1, '', 0, 0, NULL, '2019-04-05 15:29:04', '2019-04-06 01:06:25'),
(729, 10, '2019-04-05', '2019-04-05 10:46:43', '2019-04-05 20:27:29', 580, 1, 'late_10:46', 0, 0, NULL, '2019-04-05 15:46:43', '2019-04-06 01:27:29'),
(730, 35, '2019-04-05', '2019-04-05 11:24:54', '2019-04-05 19:05:02', 460, 1, 'late_11:24', 1, 0, '<b>Requested for full day</b><br>I was not able to clockIn as my system was not working. Please have a look', '2019-04-05 16:24:54', '2019-04-08 20:41:55'),
(731, 32, '2019-04-05', '2019-04-05 15:01:08', NULL, NULL, 1, 'dhalf_15:01', 0, 0, NULL, '2019-04-05 20:01:08', '2019-04-05 20:01:08'),
(732, 5, '2019-04-06', '2019-04-06 09:04:00', '2019-04-06 17:16:00', 492, 1, '', 0, 0, NULL, '2019-04-06 14:04:43', '2019-04-08 16:43:47'),
(733, 17, '2019-04-06', '2019-04-06 09:10:09', '2019-04-06 19:01:29', 591, 1, '', 0, 0, NULL, '2019-04-06 14:10:09', '2019-04-07 00:01:29'),
(734, 31, '2019-04-06', '2019-04-06 09:31:45', '2019-04-06 19:11:16', 579, 1, '', 0, 0, NULL, '2019-04-06 14:31:45', '2019-04-07 00:11:16'),
(735, 21, '2019-04-06', '2019-04-06 09:48:56', '2019-04-06 20:45:32', 656, 1, 'saturday_10.93', 0, 0, NULL, '2019-04-06 14:48:56', '2019-04-07 01:45:32'),
(736, 14, '2019-04-06', '2019-04-06 09:52:38', '2019-04-06 19:22:06', 569, 1, 'saturday_9.48', 0, 0, NULL, '2019-04-06 14:52:38', '2019-04-07 00:22:06'),
(737, 20, '2019-04-06', '2019-04-06 10:06:24', '2019-04-06 20:46:26', 640, 1, 'saturday_10.67', 0, 0, NULL, '2019-04-06 15:06:24', '2019-04-07 01:46:26'),
(738, 35, '2019-04-06', '2019-04-06 10:13:59', '2019-04-06 14:05:52', 231, 1, 'saturday_3.85', 0, 0, NULL, '2019-04-06 15:13:59', '2019-04-06 19:05:52'),
(739, 3, '2019-04-06', '2019-04-06 10:17:11', '2019-04-06 19:51:23', 574, 1, 'saturday_9.57', 0, 0, NULL, '2019-04-06 15:17:11', '2019-04-07 00:51:23'),
(740, 9, '2019-04-06', '2019-04-06 10:28:19', '2019-04-06 20:23:04', 594, 1, 'saturday_9.9', 0, 0, NULL, '2019-04-06 15:28:19', '2019-04-07 01:23:04'),
(741, 30, '2019-04-06', '2019-04-06 10:40:35', '2019-04-06 14:36:41', 236, 1, 'saturday_3.93', 0, 0, NULL, '2019-04-06 15:40:35', '2019-04-06 19:36:42'),
(742, 27, '2019-04-06', '2019-04-06 10:41:50', '2019-04-06 17:46:28', 424, 1, 'saturday_7.07', 0, 0, NULL, '2019-04-06 15:41:50', '2019-04-06 22:46:28'),
(743, 10, '2019-04-06', '2019-04-06 10:41:55', '2019-04-06 20:10:47', 568, 1, 'saturday_9.47', 0, 0, NULL, '2019-04-06 15:41:55', '2019-04-07 01:10:47'),
(744, 16, '2019-04-06', '2019-04-06 11:03:13', '2019-04-06 20:10:20', 547, 1, 'saturday_9.12', 0, 0, NULL, '2019-04-06 16:03:13', '2019-04-07 01:10:20'),
(745, 25, '2019-04-06', '2019-04-06 11:42:00', '2019-04-06 07:00:00', 282, 1, '', 0, 0, NULL, '2019-04-06 16:42:44', '2019-04-08 16:44:31'),
(746, 2, '2019-04-06', '2019-04-06 11:45:00', '2019-04-06 20:45:00', 540, 1, '', 0, 0, NULL, '2019-04-06 16:45:32', '2019-04-08 16:14:20'),
(747, 32, '2019-04-06', '2019-04-06 15:09:17', '2019-04-06 19:42:51', 273, 1, 'half_day', 0, 0, NULL, '2019-04-06 20:09:17', '2019-04-07 00:42:51'),
(748, 25, '2019-04-07', '2019-04-07 12:58:24', '2019-04-07 17:37:10', 278, 1, 'sunday_4.63', 0, 0, NULL, '2019-04-07 17:58:24', '2019-04-07 22:37:10'),
(749, 14, '2019-04-07', '2019-04-07 14:09:49', '2019-04-07 17:50:40', 220, 1, 'sunday_3.67', 0, 0, NULL, '2019-04-07 19:09:49', '2019-04-07 22:50:40'),
(750, 18, '2019-04-08', '2019-04-08 08:43:13', '2019-04-08 19:09:44', 626, 1, '', 0, 0, NULL, '2019-04-08 13:43:13', '2019-04-09 00:09:44'),
(751, 7, '2019-04-08', '2019-04-08 08:59:23', '2019-04-08 19:04:38', 605, 1, '', 0, 0, NULL, '2019-04-08 13:59:23', '2019-04-09 00:04:38'),
(752, 4, '2019-04-08', '2019-04-08 09:01:38', '2019-04-08 19:08:31', 606, 1, '', 0, 0, NULL, '2019-04-08 14:01:38', '2019-04-09 00:08:31'),
(753, 17, '2019-04-08', '2019-04-08 09:15:14', '2019-04-08 19:09:12', 593, 1, '', 0, 0, NULL, '2019-04-08 14:15:14', '2019-04-09 00:09:12'),
(754, 5, '2019-04-08', '2019-04-08 09:15:55', NULL, NULL, 1, '', 0, 0, NULL, '2019-04-08 14:15:55', '2019-04-08 14:15:55'),
(755, 11, '2019-04-08', '2019-04-08 09:32:41', '2019-04-08 19:15:05', 582, 1, '', 0, 0, NULL, '2019-04-08 14:32:41', '2019-04-09 00:15:05'),
(756, 12, '2019-04-08', '2019-04-08 09:33:23', '2019-04-08 19:30:08', 596, 1, '', 0, 0, NULL, '2019-04-08 14:33:23', '2019-04-09 00:30:08'),
(757, 15, '2019-04-08', '2019-04-08 09:36:11', '2019-04-08 19:10:05', 573, 1, '', 0, 0, NULL, '2019-04-08 14:36:11', '2019-04-09 00:10:05'),
(758, 26, '2019-04-08', '2019-04-08 09:36:28', '2019-04-08 19:33:36', 597, 1, '', 0, 0, NULL, '2019-04-08 14:36:28', '2019-04-09 00:33:36'),
(759, 9, '2019-04-08', '2019-04-08 09:37:00', '2019-04-08 20:15:00', 638, 1, '', 0, 0, NULL, '2019-04-08 14:37:28', '2019-04-12 14:41:01'),
(760, 8, '2019-04-08', '2019-04-08 09:40:26', '2019-04-08 19:03:50', 563, 1, '', 0, 0, NULL, '2019-04-08 14:40:26', '2019-04-09 00:03:50'),
(761, 16, '2019-04-08', '2019-04-08 09:44:15', '2019-04-08 19:53:21', 609, 1, 'late_09:44', 0, 0, NULL, '2019-04-08 14:44:15', '2019-04-09 00:53:21'),
(762, 21, '2019-04-08', '2019-04-08 09:45:27', '2019-04-08 19:50:58', 605, 1, '', 0, 0, NULL, '2019-04-08 14:45:27', '2019-04-09 00:50:58'),
(763, 25, '2019-04-08', '2019-04-08 09:45:58', '2019-04-08 19:50:03', 604, 1, 'late_09:45', 0, 0, NULL, '2019-04-08 14:45:58', '2019-04-09 00:50:03'),
(764, 2, '2019-04-08', '2019-04-08 09:30:00', '2019-04-08 19:46:00', 616, 1, '', 0, 0, NULL, '2019-04-08 14:50:03', '2019-04-10 00:19:18'),
(765, 3, '2019-04-08', '2019-04-08 09:51:48', '2019-04-08 19:46:49', 595, 1, '', 0, 0, NULL, '2019-04-08 14:51:48', '2019-04-09 00:46:49'),
(766, 24, '2019-04-08', '2019-04-08 09:56:49', '2019-04-08 19:53:32', 596, 1, '', 0, 0, NULL, '2019-04-08 14:56:49', '2019-04-09 00:53:32'),
(767, 29, '2019-04-08', '2019-04-08 09:58:35', '2019-04-08 19:43:54', 585, 1, '', 0, 0, NULL, '2019-04-08 14:58:35', '2019-04-09 00:43:54'),
(768, 20, '2019-04-08', '2019-04-08 10:02:13', '2019-04-08 17:36:11', 453, 1, '', 1, 0, '<b>Requested for full day</b><br>', '2019-04-08 15:02:13', '2019-04-11 14:46:13'),
(769, 22, '2019-04-08', '2019-04-08 10:08:24', '2019-04-08 19:29:27', 561, 1, '', 0, 0, NULL, '2019-04-08 15:08:24', '2019-04-09 00:29:27'),
(770, 23, '2019-04-08', '2019-04-08 10:11:59', '2019-04-08 19:43:33', 571, 1, 'late_10:11', 0, 0, NULL, '2019-04-08 15:11:59', '2019-04-09 00:43:33'),
(771, 14, '2019-04-08', '2019-04-08 10:15:02', '2019-04-08 19:36:59', 561, 1, 'late_10:15', 0, 0, NULL, '2019-04-08 15:15:02', '2019-04-09 00:36:59'),
(772, 27, '2019-04-08', '2019-04-08 10:16:14', '2019-04-08 19:08:01', 531, 1, 'late_10:16', 1, 0, '<b>Requested for full day</b><br>Family Function', '2019-04-08 15:16:14', '2019-04-10 19:40:13'),
(773, 30, '2019-04-08', '2019-04-08 10:27:10', '2019-04-08 20:00:30', 573, 1, '', 0, 0, NULL, '2019-04-08 15:27:10', '2019-04-09 01:00:30'),
(774, 10, '2019-04-08', '2019-04-08 10:31:12', '2019-04-08 20:02:03', 570, 1, '', 0, 0, NULL, '2019-04-08 15:31:12', '2019-04-09 01:02:03'),
(775, 28, '2019-04-08', '2019-04-08 11:08:18', '2019-04-08 19:38:43', 510, 1, 'late_11:08', 1, 0, '<b>Requested for full day</b><br>I was late due to some personal work, please deduct 1 hour from early leaves.', '2019-04-08 16:08:18', '2019-04-10 19:41:29'),
(776, 32, '2019-04-08', '2019-04-08 15:19:25', '2019-04-08 19:41:50', 262, 1, 'half_day', 1, 0, '<b>Requested for half day</b><br>exam time', '2019-04-08 20:19:25', '2019-04-10 19:41:51'),
(777, 23, '2019-04-09', '2019-04-09 08:40:27', '2019-04-09 18:53:00', 612, 1, '', 0, 0, NULL, '2019-04-09 13:40:27', '2019-04-09 23:53:00'),
(778, 18, '2019-04-09', '2019-04-09 08:52:14', '2019-04-09 19:03:50', 611, 1, '', 0, 0, NULL, '2019-04-09 13:52:14', '2019-04-10 00:03:50'),
(779, 17, '2019-04-09', '2019-04-09 09:05:16', '2019-04-09 19:02:20', 597, 1, '', 0, 0, NULL, '2019-04-09 14:05:16', '2019-04-10 00:02:20'),
(780, 13, '2019-04-09', '2019-04-09 09:21:55', '2019-04-09 19:21:57', 600, 1, '', 0, 0, NULL, '2019-04-09 14:21:55', '2019-04-10 00:21:57'),
(781, 11, '2019-04-09', '2019-04-09 09:30:54', NULL, NULL, 1, '', 0, 0, NULL, '2019-04-09 14:30:54', '2019-04-09 14:30:54'),
(782, 15, '2019-04-09', '2019-04-09 09:34:24', '2019-04-09 19:05:00', 570, 1, '', 0, 0, NULL, '2019-04-09 14:34:24', '2019-04-10 00:05:00'),
(783, 7, '2019-04-09', '2019-04-09 09:34:41', '2019-04-09 19:01:06', 566, 1, '', 0, 0, NULL, '2019-04-09 14:34:41', '2019-04-10 00:01:06'),
(784, 16, '2019-04-09', '2019-04-09 09:35:16', '2019-04-09 19:10:50', 575, 1, '', 0, 0, NULL, '2019-04-09 14:35:16', '2019-04-10 00:10:50'),
(785, 4, '2019-04-09', '2019-04-09 09:35:25', '2019-04-09 19:02:55', 567, 1, '', 0, 0, NULL, '2019-04-09 14:35:25', '2019-04-10 00:02:55'),
(786, 8, '2019-04-09', '2019-04-09 09:35:39', '2019-04-09 18:52:06', 556, 1, '', 0, 0, NULL, '2019-04-09 14:35:39', '2019-04-09 23:52:06'),
(787, 9, '2019-04-09', '2019-04-09 09:36:00', '2019-04-09 20:15:00', 639, 1, '', 0, 0, NULL, '2019-04-09 14:36:45', '2019-04-12 14:41:22'),
(788, 12, '2019-04-09', '2019-04-09 09:37:05', '2019-04-09 19:18:35', 581, 1, '', 0, 0, NULL, '2019-04-09 14:37:05', '2019-04-10 00:18:35'),
(789, 26, '2019-04-09', '2019-04-09 09:38:06', '2019-04-09 20:09:28', 631, 1, '', 0, 0, NULL, '2019-04-09 14:38:06', '2019-04-10 01:09:28'),
(790, 25, '2019-04-09', '2019-04-09 09:38:49', NULL, NULL, 1, '', 0, 0, NULL, '2019-04-09 14:38:49', '2019-04-09 14:38:49'),
(791, 5, '2019-04-09', '2019-04-09 09:41:32', '2019-04-09 19:20:18', 578, 1, '', 0, 0, NULL, '2019-04-09 14:41:32', '2019-04-10 00:20:18'),
(792, 2, '2019-04-09', '2019-04-09 09:46:11', '2019-04-09 19:38:50', 592, 1, 'late_09:46', 0, 0, NULL, '2019-04-09 14:46:11', '2019-04-10 00:38:50'),
(793, 29, '2019-04-09', '2019-04-09 09:49:39', '2019-04-09 19:37:09', 587, 1, '', 0, 0, NULL, '2019-04-09 14:49:39', '2019-04-10 00:37:09'),
(794, 24, '2019-04-09', '2019-04-09 09:51:05', '2019-04-09 19:36:15', 585, 1, '', 0, 0, NULL, '2019-04-09 14:51:05', '2019-04-10 00:36:15'),
(795, 14, '2019-04-09', '2019-04-09 09:53:54', '2019-04-09 20:50:14', 656, 1, 'late_09:53', 0, 0, NULL, '2019-04-09 14:53:54', '2019-04-10 01:50:14'),
(796, 21, '2019-04-09', '2019-04-09 09:59:29', '2019-04-09 19:00:06', 540, 1, '', 0, 0, NULL, '2019-04-09 14:59:29', '2019-04-10 00:00:06'),
(797, 20, '2019-04-09', '2019-04-09 10:00:50', '2019-04-09 19:38:35', 577, 1, '', 0, 0, NULL, '2019-04-09 15:00:50', '2019-04-10 00:38:36'),
(798, 3, '2019-04-09', '2019-04-09 10:02:48', '2019-04-09 19:12:05', 549, 1, '', 0, 0, NULL, '2019-04-09 15:02:48', '2019-04-10 00:12:05'),
(799, 27, '2019-04-09', '2019-04-09 10:04:13', '2019-04-09 19:06:39', 542, 1, 'late_10:04', 0, 0, NULL, '2019-04-09 15:04:13', '2019-04-10 00:06:39'),
(800, 28, '2019-04-09', '2019-04-09 10:09:16', '2019-04-09 19:32:49', 563, 1, '', 0, 0, NULL, '2019-04-09 15:09:16', '2019-04-10 00:32:49'),
(801, 30, '2019-04-09', '2019-04-09 10:12:13', '2019-04-09 20:00:06', 587, 1, '', 0, 0, NULL, '2019-04-09 15:12:13', '2019-04-10 01:00:06'),
(802, 10, '2019-04-09', '2019-04-09 10:28:46', NULL, NULL, 1, '', 0, 0, NULL, '2019-04-09 15:28:46', '2019-04-09 15:28:46'),
(803, 22, '2019-04-09', '2019-04-09 10:29:22', '2019-04-09 19:30:13', 540, 1, 'late_10:29', 0, 0, NULL, '2019-04-09 15:29:22', '2019-04-10 00:30:13'),
(804, 32, '2019-04-09', '2019-04-09 15:34:37', '2019-04-09 20:10:24', 275, 1, 'half_day', 0, 0, NULL, '2019-04-09 20:34:37', '2019-04-10 01:10:24'),
(805, 18, '2019-04-10', '2019-04-10 08:53:25', NULL, NULL, 1, '', 0, 0, NULL, '2019-04-10 13:53:26', '2019-04-10 13:53:26'),
(806, 23, '2019-04-10', '2019-04-10 08:54:26', '2019-04-10 19:32:48', 638, 1, '', 0, 0, NULL, '2019-04-10 13:54:26', '2019-04-11 00:32:48'),
(807, 5, '2019-04-10', '2019-04-10 09:02:41', '2019-04-10 19:19:48', 617, 1, '', 0, 0, NULL, '2019-04-10 14:02:41', '2019-04-11 00:19:48'),
(808, 17, '2019-04-10', '2019-04-10 09:07:03', '2019-04-10 19:18:08', 611, 1, '', 0, 0, NULL, '2019-04-10 14:07:03', '2019-04-11 00:18:08'),
(809, 7, '2019-04-10', '2019-04-10 09:29:23', '2019-04-10 19:22:11', 592, 1, '', 0, 0, NULL, '2019-04-10 14:29:23', '2019-04-11 00:22:11'),
(810, 12, '2019-04-10', '2019-04-10 09:29:26', '2019-04-10 19:04:47', 575, 1, '', 0, 0, NULL, '2019-04-10 14:29:26', '2019-04-11 00:04:47'),
(811, 4, '2019-04-10', '2019-04-10 09:30:03', '2019-04-10 19:23:59', 593, 1, '', 0, 0, NULL, '2019-04-10 14:30:03', '2019-04-11 00:23:59'),
(812, 11, '2019-04-10', '2019-04-10 09:32:44', '2019-04-10 19:14:54', 582, 1, '', 0, 0, NULL, '2019-04-10 14:32:44', '2019-04-11 00:14:54'),
(813, 16, '2019-04-10', '2019-04-10 09:32:54', '2019-04-10 19:11:27', 578, 1, '', 0, 0, NULL, '2019-04-10 14:32:54', '2019-04-11 00:11:27'),
(814, 26, '2019-04-10', '2019-04-10 09:36:23', '2019-04-10 19:44:52', 608, 1, '', 0, 0, NULL, '2019-04-10 14:36:23', '2019-04-11 00:44:52'),
(815, 9, '2019-04-10', '2019-04-10 09:37:28', NULL, NULL, 1, '', 0, 0, NULL, '2019-04-10 14:37:28', '2019-04-10 14:37:28'),
(816, 2, '2019-04-10', '2019-04-10 09:38:17', '2019-04-10 19:46:14', 607, 1, '', 0, 0, NULL, '2019-04-10 14:38:17', '2019-04-11 00:46:14'),
(817, 25, '2019-04-10', '2019-04-10 09:39:03', '2019-04-10 19:57:07', 618, 1, '', 0, 0, NULL, '2019-04-10 14:39:03', '2019-04-11 00:57:07'),
(818, 14, '2019-04-10', '2019-04-10 09:39:27', '2019-04-10 19:24:48', 585, 1, '', 0, 0, NULL, '2019-04-10 14:39:27', '2019-04-11 00:24:48'),
(819, 8, '2019-04-10', '2019-04-10 09:40:11', '2019-04-10 19:04:39', 564, 1, '', 0, 0, NULL, '2019-04-10 14:40:11', '2019-04-11 00:04:39'),
(820, 13, '2019-04-10', '2019-04-10 09:40:13', NULL, NULL, 1, '', 0, 0, NULL, '2019-04-10 14:40:13', '2019-04-10 14:40:13'),
(821, 24, '2019-04-10', '2019-04-10 09:51:06', '2019-04-10 19:30:21', 579, 1, '', 0, 0, NULL, '2019-04-10 14:51:06', '2019-04-11 00:30:21'),
(822, 29, '2019-04-10', '2019-04-10 09:51:53', '2019-04-10 19:47:50', 595, 1, '', 0, 0, NULL, '2019-04-10 14:51:53', '2019-04-11 00:47:50'),
(823, 21, '2019-04-10', '2019-04-10 09:52:52', '2019-04-10 19:31:02', 578, 1, '', 0, 0, NULL, '2019-04-10 14:52:52', '2019-04-11 00:31:02'),
(824, 27, '2019-04-10', '2019-04-10 10:00:16', '2019-04-10 19:01:28', 541, 1, 'late_10:00', 0, 0, NULL, '2019-04-10 15:00:16', '2019-04-11 00:01:28'),
(825, 28, '2019-04-10', '2019-04-10 10:05:29', NULL, NULL, 1, '', 0, 0, NULL, '2019-04-10 15:05:29', '2019-04-10 15:05:29'),
(826, 22, '2019-04-10', '2019-04-10 10:11:34', '2019-04-10 19:30:18', 558, 1, 'late_10:11', 0, 0, NULL, '2019-04-10 15:11:34', '2019-04-11 00:30:18'),
(827, 10, '2019-04-10', '2019-04-10 10:25:08', NULL, NULL, 1, '', 0, 0, NULL, '2019-04-10 15:25:08', '2019-04-10 15:25:08'),
(828, 30, '2019-04-10', '2019-04-10 10:32:55', '2019-04-10 20:00:19', 567, 1, '', 0, 0, NULL, '2019-04-10 15:32:55', '2019-04-11 01:00:19'),
(829, 3, '2019-04-10', '2019-04-10 11:08:52', '2019-04-10 12:12:41', 63, 1, 'full_day', 0, 0, NULL, '2019-04-10 16:08:52', '2019-04-10 17:12:41'),
(830, 32, '2019-04-10', '2019-04-10 15:38:11', '2019-04-10 19:56:03', 257, 1, 'half_day', 1, 0, '<b>Requested for half day</b><br>exam time', '2019-04-10 20:38:11', '2019-04-12 14:37:33'),
(831, 23, '2019-04-11', '2019-04-11 08:44:28', '2019-04-11 19:32:11', 647, 1, '', 0, 0, NULL, '2019-04-11 13:44:28', '2019-04-12 00:32:11'),
(832, 18, '2019-04-11', '2019-04-11 08:45:44', '2019-04-11 19:04:37', 618, 1, '', 0, 0, NULL, '2019-04-11 13:45:44', '2019-04-12 00:04:37'),
(833, 17, '2019-04-11', '2019-04-11 09:18:31', '2019-04-11 19:15:56', 597, 1, '', 0, 0, NULL, '2019-04-11 14:18:31', '2019-04-12 00:15:56'),
(834, 5, '2019-04-11', '2019-04-11 09:28:24', '2019-04-11 19:29:09', 600, 1, '', 0, 0, NULL, '2019-04-11 14:28:24', '2019-04-12 00:29:09'),
(835, 7, '2019-04-11', '2019-04-11 09:29:43', '2019-04-11 19:02:33', 572, 1, '', 0, 0, NULL, '2019-04-11 14:29:43', '2019-04-12 00:02:33'),
(836, 4, '2019-04-11', '2019-04-11 09:30:30', '2019-04-11 19:02:49', 572, 1, '', 0, 0, NULL, '2019-04-11 14:30:30', '2019-04-12 00:02:49'),
(837, 16, '2019-04-11', '2019-04-11 09:32:07', '2019-04-11 19:09:39', 577, 1, '', 0, 0, NULL, '2019-04-11 14:32:07', '2019-04-12 00:09:39'),
(838, 12, '2019-04-11', '2019-04-11 09:33:00', '2019-04-11 19:03:19', 570, 1, '', 0, 0, NULL, '2019-04-11 14:33:01', '2019-04-12 00:03:19'),
(839, 26, '2019-04-11', '2019-04-11 09:33:39', '2019-04-11 19:49:24', 615, 1, '', 0, 0, NULL, '2019-04-11 14:33:39', '2019-04-12 00:49:24'),
(840, 3, '2019-04-11', '2019-04-11 09:35:47', '2019-04-11 18:05:21', 509, 1, '', 1, 1, '<b>Requested for full day</b><br>', '2019-04-11 14:35:47', '2019-04-11 23:05:21'),
(841, 8, '2019-04-11', '2019-04-11 09:38:25', '2019-04-11 19:03:25', 565, 1, '', 0, 0, NULL, '2019-04-11 14:38:25', '2019-04-12 00:03:25'),
(842, 9, '2019-04-11', '2019-04-11 09:38:40', '2019-04-11 19:18:39', 579, 1, '', 0, 0, NULL, '2019-04-11 14:38:40', '2019-04-12 00:18:39'),
(843, 2, '2019-04-11', '2019-04-11 09:39:35', '2019-04-11 19:14:05', 574, 1, '', 0, 0, NULL, '2019-04-11 14:39:35', '2019-04-12 00:14:05'),
(844, 14, '2019-04-11', '2019-04-11 09:46:56', '2019-04-11 19:52:03', 605, 1, 'late_09:46', 0, 0, NULL, '2019-04-11 14:46:56', '2019-04-12 00:52:03'),
(845, 21, '2019-04-11', '2019-04-11 09:51:21', '2019-04-11 19:30:13', 578, 1, '', 0, 0, NULL, '2019-04-11 14:51:21', '2019-04-12 00:30:13'),
(846, 27, '2019-04-11', '2019-04-11 09:57:22', '2019-04-11 20:37:13', 639, 1, 'late_09:57', 0, 0, NULL, '2019-04-11 14:57:22', '2019-04-12 01:37:13'),
(847, 29, '2019-04-11', '2019-04-11 10:00:12', NULL, NULL, 1, '', 0, 0, NULL, '2019-04-11 15:00:12', '2019-04-11 15:00:12'),
(848, 24, '2019-04-11', '2019-04-11 10:00:30', '2019-04-11 19:30:02', 569, 1, '', 0, 0, NULL, '2019-04-11 15:00:30', '2019-04-12 00:30:02'),
(849, 28, '2019-04-11', '2019-04-11 10:00:49', '2019-04-11 20:00:32', 599, 1, '', 0, 0, NULL, '2019-04-11 15:00:49', '2019-04-12 01:00:32'),
(850, 22, '2019-04-11', '2019-04-11 10:09:38', '2019-04-11 19:32:29', 562, 1, '', 0, 0, NULL, '2019-04-11 15:09:38', '2019-04-12 00:32:29'),
(851, 30, '2019-04-11', '2019-04-11 10:13:31', '2019-04-11 19:56:16', 582, 1, '', 0, 0, NULL, '2019-04-11 15:13:31', '2019-04-12 00:56:16'),
(852, 13, '2019-04-11', '2019-04-11 09:35:00', '2019-04-11 19:07:00', 572, 1, '', 1, 0, '<b>Requested for full day</b><br>net not working IN @9:35', '2019-04-11 15:26:25', '2019-04-12 14:32:46'),
(853, 10, '2019-04-11', '2019-04-11 10:33:53', '2019-04-11 20:01:31', 567, 1, '', 0, 0, NULL, '2019-04-11 15:33:53', '2019-04-12 01:01:31'),
(854, 25, '2019-04-11', '2019-04-11 09:35:00', '2019-04-11 09:33:00', 2, 1, '', 0, 0, NULL, '2019-04-11 16:24:45', '2019-04-12 14:33:18'),
(855, 32, '2019-04-11', '2019-04-11 14:58:12', '2019-04-11 19:41:45', 283, 1, 'half_day', 0, 0, NULL, '2019-04-11 19:58:12', '2019-04-12 00:41:45'),
(856, 18, '2019-04-12', '2019-04-12 08:46:28', '2019-04-12 19:33:13', 646, 1, '', 0, 0, NULL, '2019-04-12 13:46:28', '2019-04-13 00:33:13'),
(857, 23, '2019-04-12', '2019-04-12 09:04:17', '2019-04-12 19:30:16', 625, 1, '', 0, 0, NULL, '2019-04-12 14:04:17', '2019-04-13 00:30:16'),
(858, 5, '2019-04-12', '2019-04-12 09:17:10', NULL, NULL, 1, '', 0, 0, NULL, '2019-04-12 14:17:10', '2019-04-12 14:17:10'),
(859, 2, '2019-04-12', '2019-04-12 09:29:20', '2019-04-12 19:03:14', 573, 1, '', 0, 0, NULL, '2019-04-12 14:29:20', '2019-04-13 00:03:14'),
(860, 4, '2019-04-12', '2019-04-12 09:31:18', '2019-04-12 19:02:19', 571, 1, '', 0, 0, NULL, '2019-04-12 14:31:18', '2019-04-13 00:02:19'),
(861, 31, '2019-04-12', '2019-04-12 09:31:21', '2019-04-12 19:19:58', 588, 1, '', 0, 0, NULL, '2019-04-12 14:31:21', '2019-04-13 00:19:58'),
(862, 16, '2019-04-12', '2019-04-12 09:35:05', '2019-04-12 18:46:02', 550, 1, '', 0, 0, NULL, '2019-04-12 14:35:05', '2019-04-12 23:46:03'),
(863, 12, '2019-04-12', '2019-04-12 09:36:20', '2019-04-12 19:06:18', 569, 1, '', 0, 0, NULL, '2019-04-12 14:36:20', '2019-04-13 00:06:18'),
(864, 13, '2019-04-12', '2019-04-12 09:37:26', '2019-04-12 19:52:39', 615, 1, '', 0, 0, NULL, '2019-04-12 14:37:26', '2019-04-13 00:52:39'),
(865, 9, '2019-04-12', '2019-04-12 09:37:55', '2019-04-12 19:40:40', 602, 1, '', 0, 0, NULL, '2019-04-12 14:37:55', '2019-04-13 00:40:40'),
(866, 8, '2019-04-12', '2019-04-12 09:39:59', '2019-04-12 19:08:05', 568, 1, '', 0, 0, NULL, '2019-04-12 14:39:59', '2019-04-13 00:08:05'),
(867, 26, '2019-04-12', '2019-04-12 09:40:03', '2019-04-12 20:00:23', 620, 1, '', 0, 0, NULL, '2019-04-12 14:40:03', '2019-04-13 01:00:23'),
(868, 21, '2019-04-12', '2019-04-12 09:41:13', '2019-04-12 20:12:09', 630, 1, '', 0, 0, NULL, '2019-04-12 14:41:13', '2019-04-13 01:12:09'),
(869, 14, '2019-04-12', '2019-04-12 09:44:28', '2019-04-12 20:13:03', 628, 1, 'late_09:44', 0, 0, NULL, '2019-04-12 14:44:28', '2019-04-13 01:13:03'),
(870, 20, '2019-04-12', '2019-04-12 10:04:22', '2019-04-12 14:29:48', 265, 1, '', 1, 1, '<b>Requested for half day</b><br>', '2019-04-12 15:04:22', '2019-04-12 19:29:48'),
(871, 29, '2019-04-12', '2019-04-12 10:04:59', '2019-04-12 19:49:36', 584, 1, '', 0, 0, NULL, '2019-04-12 15:04:59', '2019-04-13 00:49:36'),
(872, 24, '2019-04-12', '2019-04-12 10:05:34', '2019-04-12 11:08:29', 62, 1, 'full_day', 0, 0, NULL, '2019-04-12 15:05:34', '2019-04-12 16:08:29'),
(873, 3, '2019-04-12', '2019-04-12 10:06:19', '2019-04-12 20:12:55', 606, 1, '', 0, 0, NULL, '2019-04-12 15:06:19', '2019-04-13 01:12:55'),
(874, 28, '2019-04-12', '2019-04-12 10:08:45', NULL, NULL, 1, '', 0, 0, NULL, '2019-04-12 15:08:45', '2019-04-12 15:08:45'),
(875, 27, '2019-04-12', '2019-04-12 10:10:21', '2019-04-12 20:18:52', 608, 1, 'late_10:10', 0, 0, NULL, '2019-04-12 15:10:21', '2019-04-13 01:18:52'),
(876, 22, '2019-04-12', '2019-04-12 10:20:32', '2019-04-12 19:30:12', 549, 1, 'late_10:20', 0, 0, NULL, '2019-04-12 15:20:32', '2019-04-13 00:30:12'),
(877, 17, '2019-04-12', '2019-04-12 10:23:19', '2019-04-12 19:51:18', 567, 1, 'late_10:23', 0, 0, NULL, '2019-04-12 15:23:19', '2019-04-13 00:51:18'),
(878, 30, '2019-04-12', '2019-04-12 10:29:33', '2019-04-12 20:01:24', 571, 1, '', 0, 0, NULL, '2019-04-12 15:29:33', '2019-04-13 01:01:24'),
(879, 10, '2019-04-12', '2019-04-12 10:38:38', NULL, NULL, 1, '', 0, 0, NULL, '2019-04-12 15:38:38', '2019-04-12 15:38:38'),
(880, 32, '2019-04-12', '2019-04-12 15:01:09', '2019-04-12 19:39:00', 277, 1, 'half_day', 0, 0, NULL, '2019-04-12 20:01:09', '2019-04-13 00:39:00'),
(881, 18, '2019-04-13', '2019-04-13 08:58:37', '2019-04-13 19:04:12', 605, 1, '', 0, 0, NULL, '2019-04-13 13:58:38', '2019-04-14 00:04:12'),
(882, 5, '2019-04-13', '2019-04-13 09:01:10', '2019-04-13 17:42:26', 521, 1, '', 1, 0, '<b>Requested for full day</b><br>', '2019-04-13 14:01:10', '2019-04-22 17:54:20'),
(883, 17, '2019-04-13', '2019-04-13 09:07:13', '2019-04-13 15:14:33', 367, 1, 'half_day', 0, 0, NULL, '2019-04-13 14:07:13', '2019-04-13 20:14:33'),
(884, 13, '2019-04-13', '2019-04-13 09:10:19', '2019-04-13 19:35:07', 624, 1, '', 0, 0, NULL, '2019-04-13 14:10:19', '2019-04-14 00:35:07'),
(885, 31, '2019-04-13', '2019-04-13 09:22:42', '2019-04-13 19:08:23', 585, 1, '', 0, 0, NULL, '2019-04-13 14:22:42', '2019-04-14 00:08:23'),
(886, 7, '2019-04-13', '2019-04-13 09:29:20', '2019-04-13 19:12:30', 583, 1, '', 0, 0, NULL, '2019-04-13 14:29:20', '2019-04-14 00:12:30'),
(887, 12, '2019-04-13', '2019-04-13 09:29:58', '2019-04-13 19:05:35', 575, 1, '', 0, 0, NULL, '2019-04-13 14:29:58', '2019-04-14 00:05:35'),
(888, 4, '2019-04-13', '2019-04-13 09:30:20', '2019-04-13 19:14:40', 584, 1, '', 0, 0, NULL, '2019-04-13 14:30:20', '2019-04-14 00:14:40'),
(889, 3, '2019-04-13', '2019-04-13 09:32:11', '2019-04-13 20:02:44', 630, 1, '', 0, 0, NULL, '2019-04-13 14:32:11', '2019-04-14 01:02:44'),
(890, 11, '2019-04-13', '2019-04-13 09:32:12', '2019-04-13 19:15:25', 583, 1, '', 0, 0, NULL, '2019-04-13 14:32:12', '2019-04-14 00:15:25'),
(891, 23, '2019-04-13', '2019-04-13 09:33:40', '2019-04-13 19:32:14', 598, 1, '', 0, 0, NULL, '2019-04-13 14:33:40', '2019-04-14 00:32:14'),
(892, 2, '2019-04-13', '2019-04-13 09:38:02', NULL, NULL, 1, '', 0, 0, NULL, '2019-04-13 14:38:02', '2019-04-13 14:38:02'),
(893, 8, '2019-04-13', '2019-04-13 09:39:41', '2019-04-13 19:02:20', 562, 1, '', 0, 0, NULL, '2019-04-13 14:39:41', '2019-04-14 00:02:20'),
(894, 21, '2019-04-13', '2019-04-13 09:39:54', '2019-04-13 17:02:58', 443, 1, '', 1, 1, '<b>Requested for full day</b><br>', '2019-04-13 14:39:54', '2019-04-13 22:02:58'),
(895, 26, '2019-04-13', '2019-04-13 09:43:33', '2019-04-13 19:15:03', 571, 1, 'late_09:43', 0, 0, NULL, '2019-04-13 14:43:33', '2019-04-14 00:15:03'),
(896, 14, '2019-04-13', '2019-04-13 10:01:05', '2019-04-13 19:35:43', 574, 1, 'late_10:01', 0, 0, NULL, '2019-04-13 15:01:05', '2019-04-14 00:35:43'),
(897, 24, '2019-04-13', '2019-04-13 10:05:39', '2019-04-13 19:29:19', 563, 1, '', 0, 0, NULL, '2019-04-13 15:05:39', '2019-04-14 00:29:19'),
(898, 28, '2019-04-13', '2019-04-13 10:07:13', '2019-04-13 20:07:17', 600, 1, '', 0, 0, NULL, '2019-04-13 15:07:13', '2019-04-14 01:07:17'),
(899, 22, '2019-04-13', '2019-04-13 10:07:32', '2019-04-13 19:30:05', 562, 1, '', 0, 0, NULL, '2019-04-13 15:07:32', '2019-04-14 00:30:05'),
(900, 29, '2019-04-13', '2019-04-13 10:10:54', '2019-04-13 19:30:09', 559, 1, '', 0, 0, NULL, '2019-04-13 15:10:54', '2019-04-14 00:30:09'),
(901, 30, '2019-04-13', '2019-04-13 10:19:15', '2019-04-13 20:03:49', 584, 1, '', 0, 0, NULL, '2019-04-13 15:19:15', '2019-04-14 01:03:49'),
(902, 10, '2019-04-13', '2019-04-13 10:31:07', '2019-04-13 20:09:04', 577, 1, '', 0, 0, NULL, '2019-04-13 15:31:07', '2019-04-14 01:09:04'),
(903, 9, '2019-04-13', '2019-04-13 11:05:40', '2019-04-13 19:21:50', 496, 1, 'late_11:05', 1, 1, '<b>Requested for full day</b><br>Opting for Early Leave.', '2019-04-13 16:05:40', '2019-04-14 00:21:50'),
(904, 27, '2019-04-13', '2019-04-13 11:38:34', '2019-04-13 19:03:37', 445, 1, 'half_day', 0, 0, NULL, '2019-04-13 16:38:34', '2019-04-14 00:03:37'),
(905, 32, '2019-04-13', '2019-04-13 15:11:31', NULL, NULL, 1, 'dhalf_15:11', 0, 0, NULL, '2019-04-13 20:11:31', '2019-04-13 20:11:31'),
(906, 13, '2019-04-14', '2019-04-14 11:02:24', '2019-04-14 19:09:31', 487, 1, 'sunday_8.12', 0, 0, NULL, '2019-04-14 16:02:24', '2019-04-15 00:09:31'),
(907, 14, '2019-04-14', '2019-04-14 14:05:47', '2019-04-14 19:07:01', 301, 1, 'sunday_5.02', 0, 0, NULL, '2019-04-14 19:05:47', '2019-04-15 00:07:01'),
(908, 18, '2019-04-15', '2019-04-15 08:34:48', '2019-04-15 19:32:56', 658, 1, '', 0, 0, NULL, '2019-04-15 13:34:48', '2019-04-16 00:32:56'),
(909, 8, '2019-04-15', '2019-04-15 09:13:45', '2019-04-15 18:48:44', 574, 1, '', 0, 0, NULL, '2019-04-15 14:13:45', '2019-04-15 23:48:44'),
(910, 17, '2019-04-15', '2019-04-15 09:14:06', '2019-04-15 19:15:47', 601, 1, '', 0, 0, NULL, '2019-04-15 14:14:06', '2019-04-16 00:15:48'),
(911, 7, '2019-04-15', '2019-04-15 09:27:28', '2019-04-15 19:00:05', 572, 1, '', 0, 0, NULL, '2019-04-15 14:27:28', '2019-04-16 00:00:05'),
(912, 4, '2019-04-15', '2019-04-15 09:28:20', '2019-04-15 19:00:10', 571, 1, '', 0, 0, NULL, '2019-04-15 14:28:20', '2019-04-16 00:00:10'),
(913, 12, '2019-04-15', '2019-04-15 09:31:50', '2019-04-15 19:31:43', 599, 1, '', 0, 0, NULL, '2019-04-15 14:31:50', '2019-04-16 00:31:43'),
(914, 13, '2019-04-15', '2019-04-15 09:32:37', '2019-04-15 19:08:29', 575, 1, '', 0, 0, NULL, '2019-04-15 14:32:37', '2019-04-16 00:08:29'),
(915, 31, '2019-04-15', '2019-04-15 09:32:54', '2019-04-15 19:16:45', 583, 1, '', 0, 0, NULL, '2019-04-15 14:32:54', '2019-04-16 00:16:45'),
(916, 26, '2019-04-15', '2019-04-15 09:34:08', '2019-04-15 19:46:13', 612, 1, '', 0, 0, NULL, '2019-04-15 14:34:08', '2019-04-16 00:46:13'),
(917, 5, '2019-04-15', '2019-04-15 09:36:05', '2019-04-15 19:05:52', 569, 1, '', 0, 0, NULL, '2019-04-15 14:36:05', '2019-04-16 00:05:52'),
(918, 9, '2019-04-15', '2019-04-15 09:36:43', '2019-04-15 19:51:04', 614, 1, '', 0, 0, NULL, '2019-04-15 14:36:43', '2019-04-16 00:51:04'),
(919, 2, '2019-04-15', '2019-04-15 09:40:08', '2019-04-15 19:43:01', 602, 1, '', 0, 0, NULL, '2019-04-15 14:40:08', '2019-04-16 00:43:01'),
(920, 11, '2019-04-15', '2019-04-15 09:45:09', '2019-04-15 19:17:40', 572, 1, 'late_09:45', 0, 0, NULL, '2019-04-15 14:45:09', '2019-04-16 00:17:40'),
(921, 14, '2019-04-15', '2019-04-15 09:53:15', '2019-04-15 19:44:54', 591, 1, 'late_09:53', 0, 0, NULL, '2019-04-15 14:53:15', '2019-04-16 00:44:54'),
(922, 29, '2019-04-15', '2019-04-15 09:55:47', '2019-04-15 19:54:00', 598, 1, '', 0, 0, NULL, '2019-04-15 14:55:47', '2019-04-16 00:54:00'),
(923, 28, '2019-04-15', '2019-04-15 10:01:51', '2019-04-15 19:39:09', 577, 1, '', 0, 0, NULL, '2019-04-15 15:01:51', '2019-04-16 00:39:09'),
(924, 20, '2019-04-15', '2019-04-15 10:03:32', '2019-04-15 19:49:56', 586, 1, '', 0, 0, NULL, '2019-04-15 15:03:32', '2019-04-16 00:49:56'),
(925, 24, '2019-04-15', '2019-04-15 10:05:49', '2019-04-15 19:30:01', 564, 1, '', 0, 0, NULL, '2019-04-15 15:05:49', '2019-04-16 00:30:01'),
(926, 22, '2019-04-15', '2019-04-15 10:07:04', '2019-04-15 19:32:20', 565, 1, '', 0, 0, NULL, '2019-04-15 15:07:04', '2019-04-16 00:32:20'),
(927, 10, '2019-04-15', '2019-04-15 10:34:14', '2019-04-15 20:05:11', 570, 1, '', 0, 0, NULL, '2019-04-15 15:34:14', '2019-04-16 01:05:11'),
(928, 30, '2019-04-15', '2019-04-15 10:43:52', '2019-04-15 20:02:44', 558, 1, 'late_10:43', 0, 0, NULL, '2019-04-15 15:43:52', '2019-04-16 01:02:44'),
(929, 16, '2019-04-15', '2019-04-15 10:55:35', '2019-04-15 19:19:05', 503, 1, 'late_10:55', 1, 1, '<b>Requested for full day</b><br>out of station', '2019-04-15 15:55:35', '2019-04-16 00:19:05'),
(930, 27, '2019-04-15', '2019-04-15 10:56:33', '2019-04-15 19:03:19', 486, 1, 'late_10:56', 1, 1, '<b>Requested for full day</b><br>', '2019-04-15 15:56:33', '2019-04-16 00:03:19'),
(931, 32, '2019-04-15', '2019-04-15 14:59:41', '2019-04-15 19:31:00', 271, 1, 'half_day', 0, 0, NULL, '2019-04-15 19:59:41', '2019-04-16 00:31:00'),
(932, 18, '2019-04-16', '2019-04-16 08:47:27', NULL, NULL, 1, '', 0, 0, NULL, '2019-04-16 13:47:27', '2019-04-16 13:47:27'),
(933, 13, '2019-04-16', '2019-04-16 08:48:07', NULL, NULL, 1, '', 0, 0, NULL, '2019-04-16 13:48:07', '2019-04-16 13:48:07'),
(934, 23, '2019-04-16', '2019-04-16 09:07:39', NULL, NULL, 1, '', 0, 0, NULL, '2019-04-16 14:07:40', '2019-04-16 14:07:40'),
(935, 17, '2019-04-16', '2019-04-16 09:23:48', NULL, NULL, 1, '', 0, 0, NULL, '2019-04-16 14:23:48', '2019-04-16 14:23:48'),
(936, 7, '2019-04-16', '2019-04-16 09:29:54', NULL, NULL, 1, '', 0, 0, NULL, '2019-04-16 14:29:54', '2019-04-16 14:29:54'),
(937, 4, '2019-04-16', '2019-04-16 09:31:07', NULL, NULL, 1, '', 0, 0, NULL, '2019-04-16 14:31:07', '2019-04-16 14:31:07'),
(938, 12, '2019-04-16', '2019-04-16 09:32:50', NULL, NULL, 1, '', 0, 0, NULL, '2019-04-16 14:32:50', '2019-04-16 14:32:50'),
(939, 11, '2019-04-16', '2019-04-16 09:35:12', NULL, NULL, 1, '', 0, 0, NULL, '2019-04-16 14:35:12', '2019-04-16 14:35:12'),
(940, 8, '2019-04-16', '2019-04-16 09:35:24', NULL, NULL, 1, '', 0, 0, NULL, '2019-04-16 14:35:24', '2019-04-16 14:35:24'),
(941, 2, '2019-04-16', '2019-04-16 09:35:48', NULL, NULL, 1, '', 0, 0, NULL, '2019-04-16 14:35:48', '2019-04-16 14:35:48'),
(942, 26, '2019-04-16', '2019-04-16 09:36:20', NULL, NULL, 1, '', 0, 0, NULL, '2019-04-16 14:36:20', '2019-04-16 14:36:20'),
(943, 5, '2019-04-16', '2019-04-16 09:36:21', NULL, NULL, 1, '', 0, 0, NULL, '2019-04-16 14:36:21', '2019-04-16 14:36:21'),
(944, 16, '2019-04-16', '2019-04-16 09:36:43', NULL, NULL, 1, '', 0, 0, NULL, '2019-04-16 14:36:43', '2019-04-16 14:36:43'),
(945, 9, '2019-04-16', '2019-04-16 09:39:44', NULL, NULL, 1, '', 0, 0, NULL, '2019-04-16 14:39:44', '2019-04-16 14:39:44'),
(946, 21, '2019-04-16', '2019-04-16 09:45:23', NULL, NULL, 1, '', 0, 0, NULL, '2019-04-16 14:45:23', '2019-04-16 14:45:23'),
(947, 31, '2019-04-16', '2019-04-16 09:50:14', NULL, NULL, 1, 'late_09:50', 0, 0, NULL, '2019-04-16 14:50:14', '2019-04-16 14:50:14'),
(948, 29, '2019-04-16', '2019-04-16 09:58:39', NULL, NULL, 1, '', 0, 0, NULL, '2019-04-16 14:58:39', '2019-04-16 14:58:39'),
(949, 24, '2019-04-16', '2019-04-16 10:01:07', NULL, NULL, 1, '', 0, 0, NULL, '2019-04-16 15:01:07', '2019-04-16 15:01:07'),
(950, 28, '2019-04-16', '2019-04-16 10:05:55', NULL, NULL, 1, '', 0, 0, NULL, '2019-04-16 15:05:55', '2019-04-16 15:05:55'),
(951, 27, '2019-04-16', '2019-04-16 10:07:20', NULL, NULL, 1, 'late_10:07', 0, 0, NULL, '2019-04-16 15:07:20', '2019-04-16 15:07:20'),
(952, 14, '2019-04-16', '2019-04-16 10:10:03', NULL, NULL, 1, 'late_10:10', 0, 0, NULL, '2019-04-16 15:10:03', '2019-04-16 15:10:03'),
(953, 20, '2019-04-16', '2019-04-16 10:10:57', NULL, NULL, 1, '', 0, 0, NULL, '2019-04-16 15:10:57', '2019-04-16 15:10:57'),
(954, 30, '2019-04-16', '2019-04-16 10:25:48', NULL, NULL, 1, '', 0, 0, NULL, '2019-04-16 15:25:48', '2019-04-16 15:25:48'),
(955, 10, '2019-04-16', '2019-04-16 10:27:56', NULL, NULL, 1, '', 0, 0, NULL, '2019-04-16 15:27:56', '2019-04-16 15:27:56'),
(956, 22, '2019-04-16', '2019-04-16 10:47:19', NULL, NULL, 1, 'late_10:47', 0, 0, NULL, '2019-04-16 15:47:19', '2019-04-16 15:47:19'),
(957, 3, '2019-04-16', '2019-04-16 10:51:35', NULL, NULL, 1, 'late_10:51', 0, 0, NULL, '2019-04-16 15:51:35', '2019-04-16 15:51:35');

-- --------------------------------------------------------

--
-- Table structure for table `code_reviews`
--

CREATE TABLE `code_reviews` (
  `code_review_id` int(10) UNSIGNED NOT NULL,
  `project_id` int(10) UNSIGNED DEFAULT NULL,
  `coder_id` int(10) UNSIGNED DEFAULT NULL,
  `code_reviewer_id` int(10) UNSIGNED DEFAULT NULL,
  `frequently_code_review` varchar(191) COLLATE utf8mb4_unicode_ci DEFAULT NULL,
  `review_start_date` varchar(191) COLLATE utf8mb4_unicode_ci NOT NULL,
  `comments_for_reviewer` varchar(191) COLLATE utf8mb4_unicode_ci DEFAULT NULL,
  `check_points` text COLLATE utf8mb4_unicode_ci NOT NULL COMMENT 'Ids of check points',
  `status` tinyint(4) NOT NULL DEFAULT '1' COMMENT 'Active - 1, Inactive - 0',
  `created_at` timestamp NULL DEFAULT NULL,
  `updated_at` timestamp NULL DEFAULT NULL
) ENGINE=InnoDB DEFAULT CHARSET=utf8mb4 COLLATE=utf8mb4_unicode_ci;

-- --------------------------------------------------------

--
-- Table structure for table `code_review_details`
--

CREATE TABLE `code_review_details` (
  `code_review_detail_id` int(10) UNSIGNED NOT NULL,
  `code_review_info_id` int(10) UNSIGNED DEFAULT NULL,
  `code_review_id` int(10) UNSIGNED DEFAULT NULL,
  `review_check_id` int(10) UNSIGNED DEFAULT NULL,
  `comments` text COLLATE utf8mb4_unicode_ci,
  `review_status` varchar(191) COLLATE utf8mb4_unicode_ci NOT NULL,
  `status` enum('0','1') COLLATE utf8mb4_unicode_ci NOT NULL DEFAULT '1',
  `created_at` timestamp NULL DEFAULT NULL,
  `updated_at` timestamp NULL DEFAULT NULL
) ENGINE=InnoDB DEFAULT CHARSET=utf8mb4 COLLATE=utf8mb4_unicode_ci;

-- --------------------------------------------------------

--
-- Table structure for table `code_review_infos`
--

CREATE TABLE `code_review_infos` (
  `code_review_info_id` int(10) UNSIGNED NOT NULL,
  `project_id` int(10) UNSIGNED DEFAULT NULL,
  `code_reviewer_id` int(10) UNSIGNED DEFAULT NULL,
  `review_date` varchar(191) COLLATE utf8mb4_unicode_ci DEFAULT NULL,
  `code_review_status` tinyint(191) DEFAULT NULL COMMENT '1 - Ontime, 2 - Pending, 3 - Delay',
  `review_upcoming_date` varchar(191) COLLATE utf8mb4_unicode_ci NOT NULL,
  `isSubmit` tinyint(4) NOT NULL DEFAULT '0' COMMENT '0 - Save, 1 - Save & Submit',
  `created_at` timestamp NULL DEFAULT NULL,
  `updated_at` timestamp NULL DEFAULT NULL
) ENGINE=InnoDB DEFAULT CHARSET=utf8mb4 COLLATE=utf8mb4_unicode_ci;

-- --------------------------------------------------------

--
-- Table structure for table `company_configs`
--

CREATE TABLE `company_configs` (
  `company_config_id` int(10) UNSIGNED NOT NULL,
  `office_hours` text COLLATE utf8mb4_unicode_ci,
  `lunch_hours` text COLLATE utf8mb4_unicode_ci,
  `direct_half_time` text COLLATE utf8mb4_unicode_ci,
  `late_half_days` varchar(191) COLLATE utf8mb4_unicode_ci DEFAULT NULL,
  `created_at` timestamp NULL DEFAULT NULL,
  `updated_at` timestamp NULL DEFAULT NULL
) ENGINE=InnoDB DEFAULT CHARSET=utf8mb4 COLLATE=utf8mb4_unicode_ci;

--
-- Dumping data for table `company_configs`
--

INSERT INTO `company_configs` (`company_config_id`, `office_hours`, `lunch_hours`, `direct_half_time`, `late_half_days`, `created_at`, `updated_at`) VALUES
(1, '9', '0.5', '12:00 PM', '3', '2019-01-25 04:15:03', '2019-01-25 04:15:03');

-- --------------------------------------------------------

--
-- Table structure for table `departments`
--

CREATE TABLE `departments` (
  `department_id` int(10) UNSIGNED NOT NULL,
  `department_name` varchar(191) COLLATE utf8mb4_unicode_ci NOT NULL,
  `status` enum('0','1') COLLATE utf8mb4_unicode_ci NOT NULL DEFAULT '1',
  `created_at` timestamp NULL DEFAULT NULL,
  `updated_at` timestamp NULL DEFAULT NULL
) ENGINE=InnoDB DEFAULT CHARSET=utf8mb4 COLLATE=utf8mb4_unicode_ci;

--
-- Dumping data for table `departments`
--

INSERT INTO `departments` (`department_id`, `department_name`, `status`, `created_at`, `updated_at`) VALUES
(1, 'App Department', '1', '2019-01-25 04:14:43', '2019-01-25 04:14:43'),
(2, 'Other', '1', '2019-01-25 04:14:43', '2019-01-25 04:14:43'),
(3, 'Web Department', '1', '2019-01-25 04:14:43', '2019-01-25 04:14:43');

-- --------------------------------------------------------

--
-- Table structure for table `early_leave_registers`
--

CREATE TABLE `early_leave_registers` (
  `early_leave_register_id` int(10) UNSIGNED NOT NULL,
  `admin_id` int(10) UNSIGNED DEFAULT NULL,
  `leave_date` date DEFAULT NULL,
  `start_time` datetime DEFAULT NULL,
  `end_time` datetime DEFAULT NULL,
  `leave_status` tinyint(4) NOT NULL DEFAULT '2' COMMENT 'Approved-1, Pending-2 or Cancel-3',
  `status` tinyint(4) NOT NULL DEFAULT '1',
  `leave_reason` text COLLATE utf8mb4_unicode_ci,
  `leave_comment` text COLLATE utf8mb4_unicode_ci,
  `created_at` timestamp NULL DEFAULT NULL,
  `updated_at` timestamp NULL DEFAULT NULL
) ENGINE=InnoDB DEFAULT CHARSET=utf8mb4 COLLATE=utf8mb4_unicode_ci;

--
-- Dumping data for table `early_leave_registers`
--

INSERT INTO `early_leave_registers` (`early_leave_register_id`, `admin_id`, `leave_date`, `start_time`, `end_time`, `leave_status`, `status`, `leave_reason`, `leave_comment`, `created_at`, `updated_at`) VALUES
(1, 8, '2019-02-28', '2019-02-28 18:45:00', '2019-02-28 19:00:00', 1, 1, 'Pickup Parcel', NULL, '2019-03-01 00:41:12', '2019-03-07 16:01:12'),
(2, 8, '2019-03-02', '2019-03-02 12:15:00', '2019-03-02 13:00:00', 1, 1, 'i have some urgent work, going outside.', NULL, '2019-03-02 18:10:21', '2019-03-07 16:01:14'),
(3, 28, '2019-03-06', '2019-03-06 12:00:00', '2019-03-06 14:00:00', 1, 1, 'Some personal work', NULL, '2019-03-06 18:05:14', '2019-03-07 16:01:17'),
(4, 4, '2019-03-07', '2019-03-07 17:15:00', '2019-03-07 19:00:00', 1, 1, 'Having appointment of skin doctor', NULL, '2019-03-07 23:18:47', '2019-03-14 22:25:12'),
(5, 21, '2019-03-08', '2019-03-08 17:30:00', '2019-03-08 18:30:00', 1, 1, 'personal work', NULL, '2019-03-08 23:18:24', '2019-03-14 22:25:23'),
(13, 8, '2019-03-14', '2019-03-14 17:15:00', '2019-03-14 17:30:00', 3, 1, 'testing early leave', NULL, '2019-03-14 22:10:21', '2019-03-14 22:25:30'),
(14, 8, '2019-03-14', '2019-03-14 17:15:00', '2019-03-14 17:30:00', 3, 1, 'testing early leave', NULL, '2019-03-14 22:10:25', '2019-03-14 22:25:32'),
(15, 8, '2019-03-14', '2019-03-14 17:15:00', '2019-03-14 17:30:00', 3, 1, 'Test early leave', NULL, '2019-03-14 22:11:32', '2019-03-14 22:25:35'),
(16, 11, '2019-03-19', '2019-03-19 11:15:00', '2019-03-19 11:15:00', 1, 1, 'Going Home', NULL, '2019-03-19 16:14:27', '2019-03-19 16:15:00'),
(17, 22, '2019-03-20', '2019-03-20 17:00:00', '2019-03-20 19:30:00', 1, 1, 'Work at Home', NULL, '2019-03-20 21:19:15', '2019-03-22 18:55:21'),
(18, 8, '2019-03-22', '2019-03-22 13:00:00', '2019-03-22 13:15:00', 1, 1, 'For college work', NULL, '2019-03-22 17:58:20', '2019-03-22 18:55:18'),
(19, 8, '2019-03-23', '2019-03-23 12:00:00', '2019-03-23 13:30:00', 1, 1, 'Out for College work', NULL, '2019-03-23 16:54:37', '2019-03-23 17:09:26'),
(20, 30, '2019-03-23', '2019-03-23 12:00:00', '2019-03-23 14:00:00', 1, 1, 'Some college work', NULL, '2019-03-23 19:41:14', '2019-03-23 19:44:17'),
(21, 31, '2019-03-30', '2019-03-30 18:00:00', '2019-03-30 19:00:00', 1, 1, 'Personal Work.', NULL, '2019-03-30 22:36:47', '2019-04-08 21:48:53'),
(22, 17, '2019-04-01', '2019-04-01 18:00:00', '2019-04-01 10:30:00', 1, 1, 'some personal work', NULL, '2019-04-01 15:23:41', '2019-04-08 21:48:56'),
(23, 7, '2019-04-01', '2019-04-01 17:15:00', '2019-04-01 19:00:00', 1, 1, 'Not felling well, cover my time in some days.', NULL, '2019-04-01 22:04:04', '2019-04-08 21:49:02'),
(24, 17, '2019-04-01', '2019-04-01 18:00:00', '2019-04-01 19:00:00', 1, 1, 'Some work', NULL, '2019-04-01 23:00:52', '2019-04-08 21:49:06'),
(25, 17, '2019-04-02', '2019-04-02 11:30:00', '2019-04-02 12:15:00', 1, 1, 'Meet with friend', NULL, '2019-04-02 16:19:28', '2019-04-08 21:49:08'),
(26, 30, '2019-04-02', '2019-04-02 18:30:00', '2019-04-02 20:00:00', 1, 1, 'Some work at home', NULL, '2019-04-02 22:48:18', '2019-04-08 21:49:16'),
(27, 25, '2019-04-03', '2019-04-03 10:15:00', '2019-04-03 11:15:00', 1, 1, 'Going for Medical Treatment', NULL, '2019-04-03 15:07:05', '2019-04-08 21:49:24'),
(28, 7, '2019-04-08', '2019-04-08 11:45:00', '2019-04-08 12:45:00', 1, 1, 'Family work', NULL, '2019-04-08 16:27:07', '2019-04-08 21:49:27'),
(29, 13, '2019-04-10', '2019-04-10 14:45:00', '2019-04-10 15:45:00', 1, 1, 'work at home', NULL, '2019-04-10 19:37:10', '2019-04-10 19:40:51'),
(30, 28, '2019-04-10', '2019-04-10 14:45:00', '2019-04-10 15:45:00', 1, 1, 'Need to adjust this early leave for 8th April 2019.', NULL, '2019-04-10 19:45:40', '2019-04-11 15:11:17'),
(31, 23, '2019-04-11', '2019-04-11 10:15:00', '2019-04-11 11:30:00', 1, 1, 'Going out for hospital', NULL, '2019-04-11 15:06:57', '2019-04-11 15:11:20'),
(32, 3, '2019-04-12', '2019-04-12 18:00:00', '2019-04-12 19:30:00', 1, 1, 'Some personal work', NULL, '2019-04-12 15:22:02', '2019-04-16 20:43:45'),
(33, 8, '2019-04-16', '2019-04-16 15:30:00', '2019-04-16 16:30:00', 3, 1, 'Test early leave. Please Don\'t approve this.  Thank you', NULL, '2019-04-16 20:19:05', '2019-04-16 20:43:51');

-- --------------------------------------------------------

--
-- Table structure for table `events`
--

CREATE TABLE `events` (
  `event_id` int(10) UNSIGNED NOT NULL,
  `title` varchar(191) COLLATE utf8mb4_unicode_ci NOT NULL,
  `eventType` varchar(191) COLLATE utf8mb4_unicode_ci NOT NULL,
  `start_date` date NOT NULL,
  `end_date` date NOT NULL,
  `className` varchar(191) COLLATE utf8mb4_unicode_ci DEFAULT NULL,
  `created_at` timestamp NULL DEFAULT NULL,
  `updated_at` timestamp NULL DEFAULT NULL
) ENGINE=InnoDB DEFAULT CHARSET=utf8mb4 COLLATE=utf8mb4_unicode_ci;

--
-- Dumping data for table `events`
--

INSERT INTO `events` (`event_id`, `title`, `eventType`, `start_date`, `end_date`, `className`, `created_at`, `updated_at`) VALUES
(1, 'Saturday', '0', '2019-03-02', '2019-03-02', 'bg-saturday', '2019-03-02 16:23:09', '2019-04-16 20:45:43'),
(2, 'Saturday', '0', '2019-03-16', '2019-03-16', 'bg-saturday', '2019-03-02 16:23:09', '2019-04-16 20:45:43'),
(3, 'Company Holiday', '0', '2019-03-21', '2019-03-21', 'bg-companyHoliday', '2019-03-18 22:35:46', '2019-04-16 20:45:43'),
(4, 'Saturday', '0', '2019-04-06', '2019-04-06', 'bg-saturday', '2019-04-03 23:42:38', '2019-04-16 20:45:43'),
(5, 'Saturday', '0', '2019-04-20', '2019-04-20', 'bg-saturday', '2019-04-03 23:42:38', '2019-04-16 20:45:43'),
(6, 'Saturday', '0', '2019-05-04', '2019-05-04', 'bg-saturday', '2019-04-16 20:45:43', '2019-04-16 20:45:43'),
(7, 'Saturday', '0', '2019-05-18', '2019-05-18', 'bg-saturday', '2019-04-16 20:45:43', '2019-04-16 20:45:43');

-- --------------------------------------------------------

--
-- Table structure for table `holiday_calendars`
--

CREATE TABLE `holiday_calendars` (
  `holiday_calendar_id` int(10) UNSIGNED NOT NULL,
  `month_year` date DEFAULT NULL,
  `json` text COLLATE utf8mb4_unicode_ci,
  `created_at` timestamp NULL DEFAULT NULL,
  `updated_at` timestamp NULL DEFAULT NULL
) ENGINE=InnoDB DEFAULT CHARSET=utf8mb4 COLLATE=utf8mb4_unicode_ci;

-- --------------------------------------------------------

--
-- Table structure for table `leave_registers`
--

CREATE TABLE `leave_registers` (
  `leave_register_id` int(10) UNSIGNED NOT NULL,
  `admin_id` int(10) UNSIGNED DEFAULT NULL,
  `leave_category` tinyint(4) NOT NULL,
  `leave_start_date` date DEFAULT NULL,
  `leave_end_date` date DEFAULT NULL,
  `leave_status` tinyint(4) NOT NULL DEFAULT '2' COMMENT 'Approved-1, Pending-2 or Cancel-3',
  `status` tinyint(4) NOT NULL DEFAULT '1',
  `leave_reason` text COLLATE utf8mb4_unicode_ci,
  `leave_comment` text COLLATE utf8mb4_unicode_ci,
  `created_at` timestamp NULL DEFAULT NULL,
  `updated_at` timestamp NULL DEFAULT NULL
) ENGINE=InnoDB DEFAULT CHARSET=utf8mb4 COLLATE=utf8mb4_unicode_ci;

--
-- Dumping data for table `leave_registers`
--

INSERT INTO `leave_registers` (`leave_register_id`, `admin_id`, `leave_category`, `leave_start_date`, `leave_end_date`, `leave_status`, `status`, `leave_reason`, `leave_comment`, `created_at`, `updated_at`) VALUES
(1, 8, 3, '2019-03-07', '2019-03-09', 1, 1, 'Going to home town for family function', NULL, '2019-03-01 00:40:26', '2019-03-06 17:56:02'),
(2, 7, 4, '2019-03-04', '2019-03-11', 1, 1, 'Brother\'s marriage', NULL, '2019-03-01 00:43:13', '2019-03-01 00:46:33'),
(3, 13, 2, '2018-12-05', '2019-01-01', 3, 1, NULL, 'Invalid dates.', '2019-03-02 18:23:16', '2019-03-09 17:40:52'),
(4, 9, 3, '2019-03-25', '2019-03-27', 1, 1, 'Going to Indore for Brother\'s convocation at IIM Indore.', NULL, '2019-03-08 15:50:46', '2019-03-09 17:40:12'),
(5, 20, 3, '2019-03-23', '2019-03-23', 1, 1, 'Going Hospital', NULL, '2019-03-08 16:50:31', '2019-03-20 18:04:19'),
(6, 20, 3, '2017-09-20', '2017-09-20', 3, 1, NULL, 'invalid date', '2019-03-11 15:01:50', '2019-03-14 22:23:43'),
(7, 2, 3, '2019-03-15', '2019-03-15', 1, 1, 'Out of town.', NULL, '2019-03-13 14:41:05', '2019-03-14 22:23:33'),
(8, 21, 3, '2019-03-15', '2019-03-15', 1, 1, NULL, NULL, '2019-03-13 20:57:53', '2019-03-14 22:23:56'),
(9, 8, 1, '2019-03-14', '2019-03-14', 3, 1, 'Test leave email', 'Testing data found', '2019-03-14 22:11:52', '2019-03-14 22:35:59'),
(10, 16, 5, '2019-03-20', '2019-03-20', 1, 1, 'going hospital(2nd half)', NULL, '2019-03-20 16:17:21', '2019-03-20 18:04:16'),
(11, 22, 2, '2019-03-27', '2019-03-27', 1, 1, 'Work at home', NULL, '2019-03-27 15:09:05', '2019-03-27 21:33:43'),
(12, 24, 2, '2019-03-28', '2019-03-28', 1, 1, 'going to home', NULL, '2019-03-27 20:43:52', '2019-03-27 21:36:53'),
(13, 4, 6, '2019-03-27', '2019-03-27', 1, 1, 'Some urgent work at home', NULL, '2019-03-28 14:33:38', '2019-04-08 20:46:01'),
(14, 29, 6, '2019-04-24', '2019-04-30', 2, 1, 'brother in law marriage', NULL, '2019-03-28 15:35:40', '2019-03-28 15:35:40'),
(15, 16, 3, '2019-04-13', '2019-04-13', 1, 1, 'going out of station', NULL, '2019-03-28 19:59:38', '2019-04-08 20:46:15'),
(16, 31, 3, '2019-04-08', '2019-04-11', 1, 1, 'Going to Home , For Sisters Engagement.', NULL, '2019-03-30 17:00:37', '2019-04-08 20:46:12'),
(17, 35, 4, '2019-04-15', '2019-04-19', 1, 1, 'Need to attend brother\'s marriage.', NULL, '2019-04-03 22:18:58', '2019-04-08 20:46:21'),
(18, 13, 3, '2019-04-05', '2019-04-05', 1, 1, 'second half leave going town', NULL, '2019-04-04 15:10:54', '2019-04-08 20:46:07'),
(19, 20, 4, '2019-05-06', '2019-05-10', 1, 1, 'Brother\'s marriage', NULL, '2019-04-08 15:43:46', '2019-04-08 20:46:48'),
(20, 8, 4, '2019-04-19', '2019-04-19', 1, 1, 'Going for family function..', NULL, '2019-04-16 20:18:38', '2019-04-16 20:44:43');

-- --------------------------------------------------------

--
-- Table structure for table `logs`
--

CREATE TABLE `logs` (
  `log_id` int(10) UNSIGNED NOT NULL,
  `admin_id` int(10) UNSIGNED DEFAULT NULL,
  `ip_address` varchar(191) COLLATE utf8mb4_unicode_ci NOT NULL,
  `mac_address` text COLLATE utf8mb4_unicode_ci,
  `work_type` tinyint(4) NOT NULL COMMENT 'Login - 1, In - 2, Out - 3',
  `created_at` timestamp NULL DEFAULT NULL,
  `updated_at` timestamp NULL DEFAULT NULL
) ENGINE=InnoDB DEFAULT CHARSET=utf8mb4 COLLATE=utf8mb4_unicode_ci;

--
-- Dumping data for table `logs`
--

INSERT INTO `logs` (`log_id`, `admin_id`, `ip_address`, `mac_address`, `work_type`, `created_at`, `updated_at`) VALUES
(1, 8, '112.196.166.80', NULL, 1, '2019-03-01 00:28:33', '2019-03-01 00:28:33'),
(2, 1, '112.196.166.80', NULL, 1, '2019-03-01 00:31:01', '2019-03-01 00:31:01'),
(3, 7, '112.196.166.80', NULL, 1, '2019-03-01 00:35:20', '2019-03-01 00:35:20'),
(4, 8, '112.196.166.80', NULL, 1, '2019-03-01 00:39:51', '2019-03-01 00:39:51'),
(5, 8, '112.196.166.80', NULL, 2, '2019-03-01 00:41:16', '2019-03-01 00:41:16'),
(6, 7, '112.196.166.80', NULL, 1, '2019-03-01 00:42:11', '2019-03-01 00:42:11'),
(7, 7, '112.196.166.80', NULL, 2, '2019-03-01 00:44:21', '2019-03-01 00:44:21'),
(8, 1, '112.196.166.80', NULL, 1, '2019-03-01 00:45:31', '2019-03-01 00:45:31'),
(9, 1, '112.196.166.80', NULL, 1, '2019-03-01 00:54:26', '2019-03-01 00:54:26'),
(10, 1, '112.196.166.80', NULL, 1, '2019-03-01 00:55:27', '2019-03-01 00:55:27'),
(11, 7, '112.196.166.80', NULL, 3, '2019-03-01 01:00:41', '2019-03-01 01:00:41'),
(12, 1, '112.196.166.80', NULL, 1, '2019-03-01 01:13:47', '2019-03-01 01:13:47'),
(13, 8, '112.196.166.27', NULL, 1, '2019-03-01 15:39:49', '2019-03-01 15:39:49'),
(14, 8, '112.196.166.27', NULL, 2, '2019-03-01 15:39:53', '2019-03-01 15:39:53'),
(15, 12, '112.196.166.27', NULL, 1, '2019-03-01 15:46:17', '2019-03-01 15:46:17'),
(16, 12, '157.47.166.49', NULL, 1, '2019-03-01 15:50:40', '2019-03-01 15:50:40'),
(17, 1, '112.196.166.27', NULL, 1, '2019-03-01 16:00:56', '2019-03-01 16:00:56'),
(18, 8, '112.196.166.27', NULL, 1, '2019-03-01 16:37:40', '2019-03-01 16:37:40'),
(19, 19, '112.196.166.5', NULL, 1, '2019-03-01 19:05:54', '2019-03-01 19:05:54'),
(20, 4, '112.196.166.27', NULL, 1, '2019-03-02 00:43:35', '2019-03-02 00:43:35'),
(21, 4, '112.196.166.27', NULL, 2, '2019-03-02 00:43:53', '2019-03-02 00:43:53'),
(22, 4, '112.196.166.27', NULL, 3, '2019-03-02 00:44:52', '2019-03-02 00:44:52'),
(23, 24, '112.196.166.27', NULL, 1, '2019-03-02 00:47:21', '2019-03-02 00:47:21'),
(24, 12, '112.196.166.27', NULL, 1, '2019-03-02 01:00:20', '2019-03-02 01:00:20'),
(25, 8, '112.196.166.27', NULL, 1, '2019-03-02 01:00:24', '2019-03-02 01:00:24'),
(26, 26, '112.196.166.27', NULL, 1, '2019-03-02 01:02:43', '2019-03-02 01:02:43'),
(27, 29, '117.247.238.221', NULL, 1, '2019-03-02 01:02:56', '2019-03-02 01:02:56'),
(28, 29, '117.247.238.221', NULL, 2, '2019-03-02 01:03:16', '2019-03-02 01:03:16'),
(29, 22, '112.196.166.27', NULL, 1, '2019-03-02 01:11:42', '2019-03-02 01:11:42'),
(30, 20, '112.196.166.27', NULL, 1, '2019-03-02 01:17:30', '2019-03-02 01:17:30'),
(31, 3, '112.196.166.27', NULL, 1, '2019-03-02 01:20:45', '2019-03-02 01:20:45'),
(32, 28, '112.196.166.27', NULL, 1, '2019-03-02 01:22:35', '2019-03-02 01:22:35'),
(33, 22, '112.196.166.27', NULL, 2, '2019-03-02 01:23:11', '2019-03-02 01:23:11'),
(34, 2, '112.196.166.27', NULL, 1, '2019-03-02 01:24:57', '2019-03-02 01:24:57'),
(35, 1, '112.196.166.27', NULL, 1, '2019-03-02 01:25:17', '2019-03-02 01:25:17'),
(36, 30, '112.196.166.27', NULL, 1, '2019-03-02 01:25:44', '2019-03-02 01:25:44'),
(37, 8, '112.196.166.27', NULL, 3, '2019-03-02 01:26:37', '2019-03-02 01:26:37'),
(38, 3, '112.196.166.27', NULL, 1, '2019-03-02 01:26:47', '2019-03-02 01:26:47'),
(39, 8, '112.196.166.71', NULL, 1, '2019-03-02 15:35:26', '2019-03-02 15:35:26'),
(40, 12, '112.196.166.71', NULL, 1, '2019-03-02 15:35:33', '2019-03-02 15:35:33'),
(41, 12, '112.196.166.71', NULL, 2, '2019-03-02 15:35:38', '2019-03-02 15:35:38'),
(42, 8, '112.196.166.71', NULL, 2, '2019-03-02 15:35:45', '2019-03-02 15:35:45'),
(43, 1, '112.196.166.71', NULL, 1, '2019-03-02 15:37:44', '2019-03-02 15:37:44'),
(44, 11, '112.196.166.71', NULL, 1, '2019-03-02 15:41:11', '2019-03-02 15:41:11'),
(45, 4, '112.196.166.71', NULL, 1, '2019-03-02 15:41:29', '2019-03-02 15:41:29'),
(46, 4, '112.196.166.71', NULL, 2, '2019-03-02 15:41:32', '2019-03-02 15:41:32'),
(47, 11, '112.196.166.71', NULL, 2, '2019-03-02 15:42:17', '2019-03-02 15:42:17'),
(48, 21, '112.196.166.71', NULL, 1, '2019-03-02 16:00:42', '2019-03-02 16:00:42'),
(49, 21, '112.196.166.71', NULL, 2, '2019-03-02 16:00:56', '2019-03-02 16:00:56'),
(50, 11, '112.196.166.71', NULL, 1, '2019-03-02 16:01:22', '2019-03-02 16:01:22'),
(51, 1, '112.196.166.71', NULL, 1, '2019-03-02 16:22:38', '2019-03-02 16:22:38'),
(52, 9, '112.196.166.73', NULL, 1, '2019-03-02 16:34:01', '2019-03-02 16:34:01'),
(53, 9, '117.247.238.221', NULL, 2, '2019-03-02 16:35:42', '2019-03-02 16:35:42'),
(54, 25, '117.247.238.221', NULL, 1, '2019-03-02 16:36:51', '2019-03-02 16:36:51'),
(55, 25, '117.247.238.221', NULL, 2, '2019-03-02 16:37:23', '2019-03-02 16:37:23'),
(56, 22, '112.196.166.71', NULL, 1, '2019-03-02 16:37:42', '2019-03-02 16:37:42'),
(57, 22, '112.196.166.71', NULL, 2, '2019-03-02 16:37:46', '2019-03-02 16:37:46'),
(58, 16, '112.196.166.71', NULL, 1, '2019-03-02 16:45:31', '2019-03-02 16:45:31'),
(59, 16, '112.196.166.71', NULL, 2, '2019-03-02 16:45:47', '2019-03-02 16:45:47'),
(60, 25, '117.247.238.221', NULL, 3, '2019-03-02 16:52:03', '2019-03-02 16:52:03'),
(61, 30, '112.196.166.71', NULL, 1, '2019-03-02 16:54:08', '2019-03-02 16:54:08'),
(62, 30, '112.196.166.71', NULL, 2, '2019-03-02 16:54:13', '2019-03-02 16:54:13'),
(63, 5, '117.247.238.221', NULL, 1, '2019-03-02 16:54:21', '2019-03-02 16:54:21'),
(64, 1, '117.247.238.221', NULL, 1, '2019-03-02 16:55:28', '2019-03-02 16:55:28'),
(65, 5, '117.247.238.221', NULL, 1, '2019-03-02 16:59:15', '2019-03-02 16:59:15'),
(66, 13, '117.247.238.221', NULL, 1, '2019-03-02 17:07:28', '2019-03-02 17:07:28'),
(67, 1, '112.196.166.71', NULL, 1, '2019-03-02 17:12:04', '2019-03-02 17:12:04'),
(68, 10, '112.196.166.71', NULL, 1, '2019-03-02 17:24:42', '2019-03-02 17:24:42'),
(69, 10, '112.196.166.71', NULL, 2, '2019-03-02 17:25:26', '2019-03-02 17:25:26'),
(70, 8, '112.196.166.71', NULL, 1, '2019-03-02 18:09:59', '2019-03-02 18:09:59'),
(71, 31, '117.247.238.221', NULL, 1, '2019-03-02 18:15:11', '2019-03-02 18:15:11'),
(72, 31, '117.247.238.221', NULL, 2, '2019-03-02 18:17:30', '2019-03-02 18:17:30'),
(73, 13, '117.247.238.221', NULL, 2, '2019-03-02 18:17:57', '2019-03-02 18:17:57'),
(74, 31, '117.247.238.221', NULL, 1, '2019-03-02 20:55:14', '2019-03-02 20:55:14'),
(75, 13, '117.247.238.221', NULL, 1, '2019-03-03 00:05:00', '2019-03-03 00:05:00'),
(76, 1, '112.196.166.71', NULL, 1, '2019-03-03 00:38:03', '2019-03-03 00:38:03'),
(77, 8, '112.196.166.71', NULL, 1, '2019-03-03 00:39:23', '2019-03-03 00:39:23'),
(78, 12, '112.196.166.71', NULL, 1, '2019-03-03 00:54:51', '2019-03-03 00:54:51'),
(79, 12, '112.196.166.71', NULL, 1, '2019-03-03 00:55:10', '2019-03-03 00:55:10'),
(80, 12, '112.196.166.71', NULL, 3, '2019-03-03 01:01:00', '2019-03-03 01:01:00'),
(81, 4, '112.196.166.71', NULL, 1, '2019-03-03 01:01:19', '2019-03-03 01:01:19'),
(82, 4, '112.196.166.71', NULL, 3, '2019-03-03 01:01:57', '2019-03-03 01:01:57'),
(83, 1, '112.196.166.71', NULL, 1, '2019-03-03 01:02:09', '2019-03-03 01:02:09'),
(84, 8, '112.196.166.71', NULL, 3, '2019-03-03 01:06:59', '2019-03-03 01:06:59'),
(85, 28, '112.196.166.71', NULL, 1, '2019-03-03 01:10:02', '2019-03-03 01:10:02'),
(86, 28, '112.196.166.71', NULL, 2, '2019-03-03 01:10:24', '2019-03-03 01:10:24'),
(87, 11, '112.196.166.71', NULL, 1, '2019-03-03 01:16:04', '2019-03-03 01:16:04'),
(88, 11, '112.196.166.71', NULL, 3, '2019-03-03 01:16:09', '2019-03-03 01:16:09'),
(89, 31, '117.247.238.221', NULL, 1, '2019-03-03 01:23:17', '2019-03-03 01:23:17'),
(90, 25, '117.247.238.221', NULL, 1, '2019-03-03 01:26:04', '2019-03-03 01:26:04'),
(91, 9, '112.196.166.71', NULL, 1, '2019-03-03 01:31:34', '2019-03-03 01:31:34'),
(92, 9, '112.196.166.71', NULL, 3, '2019-03-03 01:31:44', '2019-03-03 01:31:44'),
(93, 28, '112.196.166.71', NULL, 3, '2019-03-03 01:33:42', '2019-03-03 01:33:42'),
(94, 22, '112.196.166.71', NULL, 1, '2019-03-03 01:36:35', '2019-03-03 01:36:35'),
(95, 22, '112.196.166.71', NULL, 3, '2019-03-03 01:36:41', '2019-03-03 01:36:41'),
(96, 16, '112.196.166.71', NULL, 1, '2019-03-03 01:39:12', '2019-03-03 01:39:12'),
(97, 16, '112.196.166.71', NULL, 3, '2019-03-03 01:40:15', '2019-03-03 01:40:15'),
(98, 13, '117.247.238.221', NULL, 1, '2019-03-03 02:11:20', '2019-03-03 02:11:20'),
(99, 13, '117.247.238.221', NULL, 3, '2019-03-03 02:11:26', '2019-03-03 02:11:26'),
(100, 30, '112.196.166.71', NULL, 1, '2019-03-03 02:28:02', '2019-03-03 02:28:02'),
(101, 30, '112.196.166.71', NULL, 3, '2019-03-03 02:28:16', '2019-03-03 02:28:16'),
(102, 11, '112.196.166.7', NULL, 1, '2019-03-03 16:27:26', '2019-03-03 16:27:26'),
(103, 11, '112.196.166.7', NULL, 2, '2019-03-03 16:27:30', '2019-03-03 16:27:30'),
(104, 16, '112.196.166.7', NULL, 1, '2019-03-03 18:12:43', '2019-03-03 18:12:43'),
(105, 16, '112.196.166.7', NULL, 2, '2019-03-03 18:12:55', '2019-03-03 18:12:55'),
(106, 11, '112.196.166.7', NULL, 1, '2019-03-03 22:22:21', '2019-03-03 22:22:21'),
(107, 11, '112.196.166.7', NULL, 3, '2019-03-03 22:22:26', '2019-03-03 22:22:26'),
(108, 16, '112.196.166.7', NULL, 1, '2019-03-03 23:06:56', '2019-03-03 23:06:56'),
(109, 16, '112.196.166.7', NULL, 3, '2019-03-03 23:13:10', '2019-03-03 23:13:10'),
(110, 5, '117.247.238.221', NULL, 1, '2019-03-04 15:24:12', '2019-03-04 15:24:12'),
(111, 13, '117.247.238.221', NULL, 1, '2019-03-04 15:24:33', '2019-03-04 15:24:33'),
(112, 8, '112.196.166.114', NULL, 1, '2019-03-04 15:24:38', '2019-03-04 15:24:38'),
(113, 31, '117.247.238.221', NULL, 1, '2019-03-04 15:24:42', '2019-03-04 15:24:42'),
(114, 8, '112.196.166.114', NULL, 2, '2019-03-04 15:24:44', '2019-03-04 15:24:44'),
(115, 13, '117.247.238.221', NULL, 2, '2019-03-04 15:26:43', '2019-03-04 15:26:43'),
(116, 26, '112.196.166.114', NULL, 1, '2019-03-04 15:26:44', '2019-03-04 15:26:44'),
(117, 26, '112.196.166.114', NULL, 2, '2019-03-04 15:26:49', '2019-03-04 15:26:49'),
(118, 25, '117.247.238.221', NULL, 1, '2019-03-04 15:28:03', '2019-03-04 15:28:03'),
(119, 25, '117.247.238.221', NULL, 2, '2019-03-04 15:28:08', '2019-03-04 15:28:08'),
(120, 12, '112.196.166.114', NULL, 1, '2019-03-04 15:31:50', '2019-03-04 15:31:50'),
(121, 12, '112.196.166.114', NULL, 2, '2019-03-04 15:31:57', '2019-03-04 15:31:57'),
(122, 16, '112.196.166.114', NULL, 1, '2019-03-04 15:33:27', '2019-03-04 15:33:27'),
(123, 16, '112.196.166.114', NULL, 2, '2019-03-04 15:33:33', '2019-03-04 15:33:33'),
(124, 4, '112.196.166.114', NULL, 1, '2019-03-04 15:35:16', '2019-03-04 15:35:16'),
(125, 4, '112.196.166.114', NULL, 2, '2019-03-04 15:35:22', '2019-03-04 15:35:22'),
(126, 11, '112.196.166.114', NULL, 1, '2019-03-04 15:37:35', '2019-03-04 15:37:35'),
(127, 11, '112.196.166.114', NULL, 2, '2019-03-04 15:37:39', '2019-03-04 15:37:39'),
(128, 5, '117.247.238.221', NULL, 2, '2019-03-04 15:41:21', '2019-03-04 15:41:21'),
(129, 2, '112.196.166.114', NULL, 1, '2019-03-04 15:41:52', '2019-03-04 15:41:52'),
(130, 2, '112.196.166.114', NULL, 2, '2019-03-04 15:41:59', '2019-03-04 15:41:59'),
(131, 9, '112.196.166.114', NULL, 1, '2019-03-04 15:43:38', '2019-03-04 15:43:38'),
(132, 9, '112.196.166.114', NULL, 2, '2019-03-04 15:43:47', '2019-03-04 15:43:47'),
(133, 2, '112.196.166.114', NULL, 1, '2019-03-04 15:44:11', '2019-03-04 15:44:11'),
(134, 2, '112.196.166.114', NULL, 1, '2019-03-04 15:44:28', '2019-03-04 15:44:28'),
(135, 31, '117.247.238.221', NULL, 2, '2019-03-04 15:46:02', '2019-03-04 15:46:02'),
(136, 1, '112.196.166.114', NULL, 1, '2019-03-04 15:50:28', '2019-03-04 15:50:28'),
(137, 21, '112.196.166.114', NULL, 1, '2019-03-04 15:54:47', '2019-03-04 15:54:47'),
(138, 21, '112.196.166.114', NULL, 2, '2019-03-04 15:55:24', '2019-03-04 15:55:24'),
(139, 24, '112.196.166.114', NULL, 1, '2019-03-04 16:00:26', '2019-03-04 16:00:26'),
(140, 24, '112.196.166.114', NULL, 2, '2019-03-04 16:00:30', '2019-03-04 16:00:30'),
(141, 23, '112.196.166.114', NULL, 1, '2019-03-04 16:01:25', '2019-03-04 16:01:25'),
(142, 23, '112.196.166.114', NULL, 2, '2019-03-04 16:01:49', '2019-03-04 16:01:49'),
(143, 29, '117.247.238.221', NULL, 1, '2019-03-04 16:02:20', '2019-03-04 16:02:20'),
(144, 29, '117.247.238.221', NULL, 2, '2019-03-04 16:02:31', '2019-03-04 16:02:31'),
(145, 28, '112.196.166.114', NULL, 1, '2019-03-04 16:03:11', '2019-03-04 16:03:11'),
(146, 28, '112.196.166.114', NULL, 2, '2019-03-04 16:03:14', '2019-03-04 16:03:14'),
(147, 22, '112.196.166.114', NULL, 1, '2019-03-04 16:04:34', '2019-03-04 16:04:34'),
(148, 22, '112.196.166.114', NULL, 2, '2019-03-04 16:04:38', '2019-03-04 16:04:38'),
(149, 27, '117.247.238.221', NULL, 1, '2019-03-04 16:42:29', '2019-03-04 16:42:29'),
(150, 27, '117.247.238.221', NULL, 2, '2019-03-04 16:42:43', '2019-03-04 16:42:43'),
(151, 19, '112.196.166.32', NULL, 1, '2019-03-04 21:49:51', '2019-03-04 21:49:51'),
(152, 8, '112.196.166.114', NULL, 1, '2019-03-05 00:41:44', '2019-03-05 00:41:44'),
(153, 4, '112.196.166.114', NULL, 1, '2019-03-05 00:41:44', '2019-03-05 00:41:44'),
(154, 24, '112.196.166.114', NULL, 1, '2019-03-05 00:44:24', '2019-03-05 00:44:24'),
(155, 1, '112.196.166.114', NULL, 1, '2019-03-05 00:44:58', '2019-03-05 00:44:58'),
(156, 4, '112.196.166.114', NULL, 3, '2019-03-05 00:47:48', '2019-03-05 00:47:48'),
(157, 12, '112.196.166.114', NULL, 1, '2019-03-05 00:55:14', '2019-03-05 00:55:14'),
(158, 16, '112.196.166.114', NULL, 1, '2019-03-05 00:57:45', '2019-03-05 00:57:45'),
(159, 1, '112.196.166.114', NULL, 1, '2019-03-05 00:59:26', '2019-03-05 00:59:26'),
(160, 20, '112.196.166.114', NULL, 1, '2019-03-05 01:01:09', '2019-03-05 01:01:09'),
(161, 8, '112.196.166.114', NULL, 1, '2019-03-05 01:02:57', '2019-03-05 01:02:57'),
(162, 16, '112.196.166.114', NULL, 3, '2019-03-05 01:03:55', '2019-03-05 01:03:55'),
(163, 5, '117.247.238.221', NULL, 1, '2019-03-05 01:05:17', '2019-03-05 01:05:17'),
(164, 5, '117.247.238.221', NULL, 3, '2019-03-05 01:05:22', '2019-03-05 01:05:22'),
(165, 27, '117.247.238.221', NULL, 1, '2019-03-05 01:05:23', '2019-03-05 01:05:23'),
(166, 11, '112.196.166.114', NULL, 1, '2019-03-05 01:05:56', '2019-03-05 01:05:56'),
(167, 24, '112.196.166.114', NULL, 3, '2019-03-05 01:06:46', '2019-03-05 01:06:46'),
(168, 31, '117.247.238.221', NULL, 1, '2019-03-05 01:08:07', '2019-03-05 01:08:07'),
(169, 22, '112.196.166.114', NULL, 1, '2019-03-05 01:09:57', '2019-03-05 01:09:57'),
(170, 28, '112.196.166.114', NULL, 1, '2019-03-05 01:10:25', '2019-03-05 01:10:25'),
(171, 12, '112.196.166.114', NULL, 3, '2019-03-05 01:12:38', '2019-03-05 01:12:38'),
(172, 2, '112.196.166.114', NULL, 1, '2019-03-05 01:12:39', '2019-03-05 01:12:39'),
(173, 31, '117.247.238.221', NULL, 3, '2019-03-05 01:13:03', '2019-03-05 01:13:03'),
(174, 23, '112.196.166.114', NULL, 1, '2019-03-05 01:17:41', '2019-03-05 01:17:41'),
(175, 23, '112.196.166.114', NULL, 3, '2019-03-05 01:19:34', '2019-03-05 01:19:34'),
(176, 8, '112.196.166.114', NULL, 3, '2019-03-05 01:20:42', '2019-03-05 01:20:42'),
(177, 11, '112.196.166.114', NULL, 3, '2019-03-05 01:26:37', '2019-03-05 01:26:37'),
(178, 9, '112.196.166.114', NULL, 1, '2019-03-05 01:26:59', '2019-03-05 01:26:59'),
(179, 22, '112.196.166.114', NULL, 3, '2019-03-05 01:32:39', '2019-03-05 01:32:39'),
(180, 28, '112.196.166.114', NULL, 3, '2019-03-05 01:34:01', '2019-03-05 01:34:01'),
(181, 2, '112.196.166.114', NULL, 3, '2019-03-05 01:34:34', '2019-03-05 01:34:34'),
(182, 9, '112.196.166.114', NULL, 3, '2019-03-05 01:46:39', '2019-03-05 01:46:39'),
(183, 26, '112.196.166.114', NULL, 1, '2019-03-05 01:48:43', '2019-03-05 01:48:43'),
(184, 26, '112.196.166.114', NULL, 3, '2019-03-05 01:48:56', '2019-03-05 01:48:56'),
(185, 29, '112.196.166.114', NULL, 1, '2019-03-05 01:53:02', '2019-03-05 01:53:02'),
(186, 29, '112.196.166.114', NULL, 3, '2019-03-05 02:00:07', '2019-03-05 02:00:07'),
(187, 13, '117.247.238.221', NULL, 1, '2019-03-05 02:04:55', '2019-03-05 02:04:55'),
(188, 13, '117.247.238.221', NULL, 3, '2019-03-05 02:05:14', '2019-03-05 02:05:14'),
(189, 11, '1.39.231.135', NULL, 1, '2019-03-05 05:22:12', '2019-03-05 05:22:12'),
(190, 13, '117.247.238.221', NULL, 1, '2019-03-05 15:10:39', '2019-03-05 15:10:39'),
(191, 13, '117.247.238.221', NULL, 2, '2019-03-05 15:10:43', '2019-03-05 15:10:43'),
(192, 4, '112.196.166.114', NULL, 1, '2019-03-05 15:16:02', '2019-03-05 15:16:02'),
(193, 4, '112.196.166.114', NULL, 2, '2019-03-05 15:16:08', '2019-03-05 15:16:08'),
(194, 31, '117.247.238.221', NULL, 1, '2019-03-05 15:17:49', '2019-03-05 15:17:49'),
(195, 5, '117.247.238.221', NULL, 1, '2019-03-05 15:18:41', '2019-03-05 15:18:41'),
(196, 5, '117.247.238.221', NULL, 2, '2019-03-05 15:19:53', '2019-03-05 15:19:53'),
(197, 11, '112.196.166.114', NULL, 1, '2019-03-05 15:19:59', '2019-03-05 15:19:59'),
(198, 11, '112.196.166.114', NULL, 2, '2019-03-05 15:20:05', '2019-03-05 15:20:05'),
(199, 26, '112.196.166.114', NULL, 1, '2019-03-05 15:30:03', '2019-03-05 15:30:03'),
(200, 26, '112.196.166.114', NULL, 2, '2019-03-05 15:30:07', '2019-03-05 15:30:07'),
(201, 31, '117.247.238.221', NULL, 2, '2019-03-05 15:31:01', '2019-03-05 15:31:01'),
(202, 8, '112.196.166.114', NULL, 1, '2019-03-05 15:31:32', '2019-03-05 15:31:32'),
(203, 8, '112.196.166.114', NULL, 2, '2019-03-05 15:31:36', '2019-03-05 15:31:36'),
(204, 12, '112.196.166.114', NULL, 1, '2019-03-05 15:33:09', '2019-03-05 15:33:09'),
(205, 12, '112.196.166.114', NULL, 2, '2019-03-05 15:33:14', '2019-03-05 15:33:14'),
(206, 2, '112.196.166.114', NULL, 1, '2019-03-05 15:33:35', '2019-03-05 15:33:35'),
(207, 2, '112.196.166.114', NULL, 1, '2019-03-05 15:34:54', '2019-03-05 15:34:54'),
(208, 15, '112.196.166.114', NULL, 1, '2019-03-05 15:35:35', '2019-03-05 15:35:35'),
(209, 2, '112.196.166.114', NULL, 1, '2019-03-05 15:35:42', '2019-03-05 15:35:42'),
(210, 2, '112.196.166.114', NULL, 2, '2019-03-05 15:35:46', '2019-03-05 15:35:46'),
(211, 15, '112.196.166.114', NULL, 2, '2019-03-05 15:36:04', '2019-03-05 15:36:04'),
(212, 25, '117.247.238.221', NULL, 1, '2019-03-05 15:36:09', '2019-03-05 15:36:09'),
(213, 25, '117.247.238.221', NULL, 2, '2019-03-05 15:36:17', '2019-03-05 15:36:17'),
(214, 2, '112.196.166.114', NULL, 1, '2019-03-05 15:36:17', '2019-03-05 15:36:17'),
(215, 16, '112.196.166.114', NULL, 1, '2019-03-05 15:39:37', '2019-03-05 15:39:37'),
(216, 16, '112.196.166.114', NULL, 2, '2019-03-05 15:39:41', '2019-03-05 15:39:41'),
(217, 9, '112.196.166.114', NULL, 1, '2019-03-05 15:42:16', '2019-03-05 15:42:16'),
(218, 9, '112.196.166.114', NULL, 2, '2019-03-05 15:42:33', '2019-03-05 15:42:33'),
(219, 9, '112.196.166.114', NULL, 1, '2019-03-05 15:42:37', '2019-03-05 15:42:37'),
(220, 20, '112.196.166.114', NULL, 1, '2019-03-05 15:52:45', '2019-03-05 15:52:45'),
(221, 20, '112.196.166.114', NULL, 2, '2019-03-05 15:52:49', '2019-03-05 15:52:49'),
(222, 23, '112.196.166.114', NULL, 1, '2019-03-05 15:57:50', '2019-03-05 15:57:50'),
(223, 21, '112.196.166.114', NULL, 1, '2019-03-05 15:57:53', '2019-03-05 15:57:53'),
(224, 23, '112.196.166.114', NULL, 2, '2019-03-05 15:57:54', '2019-03-05 15:57:54'),
(225, 21, '112.196.166.114', NULL, 2, '2019-03-05 15:58:03', '2019-03-05 15:58:03'),
(226, 1, '112.196.166.114', NULL, 1, '2019-03-05 15:58:14', '2019-03-05 15:58:14'),
(227, 22, '112.196.166.114', NULL, 1, '2019-03-05 16:01:36', '2019-03-05 16:01:36'),
(228, 22, '112.196.166.114', NULL, 2, '2019-03-05 16:01:41', '2019-03-05 16:01:41'),
(229, 3, '112.196.166.114', NULL, 1, '2019-03-05 16:03:44', '2019-03-05 16:03:44'),
(230, 3, '112.196.166.114', NULL, 2, '2019-03-05 16:03:53', '2019-03-05 16:03:53'),
(231, 29, '117.247.238.221', NULL, 1, '2019-03-05 16:05:15', '2019-03-05 16:05:15'),
(232, 28, '112.196.166.114', NULL, 1, '2019-03-05 16:05:20', '2019-03-05 16:05:20'),
(233, 29, '117.247.238.221', NULL, 2, '2019-03-05 16:05:21', '2019-03-05 16:05:21'),
(234, 28, '112.196.166.114', NULL, 2, '2019-03-05 16:05:22', '2019-03-05 16:05:22'),
(235, 15, '112.196.166.114', NULL, 1, '2019-03-05 16:05:46', '2019-03-05 16:05:46'),
(236, 24, '112.196.166.114', NULL, 1, '2019-03-05 16:05:57', '2019-03-05 16:05:57'),
(237, 24, '112.196.166.114', NULL, 2, '2019-03-05 16:06:15', '2019-03-05 16:06:15'),
(238, 23, '112.196.166.114', NULL, 1, '2019-03-05 16:06:48', '2019-03-05 16:06:48'),
(239, 10, '112.196.166.114', NULL, 1, '2019-03-05 16:32:43', '2019-03-05 16:32:43'),
(240, 10, '112.196.166.114', NULL, 2, '2019-03-05 16:32:49', '2019-03-05 16:32:49'),
(241, 3, '112.196.166.114', NULL, 1, '2019-03-05 16:45:11', '2019-03-05 16:45:11'),
(242, 30, '112.196.166.114', NULL, 1, '2019-03-05 17:33:27', '2019-03-05 17:33:27'),
(243, 15, '112.196.166.114', NULL, 1, '2019-03-05 17:51:15', '2019-03-05 17:51:15'),
(244, 8, '112.196.166.114', NULL, 1, '2019-03-05 17:51:32', '2019-03-05 17:51:32'),
(245, 22, '112.196.166.114', NULL, 1, '2019-03-05 19:17:47', '2019-03-05 19:17:47'),
(246, 2, '112.196.166.114', NULL, 1, '2019-03-05 19:24:07', '2019-03-05 19:24:07'),
(247, 8, '112.196.166.114', NULL, 1, '2019-03-05 19:36:48', '2019-03-05 19:36:48'),
(248, 1, '112.196.166.114', NULL, 1, '2019-03-05 19:37:20', '2019-03-05 19:37:20'),
(249, 25, '117.247.238.221', NULL, 1, '2019-03-05 20:36:39', '2019-03-05 20:36:39'),
(250, 8, '112.196.166.114', NULL, 1, '2019-03-05 20:46:09', '2019-03-05 20:46:09'),
(251, 9, '112.196.166.114', NULL, 1, '2019-03-05 20:51:23', '2019-03-05 20:51:23'),
(252, 8, '112.196.166.114', NULL, 1, '2019-03-05 23:59:33', '2019-03-05 23:59:33'),
(253, 8, '112.196.166.114', NULL, 1, '2019-03-06 00:37:39', '2019-03-06 00:37:39'),
(254, 13, '117.247.238.221', NULL, 1, '2019-03-06 01:08:32', '2019-03-06 01:08:32'),
(255, 13, '117.247.238.221', NULL, 3, '2019-03-06 01:08:40', '2019-03-06 01:08:40'),
(256, 5, '117.247.238.221', NULL, 1, '2019-03-06 01:12:42', '2019-03-06 01:12:42'),
(257, 5, '117.247.238.221', NULL, 3, '2019-03-06 01:12:49', '2019-03-06 01:12:49'),
(258, 22, '112.196.166.114', NULL, 1, '2019-03-06 01:17:22', '2019-03-06 01:17:22'),
(259, 4, '112.196.166.113', NULL, 1, '2019-03-06 01:17:36', '2019-03-06 01:17:36'),
(260, 31, '117.247.238.221', NULL, 1, '2019-03-06 01:17:36', '2019-03-06 01:17:36'),
(261, 31, '117.247.238.221', NULL, 3, '2019-03-06 01:17:46', '2019-03-06 01:17:46'),
(262, 12, '112.196.166.114', NULL, 1, '2019-03-06 01:18:28', '2019-03-06 01:18:28'),
(263, 8, '112.196.166.61', NULL, 3, '2019-03-06 01:21:10', '2019-03-06 01:21:10'),
(264, 12, '112.196.166.114', NULL, 3, '2019-03-06 01:21:19', '2019-03-06 01:21:19'),
(265, 15, '112.196.166.114', NULL, 1, '2019-03-06 01:27:24', '2019-03-06 01:27:24'),
(266, 15, '112.196.166.114', NULL, 3, '2019-03-06 01:27:29', '2019-03-06 01:27:29'),
(267, 2, '112.196.166.114', NULL, 1, '2019-03-06 01:31:49', '2019-03-06 01:31:49'),
(268, 2, '112.196.166.114', NULL, 3, '2019-03-06 01:32:00', '2019-03-06 01:32:00'),
(269, 11, '112.196.166.114', NULL, 1, '2019-03-06 01:32:24', '2019-03-06 01:32:24'),
(270, 11, '112.196.166.114', NULL, 3, '2019-03-06 01:36:44', '2019-03-06 01:36:44'),
(271, 28, '112.196.166.114', NULL, 1, '2019-03-06 01:37:49', '2019-03-06 01:37:49'),
(272, 22, '112.196.166.114', NULL, 3, '2019-03-06 01:37:52', '2019-03-06 01:37:52'),
(273, 4, '112.196.166.114', NULL, 3, '2019-03-06 01:38:55', '2019-03-06 01:38:55'),
(274, 28, '112.196.166.114', NULL, 3, '2019-03-06 01:39:25', '2019-03-06 01:39:25'),
(275, 30, '112.196.166.114', NULL, 1, '2019-03-06 01:40:01', '2019-03-06 01:40:01'),
(276, 26, '112.196.166.114', NULL, 1, '2019-03-06 01:42:07', '2019-03-06 01:42:07'),
(277, 26, '112.196.166.114', NULL, 3, '2019-03-06 01:42:22', '2019-03-06 01:42:22'),
(278, 23, '112.196.166.114', NULL, 1, '2019-03-06 01:50:00', '2019-03-06 01:50:00'),
(279, 23, '112.196.166.114', NULL, 3, '2019-03-06 01:50:26', '2019-03-06 01:50:26'),
(280, 25, '117.247.238.221', NULL, 1, '2019-03-06 01:54:10', '2019-03-06 01:54:10'),
(281, 25, '117.247.238.221', NULL, 3, '2019-03-06 01:54:24', '2019-03-06 01:54:24'),
(282, 29, '117.247.238.221', NULL, 1, '2019-03-06 01:59:12', '2019-03-06 01:59:12'),
(283, 29, '117.247.238.221', NULL, 3, '2019-03-06 02:12:47', '2019-03-06 02:12:47'),
(284, 16, '112.196.166.114', NULL, 1, '2019-03-06 02:23:19', '2019-03-06 02:23:19'),
(285, 16, '112.196.166.114', NULL, 3, '2019-03-06 02:23:33', '2019-03-06 02:23:33'),
(286, 24, '112.196.166.114', NULL, 1, '2019-03-06 02:32:06', '2019-03-06 02:32:06'),
(287, 24, '112.196.166.114', NULL, 3, '2019-03-06 02:32:15', '2019-03-06 02:32:15'),
(288, 5, '117.247.238.221', NULL, 1, '2019-03-06 15:12:33', '2019-03-06 15:12:33'),
(289, 5, '117.247.238.221', NULL, 2, '2019-03-06 15:12:40', '2019-03-06 15:12:40'),
(290, 13, '117.247.238.221', NULL, 1, '2019-03-06 15:21:29', '2019-03-06 15:21:29'),
(291, 13, '117.247.238.221', NULL, 2, '2019-03-06 15:22:26', '2019-03-06 15:22:26'),
(292, 31, '117.247.238.221', NULL, 1, '2019-03-06 15:22:47', '2019-03-06 15:22:47'),
(293, 11, '112.196.166.46', NULL, 1, '2019-03-06 15:24:52', '2019-03-06 15:24:52'),
(294, 11, '112.196.166.46', NULL, 2, '2019-03-06 15:24:59', '2019-03-06 15:24:59'),
(295, 4, '112.196.166.46', NULL, 1, '2019-03-06 15:26:24', '2019-03-06 15:26:24'),
(296, 4, '112.196.166.46', NULL, 2, '2019-03-06 15:26:47', '2019-03-06 15:26:47'),
(297, 26, '112.196.166.46', NULL, 1, '2019-03-06 15:27:35', '2019-03-06 15:27:35'),
(298, 26, '112.196.166.46', NULL, 2, '2019-03-06 15:27:38', '2019-03-06 15:27:38'),
(299, 12, '112.196.166.46', NULL, 1, '2019-03-06 15:27:45', '2019-03-06 15:27:45'),
(300, 12, '112.196.166.46', NULL, 2, '2019-03-06 15:27:51', '2019-03-06 15:27:51'),
(301, 16, '112.196.166.46', NULL, 1, '2019-03-06 15:31:24', '2019-03-06 15:31:24'),
(302, 16, '112.196.166.46', NULL, 2, '2019-03-06 15:31:28', '2019-03-06 15:31:28'),
(303, 8, '112.196.166.46', NULL, 1, '2019-03-06 15:32:10', '2019-03-06 15:32:10'),
(304, 8, '112.196.166.46', NULL, 2, '2019-03-06 15:32:14', '2019-03-06 15:32:14'),
(305, 15, '112.196.166.46', NULL, 1, '2019-03-06 15:33:30', '2019-03-06 15:33:30'),
(306, 15, '112.196.166.46', NULL, 2, '2019-03-06 15:33:41', '2019-03-06 15:33:41'),
(307, 2, '112.196.166.46', NULL, 1, '2019-03-06 15:34:06', '2019-03-06 15:34:06'),
(308, 2, '112.196.166.46', NULL, 2, '2019-03-06 15:34:11', '2019-03-06 15:34:11'),
(309, 1, '112.196.166.46', NULL, 1, '2019-03-06 15:35:06', '2019-03-06 15:35:06'),
(310, 31, '117.247.238.221', NULL, 2, '2019-03-06 15:36:47', '2019-03-06 15:36:47'),
(311, 9, '112.196.166.46', NULL, 1, '2019-03-06 15:37:19', '2019-03-06 15:37:19'),
(312, 9, '112.196.166.46', NULL, 2, '2019-03-06 15:37:29', '2019-03-06 15:37:29'),
(313, 25, '117.247.238.221', NULL, 1, '2019-03-06 15:39:45', '2019-03-06 15:39:45'),
(314, 25, '117.247.238.221', NULL, 2, '2019-03-06 15:39:49', '2019-03-06 15:39:49'),
(315, 1, '112.196.166.46', NULL, 1, '2019-03-06 15:40:16', '2019-03-06 15:40:16'),
(316, 25, '117.247.238.221', NULL, 1, '2019-03-06 15:40:51', '2019-03-06 15:40:51'),
(317, 31, '117.247.238.221', NULL, 1, '2019-03-06 15:41:04', '2019-03-06 15:41:04'),
(318, 25, '117.247.238.221', NULL, 1, '2019-03-06 15:41:05', '2019-03-06 15:41:05'),
(319, 25, '117.247.238.221', NULL, 1, '2019-03-06 15:41:14', '2019-03-06 15:41:14'),
(320, 31, '117.247.238.221', NULL, 1, '2019-03-06 15:42:37', '2019-03-06 15:42:37'),
(321, 9, '112.196.166.46', NULL, 1, '2019-03-06 15:44:57', '2019-03-06 15:44:57'),
(322, 21, '112.196.166.46', NULL, 1, '2019-03-06 15:54:24', '2019-03-06 15:54:24'),
(323, 21, '112.196.166.46', NULL, 2, '2019-03-06 15:54:32', '2019-03-06 15:54:32'),
(324, 1, '112.196.166.46', NULL, 1, '2019-03-06 15:57:18', '2019-03-06 15:57:18'),
(325, 22, '112.196.166.46', NULL, 1, '2019-03-06 15:58:31', '2019-03-06 15:58:31'),
(326, 22, '112.196.166.46', NULL, 2, '2019-03-06 15:58:36', '2019-03-06 15:58:36'),
(327, 23, '112.196.166.46', NULL, 1, '2019-03-06 16:07:32', '2019-03-06 16:07:32'),
(328, 23, '112.196.166.46', NULL, 2, '2019-03-06 16:07:40', '2019-03-06 16:07:40'),
(329, 28, '112.196.166.46', NULL, 1, '2019-03-06 16:09:04', '2019-03-06 16:09:04'),
(330, 28, '112.196.166.46', NULL, 2, '2019-03-06 16:09:08', '2019-03-06 16:09:08'),
(331, 8, '112.196.166.46', NULL, 1, '2019-03-06 16:09:21', '2019-03-06 16:09:21'),
(332, 30, '112.196.166.46', NULL, 1, '2019-03-06 16:14:34', '2019-03-06 16:14:34'),
(333, 30, '112.196.166.46', NULL, 2, '2019-03-06 16:14:39', '2019-03-06 16:14:39'),
(334, 29, '117.247.238.221', NULL, 1, '2019-03-06 16:22:03', '2019-03-06 16:22:03'),
(335, 29, '117.247.238.221', NULL, 2, '2019-03-06 16:22:18', '2019-03-06 16:22:18'),
(336, 24, '112.196.166.46', NULL, 1, '2019-03-06 16:24:05', '2019-03-06 16:24:05'),
(337, 24, '112.196.166.46', NULL, 2, '2019-03-06 16:24:31', '2019-03-06 16:24:31'),
(338, 1, '112.196.166.46', NULL, 1, '2019-03-06 17:55:50', '2019-03-06 17:55:50'),
(339, 5, '117.247.238.221', NULL, 1, '2019-03-06 17:59:16', '2019-03-06 17:59:16'),
(340, 2, '112.196.166.46', NULL, 1, '2019-03-06 18:22:27', '2019-03-06 18:22:27'),
(341, 26, '112.196.166.46', NULL, 1, '2019-03-06 18:39:00', '2019-03-06 18:39:00'),
(342, 12, '112.196.166.46', NULL, 1, '2019-03-06 18:39:01', '2019-03-06 18:39:01'),
(343, 15, '112.196.166.46', NULL, 1, '2019-03-06 18:39:38', '2019-03-06 18:39:38'),
(344, 11, '112.196.166.46', NULL, 1, '2019-03-06 18:39:48', '2019-03-06 18:39:48'),
(345, 31, '117.247.238.221', NULL, 1, '2019-03-06 18:41:00', '2019-03-06 18:41:00'),
(346, 22, '112.196.166.46', NULL, 1, '2019-03-06 18:42:16', '2019-03-06 18:42:16'),
(347, 13, '117.247.238.221', NULL, 1, '2019-03-06 18:42:31', '2019-03-06 18:42:31'),
(348, 8, '112.196.166.46', NULL, 1, '2019-03-06 18:42:35', '2019-03-06 18:42:35'),
(349, 12, '112.196.166.46', NULL, 1, '2019-03-06 18:45:41', '2019-03-06 18:45:41'),
(350, 20, '112.196.166.46', NULL, 1, '2019-03-06 18:47:20', '2019-03-06 18:47:20'),
(351, 3, '157.37.197.200', NULL, 1, '2019-03-06 18:48:09', '2019-03-06 18:48:09'),
(352, 22, '112.196.166.46', NULL, 1, '2019-03-06 18:51:16', '2019-03-06 18:51:16'),
(353, 23, '223.188.71.109', NULL, 1, '2019-03-06 19:02:08', '2019-03-06 19:02:08'),
(354, 22, '112.196.166.46', NULL, 1, '2019-03-06 19:02:13', '2019-03-06 19:02:13'),
(355, 12, '112.196.166.46', NULL, 1, '2019-03-06 19:04:05', '2019-03-06 19:04:05'),
(356, 30, '112.196.166.46', NULL, 1, '2019-03-06 19:04:15', '2019-03-06 19:04:15'),
(357, 14, '117.247.238.221', NULL, 1, '2019-03-06 19:42:03', '2019-03-06 19:42:03'),
(358, 32, '117.247.238.221', NULL, 1, '2019-03-06 22:18:12', '2019-03-06 22:18:12'),
(359, 32, '117.247.238.221', NULL, 2, '2019-03-06 22:18:25', '2019-03-06 22:18:25'),
(360, 19, '45.118.8.197', NULL, 1, '2019-03-06 22:42:03', '2019-03-06 22:42:03'),
(361, 1, '112.196.166.46', NULL, 1, '2019-03-06 23:44:20', '2019-03-06 23:44:20'),
(362, 22, '112.196.166.46', NULL, 1, '2019-03-07 00:14:14', '2019-03-07 00:14:14'),
(363, 8, '112.196.166.46', NULL, 1, '2019-03-07 00:14:19', '2019-03-07 00:14:19'),
(364, 1, '112.196.166.46', NULL, 1, '2019-03-07 00:30:11', '2019-03-07 00:30:11'),
(365, 11, '112.196.166.46', NULL, 3, '2019-03-07 00:49:41', '2019-03-07 00:49:41'),
(366, 12, '112.196.166.71', NULL, 1, '2019-03-07 01:02:49', '2019-03-07 01:02:49'),
(367, 4, '112.196.166.46', NULL, 3, '2019-03-07 01:03:11', '2019-03-07 01:03:11'),
(368, 15, '112.196.166.46', NULL, 3, '2019-03-07 01:04:19', '2019-03-07 01:04:19'),
(369, 8, '112.196.166.46', NULL, 1, '2019-03-07 01:06:35', '2019-03-07 01:06:35'),
(370, 9, '112.196.166.46', NULL, 3, '2019-03-07 01:06:52', '2019-03-07 01:06:52'),
(371, 12, '112.196.166.46', NULL, 3, '2019-03-07 01:07:24', '2019-03-07 01:07:24'),
(372, 1, '112.196.166.46', NULL, 1, '2019-03-07 01:12:49', '2019-03-07 01:12:49'),
(373, 5, '117.247.238.221', NULL, 3, '2019-03-07 01:14:07', '2019-03-07 01:14:07'),
(374, 13, '117.247.238.221', NULL, 1, '2019-03-07 01:14:29', '2019-03-07 01:14:29'),
(375, 16, '112.196.166.46', NULL, 3, '2019-03-07 01:14:35', '2019-03-07 01:14:35'),
(376, 25, '117.247.238.221', NULL, 1, '2019-03-07 01:14:57', '2019-03-07 01:14:57'),
(377, 25, '117.247.238.221', NULL, 3, '2019-03-07 01:15:13', '2019-03-07 01:15:13'),
(378, 13, '117.247.238.221', NULL, 3, '2019-03-07 01:23:34', '2019-03-07 01:23:34'),
(379, 23, '112.196.166.46', NULL, 1, '2019-03-07 01:24:33', '2019-03-07 01:24:33'),
(380, 23, '112.196.166.46', NULL, 3, '2019-03-07 01:30:07', '2019-03-07 01:30:07'),
(381, 22, '112.196.166.46', NULL, 3, '2019-03-07 01:30:07', '2019-03-07 01:30:07'),
(382, 10, '112.196.166.46', NULL, 1, '2019-03-07 01:33:57', '2019-03-07 01:33:57'),
(383, 26, '112.196.166.46', NULL, 3, '2019-03-07 01:41:09', '2019-03-07 01:41:09'),
(384, 28, '112.196.166.46', NULL, 3, '2019-03-07 01:41:40', '2019-03-07 01:41:40'),
(385, 2, '112.196.166.46', NULL, 1, '2019-03-07 01:42:05', '2019-03-07 01:42:05'),
(386, 2, '112.196.166.46', NULL, 3, '2019-03-07 01:42:25', '2019-03-07 01:42:25'),
(387, 31, '117.247.238.221', NULL, 3, '2019-03-07 01:47:11', '2019-03-07 01:47:11'),
(388, 24, '112.196.166.46', NULL, 3, '2019-03-07 01:59:37', '2019-03-07 01:59:37'),
(389, 29, '117.247.238.221', NULL, 3, '2019-03-07 02:00:10', '2019-03-07 02:00:10'),
(390, 32, '117.247.238.221', NULL, 3, '2019-03-07 02:01:37', '2019-03-07 02:01:37'),
(391, 21, '112.196.166.46', NULL, 3, '2019-03-07 02:03:04', '2019-03-07 02:03:04'),
(392, 29, '157.47.150.42', NULL, 1, '2019-03-07 02:13:45', '2019-03-07 02:13:45'),
(393, 30, '112.196.166.46', NULL, 3, '2019-03-07 02:38:32', '2019-03-07 02:38:32'),
(394, 31, '106.207.252.116', NULL, 1, '2019-03-07 03:26:03', '2019-03-07 03:26:03'),
(395, 13, '117.247.238.221', NULL, 1, '2019-03-07 15:15:01', '2019-03-07 15:15:01'),
(396, 13, '117.247.238.221', NULL, 2, '2019-03-07 15:15:07', '2019-03-07 15:15:07'),
(397, 5, '117.247.238.221', NULL, 1, '2019-03-07 15:15:34', '2019-03-07 15:15:34'),
(398, 31, '117.247.238.221', NULL, 1, '2019-03-07 15:17:38', '2019-03-07 15:17:38'),
(399, 25, '117.247.238.221', NULL, 1, '2019-03-07 15:18:44', '2019-03-07 15:18:44'),
(400, 26, '112.196.166.58', NULL, 1, '2019-03-07 15:28:38', '2019-03-07 15:28:38'),
(401, 26, '112.196.166.58', NULL, 2, '2019-03-07 15:28:42', '2019-03-07 15:28:42'),
(402, 11, '112.196.166.58', NULL, 1, '2019-03-07 15:32:54', '2019-03-07 15:32:54'),
(403, 16, '112.196.166.58', NULL, 1, '2019-03-07 15:32:55', '2019-03-07 15:32:55'),
(404, 11, '112.196.166.58', NULL, 2, '2019-03-07 15:32:58', '2019-03-07 15:32:58'),
(405, 16, '112.196.166.58', NULL, 2, '2019-03-07 15:32:59', '2019-03-07 15:32:59'),
(406, 5, '117.247.238.221', NULL, 2, '2019-03-07 15:33:32', '2019-03-07 15:33:32'),
(407, 4, '112.196.166.58', NULL, 1, '2019-03-07 15:34:28', '2019-03-07 15:34:28'),
(408, 4, '112.196.166.58', NULL, 2, '2019-03-07 15:34:33', '2019-03-07 15:34:33'),
(409, 15, '112.196.166.58', NULL, 1, '2019-03-07 15:34:46', '2019-03-07 15:34:46'),
(410, 15, '112.196.166.58', NULL, 2, '2019-03-07 15:34:50', '2019-03-07 15:34:50'),
(411, 31, '117.247.238.221', NULL, 2, '2019-03-07 15:37:10', '2019-03-07 15:37:10'),
(412, 11, '112.196.166.58', NULL, 1, '2019-03-07 15:37:50', '2019-03-07 15:37:50'),
(413, 2, '112.196.166.58', NULL, 1, '2019-03-07 15:38:22', '2019-03-07 15:38:22'),
(414, 2, '112.196.166.58', NULL, 1, '2019-03-07 15:39:44', '2019-03-07 15:39:44'),
(415, 2, '112.196.166.58', NULL, 2, '2019-03-07 15:39:48', '2019-03-07 15:39:48'),
(416, 9, '112.196.166.78', NULL, 1, '2019-03-07 15:39:52', '2019-03-07 15:39:52'),
(417, 9, '112.196.166.58', NULL, 1, '2019-03-07 15:39:56', '2019-03-07 15:39:56'),
(418, 9, '112.196.166.58', NULL, 2, '2019-03-07 15:40:01', '2019-03-07 15:40:01'),
(419, 25, '117.247.238.221', NULL, 2, '2019-03-07 15:40:18', '2019-03-07 15:40:18'),
(420, 14, '117.247.238.221', NULL, 1, '2019-03-07 15:44:46', '2019-03-07 15:44:46'),
(421, 14, '117.247.238.221', NULL, 2, '2019-03-07 15:44:53', '2019-03-07 15:44:53'),
(422, 1, '112.196.166.58', NULL, 1, '2019-03-07 15:47:51', '2019-03-07 15:47:51'),
(423, 27, '117.247.238.221', NULL, 1, '2019-03-07 15:59:36', '2019-03-07 15:59:36'),
(424, 27, '117.247.238.221', NULL, 2, '2019-03-07 15:59:42', '2019-03-07 15:59:42'),
(425, 22, '112.196.166.58', NULL, 1, '2019-03-07 16:02:31', '2019-03-07 16:02:31'),
(426, 22, '112.196.166.58', NULL, 2, '2019-03-07 16:02:35', '2019-03-07 16:02:35'),
(427, 23, '112.196.166.58', NULL, 1, '2019-03-07 16:02:36', '2019-03-07 16:02:36'),
(428, 23, '112.196.166.58', NULL, 2, '2019-03-07 16:02:39', '2019-03-07 16:02:39'),
(429, 30, '112.196.166.58', NULL, 1, '2019-03-07 16:04:05', '2019-03-07 16:04:05'),
(430, 30, '112.196.166.58', NULL, 2, '2019-03-07 16:04:08', '2019-03-07 16:04:08'),
(431, 21, '112.196.166.58', NULL, 1, '2019-03-07 16:05:03', '2019-03-07 16:05:03'),
(432, 21, '112.196.166.58', NULL, 2, '2019-03-07 16:05:08', '2019-03-07 16:05:08'),
(433, 28, '112.196.166.58', NULL, 1, '2019-03-07 16:07:25', '2019-03-07 16:07:25'),
(434, 28, '112.196.166.58', NULL, 2, '2019-03-07 16:07:29', '2019-03-07 16:07:29'),
(435, 3, '112.196.166.58', NULL, 1, '2019-03-07 16:08:09', '2019-03-07 16:08:09'),
(436, 3, '112.196.166.58', NULL, 2, '2019-03-07 16:08:31', '2019-03-07 16:08:31'),
(437, 29, '157.47.152.91', NULL, 1, '2019-03-07 16:20:43', '2019-03-07 16:20:43'),
(438, 29, '157.47.152.91', NULL, 2, '2019-03-07 16:28:23', '2019-03-07 16:28:23'),
(439, 10, '112.196.166.58', NULL, 1, '2019-03-07 16:30:20', '2019-03-07 16:30:20'),
(440, 10, '112.196.166.58', NULL, 2, '2019-03-07 16:30:30', '2019-03-07 16:30:30'),
(441, 19, '112.196.166.56', NULL, 1, '2019-03-07 17:48:57', '2019-03-07 17:48:57'),
(442, 31, '117.247.238.221', NULL, 1, '2019-03-07 19:57:39', '2019-03-07 19:57:39'),
(443, 1, '112.196.166.58', NULL, 1, '2019-03-07 19:59:04', '2019-03-07 19:59:04'),
(444, 32, '117.247.238.221', NULL, 1, '2019-03-07 20:52:23', '2019-03-07 20:52:23'),
(445, 32, '117.247.238.221', NULL, 2, '2019-03-07 20:52:31', '2019-03-07 20:52:31'),
(446, 29, '117.247.238.221', NULL, 1, '2019-03-07 20:54:11', '2019-03-07 20:54:11'),
(447, 4, '112.196.166.58', NULL, 3, '2019-03-07 23:22:12', '2019-03-07 23:22:12'),
(448, 27, '117.247.238.221', NULL, 3, '2019-03-08 01:04:52', '2019-03-08 01:04:52'),
(449, 11, '112.196.166.58', NULL, 3, '2019-03-08 01:09:46', '2019-03-08 01:09:46'),
(450, 15, '112.196.166.58', NULL, 3, '2019-03-08 01:17:33', '2019-03-08 01:17:33'),
(451, 9, '112.196.166.58', NULL, 3, '2019-03-08 01:20:35', '2019-03-08 01:20:35'),
(452, 9, '112.196.166.58', NULL, 1, '2019-03-08 01:21:09', '2019-03-08 01:21:09'),
(453, 13, '117.247.238.221', NULL, 1, '2019-03-08 01:21:11', '2019-03-08 01:21:11'),
(454, 13, '117.247.238.221', NULL, 3, '2019-03-08 01:21:25', '2019-03-08 01:21:25'),
(455, 16, '112.196.166.58', NULL, 3, '2019-03-08 01:28:56', '2019-03-08 01:28:56'),
(456, 22, '112.196.166.58', NULL, 3, '2019-03-08 01:30:06', '2019-03-08 01:30:06'),
(457, 25, '117.247.238.221', NULL, 3, '2019-03-08 01:30:41', '2019-03-08 01:30:41'),
(458, 31, '117.247.238.221', NULL, 3, '2019-03-08 01:34:05', '2019-03-08 01:34:05'),
(459, 3, '112.196.166.58', NULL, 1, '2019-03-08 01:34:55', '2019-03-08 01:34:55'),
(460, 23, '112.196.166.58', NULL, 3, '2019-03-08 01:39:12', '2019-03-08 01:39:12'),
(461, 14, '117.247.238.221', NULL, 3, '2019-03-08 01:40:21', '2019-03-08 01:40:21'),
(462, 28, '112.196.166.58', NULL, 3, '2019-03-08 01:40:44', '2019-03-08 01:40:44'),
(463, 26, '112.196.166.58', NULL, 3, '2019-03-08 01:44:36', '2019-03-08 01:44:36'),
(464, 3, '112.196.166.58', NULL, 3, '2019-03-08 01:49:17', '2019-03-08 01:49:17'),
(465, 29, '112.196.166.58', NULL, 3, '2019-03-08 02:02:19', '2019-03-08 02:02:19'),
(466, 32, '117.247.238.221', NULL, 3, '2019-03-08 02:04:12', '2019-03-08 02:04:12'),
(467, 10, '112.196.166.58', NULL, 3, '2019-03-08 02:06:07', '2019-03-08 02:06:07'),
(468, 2, '112.196.166.58', NULL, 3, '2019-03-08 02:23:02', '2019-03-08 02:23:02'),
(469, 21, '112.196.166.58', NULL, 3, '2019-03-08 02:25:41', '2019-03-08 02:25:41'),
(470, 5, '117.247.238.221', NULL, 1, '2019-03-08 15:14:54', '2019-03-08 15:14:54'),
(471, 5, '117.247.238.221', NULL, 2, '2019-03-08 15:15:03', '2019-03-08 15:15:03'),
(472, 13, '117.247.238.221', NULL, 1, '2019-03-08 15:16:20', '2019-03-08 15:16:20'),
(473, 13, '117.247.238.221', NULL, 2, '2019-03-08 15:19:20', '2019-03-08 15:19:20'),
(474, 31, '117.247.238.221', NULL, 1, '2019-03-08 15:20:08', '2019-03-08 15:20:08'),
(475, 14, '117.247.238.221', NULL, 1, '2019-03-08 15:21:06', '2019-03-08 15:21:06'),
(476, 16, '112.196.166.81', NULL, 1, '2019-03-08 15:34:17', '2019-03-08 15:34:17'),
(477, 16, '112.196.166.81', NULL, 2, '2019-03-08 15:34:20', '2019-03-08 15:34:20'),
(478, 9, '112.196.166.81', NULL, 1, '2019-03-08 15:36:32', '2019-03-08 15:36:32'),
(479, 9, '112.196.166.81', NULL, 2, '2019-03-08 15:36:38', '2019-03-08 15:36:38'),
(480, 2, '112.196.166.81', NULL, 1, '2019-03-08 15:37:03', '2019-03-08 15:37:03'),
(481, 2, '112.196.166.81', NULL, 2, '2019-03-08 15:37:06', '2019-03-08 15:37:06'),
(482, 1, '112.196.166.81', NULL, 1, '2019-03-08 15:37:25', '2019-03-08 15:37:25'),
(483, 11, '112.196.166.81', NULL, 1, '2019-03-08 15:37:36', '2019-03-08 15:37:36'),
(484, 11, '112.196.166.81', NULL, 2, '2019-03-08 15:37:39', '2019-03-08 15:37:39'),
(485, 9, '112.196.166.81', NULL, 1, '2019-03-08 15:38:44', '2019-03-08 15:38:44'),
(486, 4, '112.196.166.81', NULL, 1, '2019-03-08 15:39:10', '2019-03-08 15:39:10'),
(487, 4, '112.196.166.81', NULL, 2, '2019-03-08 15:39:15', '2019-03-08 15:39:15'),
(488, 31, '117.247.238.221', NULL, 2, '2019-03-08 15:39:43', '2019-03-08 15:39:43'),
(489, 25, '117.247.238.221', NULL, 1, '2019-03-08 15:39:53', '2019-03-08 15:39:53'),
(490, 25, '117.247.238.221', NULL, 2, '2019-03-08 15:39:57', '2019-03-08 15:39:57'),
(491, 21, '112.196.166.81', NULL, 1, '2019-03-08 15:43:03', '2019-03-08 15:43:03'),
(492, 21, '112.196.166.81', NULL, 2, '2019-03-08 15:43:14', '2019-03-08 15:43:14'),
(493, 15, '112.196.166.81', NULL, 1, '2019-03-08 15:49:30', '2019-03-08 15:49:30'),
(494, 15, '112.196.166.81', NULL, 2, '2019-03-08 15:49:33', '2019-03-08 15:49:33'),
(495, 23, '112.196.166.81', NULL, 1, '2019-03-08 15:51:17', '2019-03-08 15:51:17'),
(496, 23, '112.196.166.81', NULL, 2, '2019-03-08 15:51:29', '2019-03-08 15:51:29'),
(497, 3, '112.196.166.81', NULL, 1, '2019-03-08 15:53:12', '2019-03-08 15:53:12'),
(498, 3, '112.196.166.81', NULL, 2, '2019-03-08 15:53:24', '2019-03-08 15:53:24'),
(499, 14, '117.247.238.221', NULL, 2, '2019-03-08 15:54:39', '2019-03-08 15:54:39'),
(500, 20, '112.196.166.81', NULL, 1, '2019-03-08 15:54:52', '2019-03-08 15:54:52'),
(501, 20, '112.196.166.81', NULL, 2, '2019-03-08 15:55:01', '2019-03-08 15:55:01'),
(502, 27, '117.247.238.221', NULL, 1, '2019-03-08 15:55:25', '2019-03-08 15:55:25'),
(503, 27, '117.247.238.221', NULL, 2, '2019-03-08 15:55:29', '2019-03-08 15:55:29'),
(504, 28, '112.196.166.81', NULL, 1, '2019-03-08 16:05:23', '2019-03-08 16:05:23'),
(505, 28, '112.196.166.81', NULL, 2, '2019-03-08 16:05:26', '2019-03-08 16:05:26'),
(506, 30, '112.196.166.81', NULL, 1, '2019-03-08 16:25:36', '2019-03-08 16:25:36'),
(507, 30, '112.196.166.81', NULL, 2, '2019-03-08 16:25:42', '2019-03-08 16:25:42'),
(508, 29, '117.247.238.221', NULL, 1, '2019-03-08 16:27:17', '2019-03-08 16:27:17'),
(509, 29, '117.247.238.221', NULL, 2, '2019-03-08 16:27:29', '2019-03-08 16:27:29'),
(510, 10, '112.196.166.81', NULL, 1, '2019-03-08 16:27:51', '2019-03-08 16:27:51'),
(511, 10, '112.196.166.81', NULL, 2, '2019-03-08 16:28:02', '2019-03-08 16:28:02'),
(512, 32, '117.247.238.221', NULL, 1, '2019-03-08 20:46:16', '2019-03-08 20:46:16'),
(513, 32, '117.247.238.221', NULL, 2, '2019-03-08 20:46:29', '2019-03-08 20:46:29'),
(514, 1, '112.196.166.75', NULL, 1, '2019-03-09 00:29:15', '2019-03-09 00:29:15'),
(515, 11, '112.196.166.81', NULL, 3, '2019-03-09 01:09:32', '2019-03-09 01:09:32'),
(516, 4, '112.196.166.81', NULL, 3, '2019-03-09 01:10:22', '2019-03-09 01:10:22'),
(517, 15, '112.196.166.81', NULL, 3, '2019-03-09 01:10:41', '2019-03-09 01:10:41'),
(518, 31, '117.247.238.221', NULL, 3, '2019-03-09 01:14:18', '2019-03-09 01:14:18'),
(519, 32, '117.247.238.221', NULL, 3, '2019-03-09 01:19:21', '2019-03-09 01:19:21'),
(520, 9, '112.196.166.81', NULL, 3, '2019-03-09 01:22:55', '2019-03-09 01:22:55'),
(521, 13, '117.247.238.221', NULL, 3, '2019-03-09 01:24:01', '2019-03-09 01:24:01'),
(522, 25, '117.247.238.221', NULL, 3, '2019-03-09 01:24:27', '2019-03-09 01:24:27'),
(523, 27, '117.247.238.221', NULL, 3, '2019-03-09 01:25:38', '2019-03-09 01:25:38'),
(524, 16, '112.196.166.81', NULL, 3, '2019-03-09 01:27:49', '2019-03-09 01:27:49'),
(525, 23, '112.196.166.81', NULL, 3, '2019-03-09 01:28:33', '2019-03-09 01:28:33'),
(526, 14, '117.247.238.221', NULL, 3, '2019-03-09 01:28:34', '2019-03-09 01:28:34'),
(527, 21, '112.196.166.81', NULL, 3, '2019-03-09 01:28:54', '2019-03-09 01:28:54'),
(528, 28, '112.196.166.81', NULL, 3, '2019-03-09 01:36:04', '2019-03-09 01:36:04'),
(529, 2, '112.196.166.81', NULL, 1, '2019-03-09 01:56:48', '2019-03-09 01:56:48'),
(530, 2, '66.249.82.200', NULL, 3, '2019-03-09 01:57:01', '2019-03-09 01:57:01'),
(531, 29, '117.247.238.221', NULL, 3, '2019-03-09 02:01:55', '2019-03-09 02:01:55'),
(532, 3, '112.196.166.81', NULL, 3, '2019-03-09 02:07:57', '2019-03-09 02:07:57'),
(533, 10, '112.196.166.81', NULL, 3, '2019-03-09 02:09:26', '2019-03-09 02:09:26'),
(534, 30, '112.196.166.81', NULL, 3, '2019-03-09 02:29:50', '2019-03-09 02:29:50'),
(535, 13, '117.247.238.221', NULL, 1, '2019-03-09 15:16:00', '2019-03-09 15:16:00'),
(536, 13, '117.247.238.221', NULL, 2, '2019-03-09 15:16:04', '2019-03-09 15:16:04'),
(537, 4, '112.196.166.0', NULL, 1, '2019-03-09 15:34:28', '2019-03-09 15:34:28'),
(538, 4, '112.196.166.0', NULL, 2, '2019-03-09 15:34:32', '2019-03-09 15:34:32'),
(539, 16, '112.196.166.110', NULL, 1, '2019-03-09 15:34:45', '2019-03-09 15:34:45'),
(540, 16, '112.196.166.51', NULL, 2, '2019-03-09 15:34:53', '2019-03-09 15:34:53'),
(541, 2, '112.196.166.0', NULL, 1, '2019-03-09 15:35:29', '2019-03-09 15:35:29'),
(542, 2, '112.196.166.0', NULL, 2, '2019-03-09 15:35:36', '2019-03-09 15:35:36'),
(543, 9, '112.196.166.0', NULL, 1, '2019-03-09 15:35:43', '2019-03-09 15:35:43'),
(544, 9, '112.196.166.0', NULL, 2, '2019-03-09 15:36:03', '2019-03-09 15:36:03'),
(545, 1, '112.196.166.0', NULL, 1, '2019-03-09 15:36:25', '2019-03-09 15:36:25'),
(546, 15, '112.196.166.0', NULL, 1, '2019-03-09 15:38:04', '2019-03-09 15:38:04'),
(547, 15, '112.196.166.0', NULL, 2, '2019-03-09 15:38:10', '2019-03-09 15:38:10'),
(548, 25, '117.247.238.221', NULL, 1, '2019-03-09 15:41:10', '2019-03-09 15:41:10'),
(549, 25, '117.247.238.221', NULL, 2, '2019-03-09 15:41:14', '2019-03-09 15:41:14'),
(550, 9, '112.196.166.0', NULL, 1, '2019-03-09 15:46:47', '2019-03-09 15:46:47'),
(551, 21, '112.196.166.0', NULL, 1, '2019-03-09 15:51:01', '2019-03-09 15:51:01'),
(552, 21, '112.196.166.0', NULL, 2, '2019-03-09 15:51:13', '2019-03-09 15:51:13'),
(553, 31, '117.247.238.221', NULL, 1, '2019-03-09 16:01:47', '2019-03-09 16:01:47'),
(554, 22, '112.196.166.0', NULL, 1, '2019-03-09 16:02:16', '2019-03-09 16:02:16'),
(555, 22, '112.196.166.0', NULL, 2, '2019-03-09 16:02:19', '2019-03-09 16:02:19'),
(556, 31, '117.247.238.221', NULL, 2, '2019-03-09 16:02:40', '2019-03-09 16:02:40'),
(557, 3, '112.196.166.0', NULL, 1, '2019-03-09 16:02:42', '2019-03-09 16:02:42'),
(558, 23, '112.196.166.0', NULL, 1, '2019-03-09 16:02:46', '2019-03-09 16:02:46'),
(559, 23, '112.196.166.0', NULL, 2, '2019-03-09 16:02:48', '2019-03-09 16:02:48'),
(560, 3, '112.196.166.0', NULL, 2, '2019-03-09 16:02:54', '2019-03-09 16:02:54'),
(561, 28, '112.196.166.0', NULL, 1, '2019-03-09 16:05:14', '2019-03-09 16:05:14'),
(562, 28, '112.196.166.0', NULL, 2, '2019-03-09 16:05:17', '2019-03-09 16:05:17'),
(563, 27, '117.247.238.221', NULL, 1, '2019-03-09 16:06:29', '2019-03-09 16:06:29'),
(564, 27, '117.247.238.221', NULL, 2, '2019-03-09 16:06:36', '2019-03-09 16:06:36'),
(565, 27, '117.247.238.221', NULL, 1, '2019-03-09 16:07:28', '2019-03-09 16:07:28'),
(566, 32, '117.247.238.221', NULL, 1, '2019-03-09 16:08:16', '2019-03-09 16:08:16'),
(567, 32, '117.247.238.221', NULL, 2, '2019-03-09 16:08:27', '2019-03-09 16:08:27'),
(568, 30, '112.196.166.0', NULL, 1, '2019-03-09 16:18:55', '2019-03-09 16:18:55'),
(569, 30, '112.196.166.0', NULL, 2, '2019-03-09 16:19:01', '2019-03-09 16:19:01'),
(570, 10, '112.196.166.0', NULL, 1, '2019-03-09 16:30:52', '2019-03-09 16:30:52'),
(571, 10, '112.196.166.0', NULL, 2, '2019-03-09 16:30:56', '2019-03-09 16:30:56'),
(572, 29, '117.247.238.221', NULL, 1, '2019-03-09 16:34:49', '2019-03-09 16:34:49'),
(573, 29, '117.247.238.221', NULL, 2, '2019-03-09 16:34:54', '2019-03-09 16:34:54'),
(574, 14, '117.247.238.221', NULL, 1, '2019-03-09 16:36:15', '2019-03-09 16:36:15'),
(575, 14, '117.247.238.221', NULL, 2, '2019-03-09 16:36:19', '2019-03-09 16:36:19'),
(576, 11, '112.196.166.0', NULL, 1, '2019-03-09 16:58:49', '2019-03-09 16:58:49'),
(577, 11, '112.196.166.0', NULL, 2, '2019-03-09 16:59:00', '2019-03-09 16:59:00'),
(578, 20, '112.196.166.0', NULL, 1, '2019-03-09 17:40:27', '2019-03-09 17:40:27'),
(579, 26, '112.196.166.0', NULL, 1, '2019-03-09 20:34:50', '2019-03-09 20:34:50'),
(580, 26, '112.196.166.0', NULL, 2, '2019-03-09 20:34:54', '2019-03-09 20:34:54'),
(581, 3, '112.196.166.0', NULL, 3, '2019-03-10 00:59:00', '2019-03-10 00:59:00'),
(582, 4, '112.196.166.0', NULL, 3, '2019-03-10 01:03:33', '2019-03-10 01:03:33'),
(583, 11, '112.196.166.0', NULL, 3, '2019-03-10 01:04:02', '2019-03-10 01:04:02'),
(584, 15, '112.196.166.0', NULL, 3, '2019-03-10 01:05:20', '2019-03-10 01:05:20'),
(585, 2, '112.196.166.0', NULL, 3, '2019-03-10 01:08:18', '2019-03-10 01:08:18'),
(586, 27, '117.247.238.221', NULL, 3, '2019-03-10 01:09:46', '2019-03-10 01:09:46'),
(587, 9, '112.196.166.0', NULL, 3, '2019-03-10 01:09:55', '2019-03-10 01:09:55'),
(588, 23, '112.196.166.0', NULL, 3, '2019-03-10 01:10:57', '2019-03-10 01:10:57'),
(589, 31, '117.247.238.221', NULL, 3, '2019-03-10 01:12:00', '2019-03-10 01:12:00'),
(590, 22, '112.196.166.0', NULL, 3, '2019-03-10 01:12:45', '2019-03-10 01:12:45'),
(591, 16, '112.196.166.0', NULL, 3, '2019-03-10 01:24:02', '2019-03-10 01:24:02'),
(592, 21, '112.196.166.0', NULL, 3, '2019-03-10 01:30:56', '2019-03-10 01:30:56'),
(593, 28, '112.196.166.0', NULL, 3, '2019-03-10 01:36:05', '2019-03-10 01:36:05'),
(594, 26, '112.196.166.0', NULL, 3, '2019-03-10 01:36:44', '2019-03-10 01:36:44'),
(595, 32, '117.247.238.221', NULL, 3, '2019-03-10 01:37:34', '2019-03-10 01:37:34'),
(596, 13, '117.247.238.221', NULL, 3, '2019-03-10 02:05:58', '2019-03-10 02:05:58'),
(597, 25, '117.247.238.221', NULL, 3, '2019-03-10 02:07:37', '2019-03-10 02:07:37'),
(598, 29, '112.196.166.0', NULL, 3, '2019-03-10 02:07:45', '2019-03-10 02:07:45'),
(599, 10, '112.196.166.0', NULL, 3, '2019-03-10 02:07:46', '2019-03-10 02:07:46'),
(600, 30, '112.196.166.0', NULL, 3, '2019-03-10 02:08:27', '2019-03-10 02:08:27'),
(601, 14, '117.247.238.221', NULL, 3, '2019-03-10 02:10:52', '2019-03-10 02:10:52'),
(602, 32, '117.247.238.221', NULL, 1, '2019-03-10 17:40:44', '2019-03-10 17:40:44'),
(603, 32, '117.247.238.221', NULL, 2, '2019-03-10 17:40:48', '2019-03-10 17:40:48'),
(604, 25, '117.247.238.221', NULL, 1, '2019-03-10 18:36:16', '2019-03-10 18:36:16'),
(605, 25, '117.247.238.221', NULL, 2, '2019-03-10 18:36:28', '2019-03-10 18:36:28'),
(606, 1, '157.37.225.18', NULL, 1, '2019-03-10 21:34:39', '2019-03-10 21:34:39'),
(607, 32, '117.247.238.221', NULL, 3, '2019-03-10 21:53:03', '2019-03-10 21:53:03'),
(608, 25, '117.247.238.221', NULL, 3, '2019-03-10 22:02:32', '2019-03-10 22:02:32'),
(609, 1, '117.255.214.14', NULL, 1, '2019-03-11 02:22:06', '2019-03-11 02:22:06');
INSERT INTO `logs` (`log_id`, `admin_id`, `ip_address`, `mac_address`, `work_type`, `created_at`, `updated_at`) VALUES
(610, 13, '117.247.238.221', NULL, 1, '2019-03-11 13:44:15', '2019-03-11 13:44:15'),
(611, 13, '117.247.238.221', NULL, 2, '2019-03-11 13:44:25', '2019-03-11 13:44:25'),
(612, 31, '117.247.238.221', NULL, 1, '2019-03-11 13:45:14', '2019-03-11 13:45:14'),
(613, 25, '117.247.238.221', NULL, 1, '2019-03-11 13:46:29', '2019-03-11 13:46:29'),
(614, 14, '117.247.238.221', NULL, 1, '2019-03-11 13:47:53', '2019-03-11 13:47:53'),
(615, 5, '117.247.238.221', NULL, 1, '2019-03-11 13:49:02', '2019-03-11 13:49:02'),
(616, 12, '112.196.166.73', NULL, 1, '2019-03-11 14:27:00', '2019-03-11 14:27:00'),
(617, 12, '112.196.166.73', NULL, 2, '2019-03-11 14:27:05', '2019-03-11 14:27:05'),
(618, 26, '112.196.166.73', NULL, 1, '2019-03-11 14:29:47', '2019-03-11 14:29:47'),
(619, 26, '112.196.166.73', NULL, 2, '2019-03-11 14:29:53', '2019-03-11 14:29:53'),
(620, 11, '112.196.166.73', NULL, 1, '2019-03-11 14:30:21', '2019-03-11 14:30:21'),
(621, 11, '112.196.166.73', NULL, 2, '2019-03-11 14:30:26', '2019-03-11 14:30:26'),
(622, 5, '117.247.238.221', NULL, 2, '2019-03-11 14:31:35', '2019-03-11 14:31:35'),
(623, 31, '117.247.238.221', NULL, 2, '2019-03-11 14:31:37', '2019-03-11 14:31:37'),
(624, 4, '112.196.166.73', NULL, 1, '2019-03-11 14:33:01', '2019-03-11 14:33:01'),
(625, 4, '112.196.166.73', NULL, 2, '2019-03-11 14:33:06', '2019-03-11 14:33:06'),
(626, 16, '112.196.166.73', NULL, 1, '2019-03-11 14:34:14', '2019-03-11 14:34:14'),
(627, 16, '112.196.166.73', NULL, 1, '2019-03-11 14:34:36', '2019-03-11 14:34:36'),
(628, 16, '112.196.166.73', NULL, 2, '2019-03-11 14:34:40', '2019-03-11 14:34:40'),
(629, 9, '112.196.166.73', NULL, 1, '2019-03-11 14:35:51', '2019-03-11 14:35:51'),
(630, 9, '112.196.166.73', NULL, 2, '2019-03-11 14:36:03', '2019-03-11 14:36:03'),
(631, 2, '112.196.166.73', NULL, 1, '2019-03-11 14:37:25', '2019-03-11 14:37:25'),
(632, 2, '112.196.166.73', NULL, 2, '2019-03-11 14:37:34', '2019-03-11 14:37:34'),
(633, 15, '112.196.166.73', NULL, 1, '2019-03-11 14:37:52', '2019-03-11 14:37:52'),
(634, 1, '112.196.166.73', NULL, 1, '2019-03-11 14:37:53', '2019-03-11 14:37:53'),
(635, 15, '112.196.166.73', NULL, 2, '2019-03-11 14:37:57', '2019-03-11 14:37:57'),
(636, 8, '112.196.166.73', NULL, 1, '2019-03-11 14:38:02', '2019-03-11 14:38:02'),
(637, 8, '112.196.166.73', NULL, 2, '2019-03-11 14:38:04', '2019-03-11 14:38:04'),
(638, 25, '117.247.238.221', NULL, 2, '2019-03-11 14:39:08', '2019-03-11 14:39:08'),
(639, 9, '112.196.166.73', NULL, 1, '2019-03-11 14:40:07', '2019-03-11 14:40:07'),
(640, 1, '112.196.166.73', NULL, 1, '2019-03-11 14:45:34', '2019-03-11 14:45:34'),
(641, 8, '112.196.166.73', NULL, 1, '2019-03-11 14:47:27', '2019-03-11 14:47:27'),
(642, 2, '112.196.166.73', NULL, 1, '2019-03-11 14:49:00', '2019-03-11 14:49:00'),
(643, 1, '112.196.166.73', NULL, 1, '2019-03-11 14:51:39', '2019-03-11 14:51:39'),
(644, 23, '112.196.166.73', NULL, 1, '2019-03-11 15:00:40', '2019-03-11 15:00:40'),
(645, 23, '112.196.166.73', NULL, 2, '2019-03-11 15:00:44', '2019-03-11 15:00:44'),
(646, 21, '112.196.166.73', NULL, 1, '2019-03-11 15:00:50', '2019-03-11 15:00:50'),
(647, 20, '112.196.166.73', NULL, 1, '2019-03-11 15:00:55', '2019-03-11 15:00:55'),
(648, 21, '112.196.166.73', NULL, 2, '2019-03-11 15:00:56', '2019-03-11 15:00:56'),
(649, 20, '112.196.166.73', NULL, 2, '2019-03-11 15:00:59', '2019-03-11 15:00:59'),
(650, 14, '117.247.238.221', NULL, 2, '2019-03-11 15:03:42', '2019-03-11 15:03:42'),
(651, 22, '112.196.166.73', NULL, 1, '2019-03-11 15:04:27', '2019-03-11 15:04:27'),
(652, 22, '112.196.166.73', NULL, 2, '2019-03-11 15:04:31', '2019-03-11 15:04:31'),
(653, 3, '112.196.166.73', NULL, 1, '2019-03-11 15:05:22', '2019-03-11 15:05:22'),
(654, 3, '112.196.166.73', NULL, 2, '2019-03-11 15:05:30', '2019-03-11 15:05:30'),
(655, 29, '117.247.238.221', NULL, 1, '2019-03-11 15:08:19', '2019-03-11 15:08:19'),
(656, 29, '117.247.238.221', NULL, 2, '2019-03-11 15:08:23', '2019-03-11 15:08:23'),
(657, 24, '112.196.166.73', NULL, 1, '2019-03-11 15:08:42', '2019-03-11 15:08:42'),
(658, 24, '112.196.166.73', NULL, 2, '2019-03-11 15:08:46', '2019-03-11 15:08:46'),
(659, 28, '112.196.166.73', NULL, 1, '2019-03-11 15:16:11', '2019-03-11 15:16:11'),
(660, 28, '112.196.166.73', NULL, 2, '2019-03-11 15:16:16', '2019-03-11 15:16:16'),
(661, 10, '112.196.166.73', NULL, 1, '2019-03-11 15:28:43', '2019-03-11 15:28:43'),
(662, 10, '112.196.166.73', NULL, 2, '2019-03-11 15:28:49', '2019-03-11 15:28:49'),
(663, 30, '112.196.166.73', NULL, 1, '2019-03-11 15:39:18', '2019-03-11 15:39:18'),
(664, 30, '112.196.166.73', NULL, 2, '2019-03-11 15:39:24', '2019-03-11 15:39:24'),
(665, 12, '112.196.166.73', NULL, 1, '2019-03-11 16:01:08', '2019-03-11 16:01:08'),
(666, 8, '112.196.166.73', NULL, 1, '2019-03-11 17:38:47', '2019-03-11 17:38:47'),
(667, 30, '112.196.166.73', NULL, 1, '2019-03-11 17:45:35', '2019-03-11 17:45:35'),
(668, 1, '112.196.166.73', NULL, 1, '2019-03-11 17:46:16', '2019-03-11 17:46:16'),
(669, 1, '112.196.166.73', NULL, 1, '2019-03-11 17:55:57', '2019-03-11 17:55:57'),
(670, 8, '112.196.166.73', NULL, 1, '2019-03-11 17:58:49', '2019-03-11 17:58:49'),
(671, 1, '112.196.166.73', NULL, 1, '2019-03-11 18:04:05', '2019-03-11 18:04:05'),
(672, 25, '117.247.238.221', NULL, 1, '2019-03-11 18:26:22', '2019-03-11 18:26:22'),
(673, 13, '117.247.238.221', NULL, 1, '2019-03-11 18:28:30', '2019-03-11 18:28:30'),
(674, 1, '112.196.166.73', NULL, 1, '2019-03-11 20:39:32', '2019-03-11 20:39:32'),
(675, 32, '117.247.238.221', NULL, 1, '2019-03-11 21:01:21', '2019-03-11 21:01:21'),
(676, 32, '117.247.238.221', NULL, 2, '2019-03-11 21:01:26', '2019-03-11 21:01:26'),
(677, 4, '112.196.166.73', NULL, 3, '2019-03-12 00:07:09', '2019-03-12 00:07:09'),
(678, 11, '112.196.166.73', NULL, 3, '2019-03-12 00:07:13', '2019-03-12 00:07:13'),
(679, 31, '117.247.238.221', NULL, 3, '2019-03-12 00:15:49', '2019-03-12 00:15:49'),
(680, 22, '112.196.166.73', NULL, 3, '2019-03-12 00:30:15', '2019-03-12 00:30:15'),
(681, 1, '112.196.166.73', NULL, 1, '2019-03-12 00:30:34', '2019-03-12 00:30:34'),
(682, 8, '112.196.166.73', NULL, 1, '2019-03-12 00:33:30', '2019-03-12 00:33:30'),
(683, 13, '117.247.238.221', NULL, 3, '2019-03-12 00:33:33', '2019-03-12 00:33:33'),
(684, 8, '112.196.166.73', NULL, 3, '2019-03-12 00:35:09', '2019-03-12 00:35:09'),
(685, 28, '112.196.166.73', NULL, 3, '2019-03-12 00:37:05', '2019-03-12 00:37:05'),
(686, 15, '112.196.166.73', NULL, 3, '2019-03-12 00:38:19', '2019-03-12 00:38:19'),
(687, 16, '112.196.166.73', NULL, 3, '2019-03-12 00:40:48', '2019-03-12 00:40:48'),
(688, 25, '117.247.238.221', NULL, 3, '2019-03-12 00:43:01', '2019-03-12 00:43:01'),
(689, 12, '112.196.166.73', NULL, 1, '2019-03-12 00:44:50', '2019-03-12 00:44:50'),
(690, 23, '112.196.166.73', NULL, 3, '2019-03-12 00:45:14', '2019-03-12 00:45:14'),
(691, 12, '112.196.166.73', NULL, 3, '2019-03-12 00:48:43', '2019-03-12 00:48:43'),
(692, 20, '112.196.166.73', NULL, 3, '2019-03-12 00:48:52', '2019-03-12 00:48:52'),
(693, 21, '112.196.166.73', NULL, 3, '2019-03-12 00:49:01', '2019-03-12 00:49:01'),
(694, 3, '112.196.166.73', NULL, 3, '2019-03-12 00:51:24', '2019-03-12 00:51:24'),
(695, 32, '117.247.238.221', NULL, 3, '2019-03-12 00:53:45', '2019-03-12 00:53:45'),
(696, 2, '117.247.238.221', NULL, 3, '2019-03-12 00:58:32', '2019-03-12 00:58:32'),
(697, 26, '112.196.166.73', NULL, 3, '2019-03-12 01:01:07', '2019-03-12 01:01:07'),
(698, 9, '112.196.166.73', NULL, 1, '2019-03-12 01:02:07', '2019-03-12 01:02:07'),
(699, 9, '112.196.166.73', NULL, 3, '2019-03-12 01:02:24', '2019-03-12 01:02:24'),
(700, 14, '117.247.238.221', NULL, 3, '2019-03-12 01:02:45', '2019-03-12 01:02:45'),
(701, 24, '112.196.166.73', NULL, 3, '2019-03-12 01:05:05', '2019-03-12 01:05:05'),
(702, 10, '112.196.166.73', NULL, 3, '2019-03-12 01:05:41', '2019-03-12 01:05:41'),
(703, 29, '112.196.166.73', NULL, 3, '2019-03-12 01:07:13', '2019-03-12 01:07:13'),
(704, 30, '112.196.166.73', NULL, 3, '2019-03-12 01:17:26', '2019-03-12 01:17:26'),
(705, 13, '117.247.238.221', NULL, 1, '2019-03-12 13:47:43', '2019-03-12 13:47:43'),
(706, 13, '117.247.238.221', NULL, 2, '2019-03-12 13:47:47', '2019-03-12 13:47:47'),
(707, 31, '117.247.238.221', NULL, 1, '2019-03-12 14:01:13', '2019-03-12 14:01:13'),
(708, 5, '117.247.238.221', NULL, 1, '2019-03-12 14:06:47', '2019-03-12 14:06:47'),
(709, 4, '112.196.166.56', NULL, 1, '2019-03-12 14:27:31', '2019-03-12 14:27:31'),
(710, 4, '112.196.166.56', NULL, 2, '2019-03-12 14:27:37', '2019-03-12 14:27:37'),
(711, 11, '112.196.166.56', NULL, 1, '2019-03-12 14:28:44', '2019-03-12 14:28:44'),
(712, 11, '112.196.166.56', NULL, 2, '2019-03-12 14:28:50', '2019-03-12 14:28:50'),
(713, 26, '112.196.166.56', NULL, 1, '2019-03-12 14:29:10', '2019-03-12 14:29:10'),
(714, 26, '112.196.166.56', NULL, 2, '2019-03-12 14:29:15', '2019-03-12 14:29:15'),
(715, 12, '112.196.166.56', NULL, 1, '2019-03-12 14:31:02', '2019-03-12 14:31:02'),
(716, 12, '112.196.166.56', NULL, 2, '2019-03-12 14:31:09', '2019-03-12 14:31:09'),
(717, 1, '112.196.166.56', NULL, 1, '2019-03-12 14:31:54', '2019-03-12 14:31:54'),
(718, 8, '112.196.166.56', NULL, 1, '2019-03-12 14:32:25', '2019-03-12 14:32:25'),
(719, 8, '112.196.166.56', NULL, 2, '2019-03-12 14:32:44', '2019-03-12 14:32:44'),
(720, 16, '112.196.166.56', NULL, 1, '2019-03-12 14:35:04', '2019-03-12 14:35:04'),
(721, 16, '112.196.166.56', NULL, 2, '2019-03-12 14:35:07', '2019-03-12 14:35:07'),
(722, 15, '112.196.166.56', NULL, 1, '2019-03-12 14:35:42', '2019-03-12 14:35:42'),
(723, 15, '112.196.166.56', NULL, 2, '2019-03-12 14:35:45', '2019-03-12 14:35:45'),
(724, 9, '112.196.166.56', NULL, 1, '2019-03-12 14:36:23', '2019-03-12 14:36:23'),
(725, 9, '112.196.166.56', NULL, 2, '2019-03-12 14:37:00', '2019-03-12 14:37:00'),
(726, 2, '117.247.238.221', NULL, 1, '2019-03-12 14:37:11', '2019-03-12 14:37:11'),
(727, 2, '117.247.238.221', NULL, 2, '2019-03-12 14:37:29', '2019-03-12 14:37:29'),
(728, 5, '117.247.238.221', NULL, 2, '2019-03-12 14:38:08', '2019-03-12 14:38:08'),
(729, 31, '117.247.238.221', NULL, 2, '2019-03-12 14:38:34', '2019-03-12 14:38:34'),
(730, 1, '117.247.238.221', NULL, 1, '2019-03-12 14:40:16', '2019-03-12 14:40:16'),
(731, 3, '112.196.166.56', NULL, 1, '2019-03-12 14:42:15', '2019-03-12 14:42:15'),
(732, 3, '112.196.166.56', NULL, 2, '2019-03-12 14:42:24', '2019-03-12 14:42:24'),
(733, 27, '117.247.238.221', NULL, 1, '2019-03-12 14:42:42', '2019-03-12 14:42:42'),
(734, 27, '117.247.238.221', NULL, 2, '2019-03-12 14:42:47', '2019-03-12 14:42:47'),
(735, 25, '117.247.238.221', NULL, 1, '2019-03-12 14:44:32', '2019-03-12 14:44:32'),
(736, 25, '117.247.238.221', NULL, 2, '2019-03-12 14:44:42', '2019-03-12 14:44:42'),
(737, 21, '112.196.166.56', NULL, 1, '2019-03-12 14:47:56', '2019-03-12 14:47:56'),
(738, 21, '112.196.166.56', NULL, 2, '2019-03-12 14:48:01', '2019-03-12 14:48:01'),
(739, 23, '112.196.166.56', NULL, 1, '2019-03-12 14:57:30', '2019-03-12 14:57:30'),
(740, 23, '112.196.166.56', NULL, 2, '2019-03-12 14:57:38', '2019-03-12 14:57:38'),
(741, 28, '112.196.166.56', NULL, 1, '2019-03-12 15:06:46', '2019-03-12 15:06:46'),
(742, 28, '112.196.166.56', NULL, 2, '2019-03-12 15:06:49', '2019-03-12 15:06:49'),
(743, 30, '112.196.166.56', NULL, 1, '2019-03-12 15:14:37', '2019-03-12 15:14:37'),
(744, 30, '112.196.166.56', NULL, 2, '2019-03-12 15:14:45', '2019-03-12 15:14:45'),
(745, 22, '112.196.166.56', NULL, 1, '2019-03-12 15:15:25', '2019-03-12 15:15:25'),
(746, 22, '112.196.166.56', NULL, 2, '2019-03-12 15:15:29', '2019-03-12 15:15:29'),
(747, 9, '112.196.166.56', NULL, 1, '2019-03-12 15:16:10', '2019-03-12 15:16:10'),
(748, 24, '112.196.166.56', NULL, 1, '2019-03-12 15:16:57', '2019-03-12 15:16:57'),
(749, 24, '112.196.166.56', NULL, 2, '2019-03-12 15:17:01', '2019-03-12 15:17:01'),
(750, 29, '117.247.238.221', NULL, 1, '2019-03-12 15:18:34', '2019-03-12 15:18:34'),
(751, 29, '117.247.238.221', NULL, 2, '2019-03-12 15:18:39', '2019-03-12 15:18:39'),
(752, 14, '117.247.238.221', NULL, 1, '2019-03-12 15:22:56', '2019-03-12 15:22:56'),
(753, 14, '117.247.238.221', NULL, 2, '2019-03-12 15:22:59', '2019-03-12 15:22:59'),
(754, 10, '112.196.166.56', NULL, 1, '2019-03-12 15:28:59', '2019-03-12 15:28:59'),
(755, 10, '112.196.166.56', NULL, 2, '2019-03-12 15:29:03', '2019-03-12 15:29:03'),
(756, 32, '117.247.238.221', NULL, 1, '2019-03-12 20:55:49', '2019-03-12 20:55:49'),
(757, 32, '117.247.238.221', NULL, 2, '2019-03-12 20:55:55', '2019-03-12 20:55:55'),
(758, 27, '117.247.238.221', NULL, 3, '2019-03-13 00:07:53', '2019-03-13 00:07:53'),
(759, 2, '117.247.238.221', NULL, 1, '2019-03-13 00:08:40', '2019-03-13 00:08:40'),
(760, 5, '117.247.238.221', NULL, 3, '2019-03-13 00:10:35', '2019-03-13 00:10:35'),
(761, 2, '117.247.238.221', NULL, 3, '2019-03-13 00:10:54', '2019-03-13 00:10:54'),
(762, 8, '117.247.238.221', NULL, 1, '2019-03-13 00:16:08', '2019-03-13 00:16:08'),
(763, 15, '117.247.238.221', NULL, 3, '2019-03-13 00:16:19', '2019-03-13 00:16:19'),
(764, 3, '117.247.238.221', NULL, 1, '2019-03-13 00:17:47', '2019-03-13 00:17:47'),
(765, 9, '117.247.238.221', NULL, 3, '2019-03-13 00:20:59', '2019-03-13 00:20:59'),
(766, 8, '117.247.238.221', NULL, 3, '2019-03-13 00:21:09', '2019-03-13 00:21:09'),
(767, 4, '117.247.238.221', NULL, 3, '2019-03-13 00:22:59', '2019-03-13 00:22:59'),
(768, 26, '112.196.166.73', NULL, 3, '2019-03-13 00:25:45', '2019-03-13 00:25:45'),
(769, 12, '117.247.238.221', NULL, 3, '2019-03-13 00:29:18', '2019-03-13 00:29:18'),
(770, 23, '117.247.238.221', NULL, 3, '2019-03-13 00:30:11', '2019-03-13 00:30:11'),
(771, 22, '117.247.238.221', NULL, 3, '2019-03-13 00:30:53', '2019-03-13 00:30:53'),
(772, 28, '117.247.238.221', NULL, 3, '2019-03-13 00:33:45', '2019-03-13 00:33:45'),
(773, 3, '117.247.238.221', NULL, 3, '2019-03-13 00:36:16', '2019-03-13 00:36:16'),
(774, 21, '117.247.238.221', NULL, 3, '2019-03-13 00:36:21', '2019-03-13 00:36:21'),
(775, 31, '117.247.238.221', NULL, 3, '2019-03-13 00:39:51', '2019-03-13 00:39:51'),
(776, 11, '117.247.238.221', NULL, 3, '2019-03-13 00:47:21', '2019-03-13 00:47:21'),
(777, 16, '117.247.238.221', NULL, 3, '2019-03-13 00:53:48', '2019-03-13 00:53:48'),
(778, 24, '117.247.238.221', NULL, 3, '2019-03-13 01:01:49', '2019-03-13 01:01:49'),
(779, 10, '117.247.238.221', NULL, 3, '2019-03-13 01:02:54', '2019-03-13 01:02:54'),
(780, 13, '117.247.238.221', NULL, 3, '2019-03-13 01:04:45', '2019-03-13 01:04:45'),
(781, 29, '157.47.173.68', NULL, 1, '2019-03-13 01:07:18', '2019-03-13 01:07:18'),
(782, 29, '157.47.173.68', NULL, 3, '2019-03-13 01:07:50', '2019-03-13 01:07:50'),
(783, 30, '117.247.238.221', NULL, 3, '2019-03-13 01:08:04', '2019-03-13 01:08:04'),
(784, 14, '117.247.238.221', NULL, 3, '2019-03-13 01:14:28', '2019-03-13 01:14:28'),
(785, 32, '117.247.238.221', NULL, 3, '2019-03-13 01:17:38', '2019-03-13 01:17:38'),
(786, 25, '117.247.238.221', NULL, 3, '2019-03-13 01:20:52', '2019-03-13 01:20:52'),
(787, 1, '112.196.166.113', NULL, 1, '2019-03-13 01:33:15', '2019-03-13 01:33:15'),
(788, 13, '117.247.238.221', NULL, 1, '2019-03-13 14:28:24', '2019-03-13 14:28:24'),
(789, 13, '117.247.238.221', NULL, 2, '2019-03-13 14:28:32', '2019-03-13 14:28:32'),
(790, 26, '112.196.166.57', NULL, 1, '2019-03-13 14:28:49', '2019-03-13 14:28:49'),
(791, 11, '117.247.238.221', NULL, 1, '2019-03-13 14:28:58', '2019-03-13 14:28:58'),
(792, 26, '112.196.166.57', NULL, 2, '2019-03-13 14:28:58', '2019-03-13 14:28:58'),
(793, 11, '117.247.238.221', NULL, 2, '2019-03-13 14:29:21', '2019-03-13 14:29:21'),
(794, 7, '117.247.238.221', NULL, 1, '2019-03-13 14:30:04', '2019-03-13 14:30:04'),
(795, 7, '117.247.238.221', NULL, 2, '2019-03-13 14:30:13', '2019-03-13 14:30:13'),
(796, 4, '117.247.238.221', NULL, 1, '2019-03-13 14:31:01', '2019-03-13 14:31:01'),
(797, 4, '117.247.238.221', NULL, 2, '2019-03-13 14:31:04', '2019-03-13 14:31:04'),
(798, 9, '112.196.166.57', NULL, 1, '2019-03-13 14:34:16', '2019-03-13 14:34:16'),
(799, 9, '112.196.166.92', NULL, 2, '2019-03-13 14:34:38', '2019-03-13 14:34:38'),
(800, 16, '117.247.238.221', NULL, 1, '2019-03-13 14:35:11', '2019-03-13 14:35:11'),
(801, 16, '117.247.238.221', NULL, 2, '2019-03-13 14:35:17', '2019-03-13 14:35:17'),
(802, 2, '117.247.238.221', NULL, 1, '2019-03-13 14:35:17', '2019-03-13 14:35:17'),
(803, 2, '117.247.238.221', NULL, 2, '2019-03-13 14:35:28', '2019-03-13 14:35:28'),
(804, 17, '117.247.238.221', NULL, 1, '2019-03-13 14:35:32', '2019-03-13 14:35:32'),
(805, 5, '117.247.238.221', NULL, 1, '2019-03-13 14:35:42', '2019-03-13 14:35:42'),
(806, 5, '117.247.238.221', NULL, 2, '2019-03-13 14:35:48', '2019-03-13 14:35:48'),
(807, 17, '117.247.238.221', NULL, 2, '2019-03-13 14:35:52', '2019-03-13 14:35:52'),
(808, 15, '117.247.238.221', NULL, 1, '2019-03-13 14:36:09', '2019-03-13 14:36:09'),
(809, 15, '117.247.238.221', NULL, 2, '2019-03-13 14:36:13', '2019-03-13 14:36:13'),
(810, 12, '117.247.238.221', NULL, 1, '2019-03-13 14:36:47', '2019-03-13 14:36:47'),
(811, 12, '117.247.238.221', NULL, 2, '2019-03-13 14:36:54', '2019-03-13 14:36:54'),
(812, 2, '157.47.172.247', NULL, 1, '2019-03-13 14:37:01', '2019-03-13 14:37:01'),
(813, 25, '117.247.238.221', NULL, 1, '2019-03-13 14:37:10', '2019-03-13 14:37:10'),
(814, 25, '117.247.238.221', NULL, 2, '2019-03-13 14:37:17', '2019-03-13 14:37:17'),
(815, 4, '117.247.238.221', NULL, 1, '2019-03-13 14:38:00', '2019-03-13 14:38:00'),
(816, 31, '117.247.238.221', NULL, 1, '2019-03-13 14:40:55', '2019-03-13 14:40:55'),
(817, 31, '117.247.238.221', NULL, 2, '2019-03-13 14:40:59', '2019-03-13 14:40:59'),
(818, 8, '117.247.238.221', NULL, 1, '2019-03-13 14:41:09', '2019-03-13 14:41:09'),
(819, 8, '117.247.238.221', NULL, 2, '2019-03-13 14:41:11', '2019-03-13 14:41:11'),
(820, 3, '117.247.238.221', NULL, 1, '2019-03-13 14:46:05', '2019-03-13 14:46:05'),
(821, 3, '117.247.238.221', NULL, 2, '2019-03-13 14:46:23', '2019-03-13 14:46:23'),
(822, 21, '117.247.238.221', NULL, 1, '2019-03-13 14:54:17', '2019-03-13 14:54:17'),
(823, 21, '117.247.238.221', NULL, 2, '2019-03-13 14:54:21', '2019-03-13 14:54:21'),
(824, 28, '117.247.238.221', NULL, 1, '2019-03-13 14:55:23', '2019-03-13 14:55:23'),
(825, 28, '117.247.238.221', NULL, 2, '2019-03-13 14:55:31', '2019-03-13 14:55:31'),
(826, 20, '117.247.238.221', NULL, 1, '2019-03-13 14:59:54', '2019-03-13 14:59:54'),
(827, 20, '117.247.238.221', NULL, 2, '2019-03-13 15:00:05', '2019-03-13 15:00:05'),
(828, 27, '117.247.238.221', NULL, 1, '2019-03-13 15:01:51', '2019-03-13 15:01:51'),
(829, 27, '117.247.238.221', NULL, 2, '2019-03-13 15:02:01', '2019-03-13 15:02:01'),
(830, 22, '117.247.238.221', NULL, 1, '2019-03-13 15:08:30', '2019-03-13 15:08:30'),
(831, 22, '117.247.238.221', NULL, 2, '2019-03-13 15:08:35', '2019-03-13 15:08:35'),
(832, 23, '117.247.238.221', NULL, 1, '2019-03-13 15:10:01', '2019-03-13 15:10:01'),
(833, 23, '117.247.238.221', NULL, 2, '2019-03-13 15:10:09', '2019-03-13 15:10:09'),
(834, 24, '117.247.238.221', NULL, 1, '2019-03-13 15:18:36', '2019-03-13 15:18:36'),
(835, 24, '117.247.238.221', NULL, 2, '2019-03-13 15:18:41', '2019-03-13 15:18:41'),
(836, 29, '117.247.238.221', NULL, 1, '2019-03-13 15:19:35', '2019-03-13 15:19:35'),
(837, 29, '117.247.238.221', NULL, 2, '2019-03-13 15:19:44', '2019-03-13 15:19:44'),
(838, 14, '117.247.238.221', NULL, 1, '2019-03-13 15:22:51', '2019-03-13 15:22:51'),
(839, 14, '117.247.238.221', NULL, 2, '2019-03-13 15:22:55', '2019-03-13 15:22:55'),
(840, 30, '117.247.238.221', NULL, 1, '2019-03-13 15:25:07', '2019-03-13 15:25:07'),
(841, 30, '117.247.238.221', NULL, 2, '2019-03-13 15:25:25', '2019-03-13 15:25:25'),
(842, 3, '117.247.238.221', NULL, 1, '2019-03-13 15:26:06', '2019-03-13 15:26:06'),
(843, 10, '117.247.238.221', NULL, 1, '2019-03-13 15:31:25', '2019-03-13 15:31:25'),
(844, 10, '117.247.238.221', NULL, 2, '2019-03-13 15:31:31', '2019-03-13 15:31:31'),
(845, 9, '112.196.166.57', NULL, 1, '2019-03-13 15:34:17', '2019-03-13 15:34:17'),
(846, 32, '117.247.238.221', NULL, 1, '2019-03-13 20:07:40', '2019-03-13 20:07:40'),
(847, 32, '117.247.238.221', NULL, 2, '2019-03-13 20:07:47', '2019-03-13 20:07:47'),
(848, 7, '117.247.238.221', NULL, 1, '2019-03-13 20:49:58', '2019-03-13 20:49:58'),
(849, 1, '112.196.166.75', NULL, 1, '2019-03-13 20:50:01', '2019-03-13 20:50:01'),
(850, 21, '117.247.238.221', NULL, 3, '2019-03-13 20:56:57', '2019-03-13 20:56:57'),
(851, 1, '117.247.238.221', NULL, 1, '2019-03-13 22:01:51', '2019-03-13 22:01:51'),
(852, 1, '45.118.8.59', NULL, 1, '2019-03-13 23:23:52', '2019-03-13 23:23:52'),
(853, 27, '117.247.238.221', NULL, 3, '2019-03-14 00:04:36', '2019-03-14 00:04:36'),
(854, 7, '112.196.166.57', NULL, 3, '2019-03-14 00:07:35', '2019-03-14 00:07:35'),
(855, 4, '112.196.166.57', NULL, 3, '2019-03-14 00:07:42', '2019-03-14 00:07:42'),
(856, 8, '112.196.166.57', NULL, 1, '2019-03-14 00:08:51', '2019-03-14 00:08:51'),
(857, 25, '117.247.238.221', NULL, 3, '2019-03-14 00:09:33', '2019-03-14 00:09:33'),
(858, 8, '112.196.166.57', NULL, 3, '2019-03-14 00:10:05', '2019-03-14 00:10:05'),
(859, 13, '117.247.238.221', NULL, 3, '2019-03-14 00:12:49', '2019-03-14 00:12:49'),
(860, 5, '117.247.238.221', NULL, 3, '2019-03-14 00:15:07', '2019-03-14 00:15:07'),
(861, 23, '112.196.166.57', NULL, 3, '2019-03-14 00:16:54', '2019-03-14 00:16:54'),
(862, 12, '112.196.166.57', NULL, 3, '2019-03-14 00:19:19', '2019-03-14 00:19:19'),
(863, 17, '117.247.238.221', NULL, 3, '2019-03-14 00:20:09', '2019-03-14 00:20:09'),
(864, 15, '112.196.166.57', NULL, 3, '2019-03-14 00:21:27', '2019-03-14 00:21:27'),
(865, 31, '117.247.238.221', NULL, 1, '2019-03-14 00:22:45', '2019-03-14 00:22:45'),
(866, 9, '112.196.166.57', NULL, 3, '2019-03-14 00:23:10', '2019-03-14 00:23:10'),
(867, 31, '117.247.238.221', NULL, 3, '2019-03-14 00:23:27', '2019-03-14 00:23:27'),
(868, 16, '112.196.166.57', NULL, 3, '2019-03-14 00:26:44', '2019-03-14 00:26:44'),
(869, 32, '117.247.238.221', NULL, 3, '2019-03-14 00:28:47', '2019-03-14 00:28:47'),
(870, 28, '112.196.166.57', NULL, 3, '2019-03-14 00:30:26', '2019-03-14 00:30:26'),
(871, 22, '112.196.166.57', NULL, 3, '2019-03-14 00:36:07', '2019-03-14 00:36:07'),
(872, 2, '117.247.238.221', NULL, 3, '2019-03-14 00:36:41', '2019-03-14 00:36:41'),
(873, 26, '112.196.166.57', NULL, 3, '2019-03-14 00:47:58', '2019-03-14 00:47:58'),
(874, 29, '112.196.166.57', NULL, 3, '2019-03-14 01:07:10', '2019-03-14 01:07:10'),
(875, 24, '112.196.166.57', NULL, 3, '2019-03-14 01:07:16', '2019-03-14 01:07:16'),
(876, 11, '112.196.166.57', NULL, 3, '2019-03-14 01:07:53', '2019-03-14 01:07:53'),
(877, 3, '112.196.166.57', NULL, 1, '2019-03-14 01:10:16', '2019-03-14 01:10:16'),
(878, 30, '112.196.166.57', NULL, 3, '2019-03-14 01:10:23', '2019-03-14 01:10:23'),
(879, 14, '117.247.238.221', NULL, 3, '2019-03-14 01:10:26', '2019-03-14 01:10:26'),
(880, 3, '112.196.166.57', NULL, 3, '2019-03-14 01:10:47', '2019-03-14 01:10:47'),
(881, 10, '112.196.166.57', NULL, 3, '2019-03-14 01:11:04', '2019-03-14 01:11:04'),
(882, 12, '157.37.172.0', NULL, 1, '2019-03-14 01:34:21', '2019-03-14 01:34:21'),
(883, 13, '117.247.238.221', NULL, 1, '2019-03-14 14:19:14', '2019-03-14 14:19:14'),
(884, 13, '117.247.238.221', NULL, 2, '2019-03-14 14:19:19', '2019-03-14 14:19:19'),
(885, 31, '117.247.238.221', NULL, 1, '2019-03-14 14:20:20', '2019-03-14 14:20:20'),
(886, 5, '117.247.238.221', NULL, 1, '2019-03-14 14:20:48', '2019-03-14 14:20:48'),
(887, 5, '117.247.238.221', NULL, 2, '2019-03-14 14:21:08', '2019-03-14 14:21:08'),
(888, 26, '112.196.166.19', NULL, 1, '2019-03-14 14:30:21', '2019-03-14 14:30:21'),
(889, 26, '112.196.166.19', NULL, 2, '2019-03-14 14:30:26', '2019-03-14 14:30:26'),
(890, 16, '112.196.166.94', NULL, 1, '2019-03-14 14:30:41', '2019-03-14 14:30:41'),
(891, 16, '112.196.166.19', NULL, 2, '2019-03-14 14:30:50', '2019-03-14 14:30:50'),
(892, 11, '112.196.166.19', NULL, 1, '2019-03-14 14:31:50', '2019-03-14 14:31:50'),
(893, 4, '112.196.166.19', NULL, 1, '2019-03-14 14:31:56', '2019-03-14 14:31:56'),
(894, 11, '112.196.166.19', NULL, 2, '2019-03-14 14:31:57', '2019-03-14 14:31:57'),
(895, 4, '112.196.166.19', NULL, 2, '2019-03-14 14:32:01', '2019-03-14 14:32:01'),
(896, 31, '117.247.238.221', NULL, 2, '2019-03-14 14:33:10', '2019-03-14 14:33:10'),
(897, 9, '112.196.166.19', NULL, 1, '2019-03-14 14:35:30', '2019-03-14 14:35:30'),
(898, 9, '112.196.166.19', NULL, 2, '2019-03-14 14:35:45', '2019-03-14 14:35:45'),
(899, 8, '112.196.166.19', NULL, 1, '2019-03-14 14:38:49', '2019-03-14 14:38:49'),
(900, 8, '112.196.166.19', NULL, 2, '2019-03-14 14:38:52', '2019-03-14 14:38:52'),
(901, 2, '112.196.166.19', NULL, 1, '2019-03-14 14:39:41', '2019-03-14 14:39:41'),
(902, 12, '112.196.166.19', NULL, 1, '2019-03-14 14:40:06', '2019-03-14 14:40:06'),
(903, 12, '112.196.166.19', NULL, 2, '2019-03-14 14:40:10', '2019-03-14 14:40:10'),
(904, 2, '64.233.173.52', NULL, 2, '2019-03-14 14:40:19', '2019-03-14 14:40:19'),
(905, 25, '117.247.238.221', NULL, 1, '2019-03-14 14:47:06', '2019-03-14 14:47:06'),
(906, 25, '117.247.238.221', NULL, 2, '2019-03-14 14:47:10', '2019-03-14 14:47:10'),
(907, 27, '117.247.238.221', NULL, 1, '2019-03-14 14:47:17', '2019-03-14 14:47:17'),
(908, 27, '117.247.238.221', NULL, 2, '2019-03-14 14:47:21', '2019-03-14 14:47:21'),
(909, 9, '112.196.166.19', NULL, 1, '2019-03-14 14:51:47', '2019-03-14 14:51:47'),
(910, 21, '112.196.166.19', NULL, 1, '2019-03-14 14:52:24', '2019-03-14 14:52:24'),
(911, 21, '112.196.166.19', NULL, 2, '2019-03-14 14:52:28', '2019-03-14 14:52:28'),
(912, 20, '112.196.166.19', NULL, 1, '2019-03-14 14:52:53', '2019-03-14 14:52:53'),
(913, 20, '112.196.166.19', NULL, 2, '2019-03-14 14:53:06', '2019-03-14 14:53:06'),
(914, 22, '112.196.166.19', NULL, 1, '2019-03-14 14:59:14', '2019-03-14 14:59:14'),
(915, 22, '112.196.166.19', NULL, 2, '2019-03-14 14:59:19', '2019-03-14 14:59:19'),
(916, 23, '112.196.166.19', NULL, 1, '2019-03-14 14:59:37', '2019-03-14 14:59:37'),
(917, 23, '112.196.166.19', NULL, 2, '2019-03-14 14:59:40', '2019-03-14 14:59:40'),
(918, 17, '117.247.238.221', NULL, 1, '2019-03-14 15:01:54', '2019-03-14 15:01:54'),
(919, 17, '117.247.238.221', NULL, 2, '2019-03-14 15:02:54', '2019-03-14 15:02:54'),
(920, 28, '112.196.166.19', NULL, 1, '2019-03-14 15:05:45', '2019-03-14 15:05:45'),
(921, 28, '112.196.166.19', NULL, 2, '2019-03-14 15:05:48', '2019-03-14 15:05:48'),
(922, 30, '112.196.166.19', NULL, 1, '2019-03-14 15:06:17', '2019-03-14 15:06:17'),
(923, 30, '112.196.166.19', NULL, 2, '2019-03-14 15:06:24', '2019-03-14 15:06:24'),
(924, 3, '112.196.166.19', NULL, 1, '2019-03-14 15:08:59', '2019-03-14 15:08:59'),
(925, 3, '112.196.166.19', NULL, 2, '2019-03-14 15:09:06', '2019-03-14 15:09:06'),
(926, 14, '117.247.238.221', NULL, 1, '2019-03-14 15:16:36', '2019-03-14 15:16:36'),
(927, 14, '117.247.238.221', NULL, 2, '2019-03-14 15:16:42', '2019-03-14 15:16:42'),
(928, 29, '117.247.238.221', NULL, 1, '2019-03-14 15:18:55', '2019-03-14 15:18:55'),
(929, 29, '117.247.238.221', NULL, 2, '2019-03-14 15:19:01', '2019-03-14 15:19:01'),
(930, 24, '112.196.166.19', NULL, 1, '2019-03-14 15:19:44', '2019-03-14 15:19:44'),
(931, 24, '112.196.166.19', NULL, 2, '2019-03-14 15:19:47', '2019-03-14 15:19:47'),
(932, 10, '112.196.166.19', NULL, 1, '2019-03-14 15:29:03', '2019-03-14 15:29:03'),
(933, 10, '112.196.166.19', NULL, 2, '2019-03-14 15:29:07', '2019-03-14 15:29:07'),
(934, 1, '117.247.238.221', NULL, 1, '2019-03-14 16:22:45', '2019-03-14 16:22:45'),
(935, 2, '117.247.238.221', NULL, 1, '2019-03-14 16:49:43', '2019-03-14 16:49:43'),
(936, 7, '112.196.166.19', NULL, 1, '2019-03-14 19:19:05', '2019-03-14 19:19:05'),
(937, 7, '112.196.166.19', NULL, 2, '2019-03-14 19:19:09', '2019-03-14 19:19:09'),
(938, 32, '117.247.238.221', NULL, 1, '2019-03-14 20:05:40', '2019-03-14 20:05:40'),
(939, 32, '117.247.238.221', NULL, 2, '2019-03-14 20:05:47', '2019-03-14 20:05:47'),
(940, 25, '117.247.238.221', NULL, 3, '2019-03-14 20:10:21', '2019-03-14 20:10:21'),
(941, 8, '112.196.166.79', NULL, 1, '2019-03-14 21:59:31', '2019-03-14 21:59:31'),
(942, 1, '112.196.166.19', NULL, 1, '2019-03-14 22:15:33', '2019-03-14 22:15:33'),
(943, 8, '112.196.166.19', NULL, 1, '2019-03-14 22:17:13', '2019-03-14 22:17:13'),
(944, 1, '112.196.166.19', NULL, 1, '2019-03-14 22:29:36', '2019-03-14 22:29:36'),
(945, 1, '112.196.166.19', NULL, 1, '2019-03-14 22:45:07', '2019-03-14 22:45:07'),
(946, 8, '112.196.166.19', NULL, 1, '2019-03-14 23:38:35', '2019-03-14 23:38:35'),
(947, 1, '112.196.166.19', NULL, 1, '2019-03-14 23:41:45', '2019-03-14 23:41:45'),
(948, 8, '112.196.166.19', NULL, 1, '2019-03-14 23:42:10', '2019-03-14 23:42:10'),
(949, 1, '112.196.166.19', NULL, 1, '2019-03-14 23:43:11', '2019-03-14 23:43:11'),
(950, 8, '112.196.166.19', NULL, 1, '2019-03-14 23:44:22', '2019-03-14 23:44:22'),
(951, 1, '112.196.166.19', NULL, 1, '2019-03-14 23:44:38', '2019-03-14 23:44:38'),
(952, 2, '117.247.238.221', NULL, 3, '2019-03-14 23:51:35', '2019-03-14 23:51:35'),
(953, 4, '112.196.166.19', NULL, 3, '2019-03-15 00:00:28', '2019-03-15 00:00:28'),
(954, 7, '112.196.166.19', NULL, 3, '2019-03-15 00:00:31', '2019-03-15 00:00:31'),
(955, 13, '117.247.238.221', NULL, 1, '2019-03-15 00:02:31', '2019-03-15 00:02:31'),
(956, 13, '117.247.238.221', NULL, 3, '2019-03-15 00:06:59', '2019-03-15 00:06:59'),
(957, 5, '117.247.238.221', NULL, 3, '2019-03-15 00:08:34', '2019-03-15 00:08:34'),
(958, 31, '117.247.238.221', NULL, 3, '2019-03-15 00:10:01', '2019-03-15 00:10:01'),
(959, 8, '112.196.166.19', NULL, 1, '2019-03-15 00:26:15', '2019-03-15 00:26:15'),
(960, 8, '112.196.166.19', NULL, 3, '2019-03-15 00:27:37', '2019-03-15 00:27:37'),
(961, 22, '112.196.166.19', NULL, 3, '2019-03-15 00:30:29', '2019-03-15 00:30:29'),
(962, 21, '112.196.166.19', NULL, 3, '2019-03-15 00:32:47', '2019-03-15 00:32:47'),
(963, 9, '117.247.238.221', NULL, 3, '2019-03-15 00:36:29', '2019-03-15 00:36:29'),
(964, 26, '112.196.166.19', NULL, 3, '2019-03-15 00:38:32', '2019-03-15 00:38:32'),
(965, 11, '112.196.166.19', NULL, 3, '2019-03-15 00:41:36', '2019-03-15 00:41:36'),
(966, 12, '112.196.166.19', NULL, 3, '2019-03-15 00:48:48', '2019-03-15 00:48:48'),
(967, 16, '112.196.166.19', NULL, 3, '2019-03-15 01:02:18', '2019-03-15 01:02:18'),
(968, 24, '112.196.166.19', NULL, 3, '2019-03-15 01:03:53', '2019-03-15 01:03:53'),
(969, 23, '112.196.166.19', NULL, 3, '2019-03-15 01:05:36', '2019-03-15 01:05:36'),
(970, 30, '112.196.166.19', NULL, 3, '2019-03-15 01:06:12', '2019-03-15 01:06:12'),
(971, 29, '112.196.166.19', NULL, 3, '2019-03-15 01:06:21', '2019-03-15 01:06:21'),
(972, 10, '112.196.166.19', NULL, 3, '2019-03-15 01:07:15', '2019-03-15 01:07:15'),
(973, 28, '112.196.166.19', NULL, 3, '2019-03-15 01:07:17', '2019-03-15 01:07:17'),
(974, 29, '157.47.223.150', NULL, 1, '2019-03-15 05:57:52', '2019-03-15 05:57:52'),
(975, 5, '157.47.209.112', NULL, 1, '2019-03-15 13:54:42', '2019-03-15 13:54:42'),
(976, 5, '157.47.209.112', NULL, 2, '2019-03-15 13:54:46', '2019-03-15 13:54:46'),
(977, 13, '117.247.238.221', NULL, 1, '2019-03-15 14:00:54', '2019-03-15 14:00:54'),
(978, 13, '117.247.238.221', NULL, 2, '2019-03-15 14:00:59', '2019-03-15 14:00:59'),
(979, 15, '112.196.166.39', NULL, 1, '2019-03-15 14:21:52', '2019-03-15 14:21:52'),
(980, 15, '112.196.166.39', NULL, 2, '2019-03-15 14:21:56', '2019-03-15 14:21:56'),
(981, 26, '112.196.166.39', NULL, 1, '2019-03-15 14:29:07', '2019-03-15 14:29:07'),
(982, 26, '112.196.166.39', NULL, 2, '2019-03-15 14:29:18', '2019-03-15 14:29:18'),
(983, 7, '112.196.166.39', NULL, 1, '2019-03-15 14:29:27', '2019-03-15 14:29:27'),
(984, 7, '112.196.166.39', NULL, 2, '2019-03-15 14:29:34', '2019-03-15 14:29:34'),
(985, 4, '112.196.166.39', NULL, 1, '2019-03-15 14:29:37', '2019-03-15 14:29:37'),
(986, 4, '112.196.166.39', NULL, 2, '2019-03-15 14:29:43', '2019-03-15 14:29:43'),
(987, 11, '112.196.166.39', NULL, 1, '2019-03-15 14:34:04', '2019-03-15 14:34:04'),
(988, 12, '112.196.166.39', NULL, 1, '2019-03-15 14:34:06', '2019-03-15 14:34:06'),
(989, 11, '112.196.166.39', NULL, 2, '2019-03-15 14:34:08', '2019-03-15 14:34:08'),
(990, 12, '112.196.166.39', NULL, 2, '2019-03-15 14:34:13', '2019-03-15 14:34:13'),
(991, 17, '117.247.238.221', NULL, 1, '2019-03-15 14:34:13', '2019-03-15 14:34:13'),
(992, 17, '117.247.238.221', NULL, 2, '2019-03-15 14:34:27', '2019-03-15 14:34:27'),
(993, 25, '117.247.238.221', NULL, 1, '2019-03-15 14:35:42', '2019-03-15 14:35:42'),
(994, 25, '117.247.238.221', NULL, 2, '2019-03-15 14:35:50', '2019-03-15 14:35:50'),
(995, 16, '112.196.166.39', NULL, 1, '2019-03-15 14:38:27', '2019-03-15 14:38:27'),
(996, 16, '112.196.166.39', NULL, 2, '2019-03-15 14:38:31', '2019-03-15 14:38:31'),
(997, 9, '112.196.166.13', NULL, 1, '2019-03-15 14:38:44', '2019-03-15 14:38:44'),
(998, 9, '112.196.166.39', NULL, 2, '2019-03-15 14:39:11', '2019-03-15 14:39:11'),
(999, 8, '112.196.166.39', NULL, 1, '2019-03-15 14:40:38', '2019-03-15 14:40:38'),
(1000, 8, '112.196.166.39', NULL, 2, '2019-03-15 14:40:47', '2019-03-15 14:40:47'),
(1001, 31, '117.247.238.221', NULL, 1, '2019-03-15 14:43:53', '2019-03-15 14:43:53'),
(1002, 31, '117.247.238.221', NULL, 2, '2019-03-15 14:43:56', '2019-03-15 14:43:56'),
(1003, 9, '112.196.166.39', NULL, 1, '2019-03-15 14:47:15', '2019-03-15 14:47:15'),
(1004, 3, '112.196.166.39', NULL, 1, '2019-03-15 14:53:01', '2019-03-15 14:53:01'),
(1005, 3, '112.196.166.39', NULL, 2, '2019-03-15 14:53:21', '2019-03-15 14:53:21'),
(1006, 27, '117.247.238.221', NULL, 1, '2019-03-15 14:55:14', '2019-03-15 14:55:14'),
(1007, 27, '117.247.238.221', NULL, 2, '2019-03-15 14:55:17', '2019-03-15 14:55:17'),
(1008, 24, '112.196.166.39', NULL, 1, '2019-03-15 14:57:15', '2019-03-15 14:57:15'),
(1009, 24, '112.196.166.39', NULL, 2, '2019-03-15 14:57:18', '2019-03-15 14:57:18'),
(1010, 22, '112.196.166.39', NULL, 1, '2019-03-15 14:57:32', '2019-03-15 14:57:32'),
(1011, 22, '112.196.166.39', NULL, 2, '2019-03-15 14:57:36', '2019-03-15 14:57:36'),
(1012, 23, '112.196.166.39', NULL, 1, '2019-03-15 15:00:15', '2019-03-15 15:00:15'),
(1013, 23, '112.196.166.39', NULL, 2, '2019-03-15 15:00:27', '2019-03-15 15:00:27'),
(1014, 28, '112.196.166.39', NULL, 1, '2019-03-15 15:10:40', '2019-03-15 15:10:40'),
(1015, 28, '112.196.166.39', NULL, 2, '2019-03-15 15:10:44', '2019-03-15 15:10:44'),
(1016, 29, '117.247.238.221', NULL, 1, '2019-03-15 15:22:45', '2019-03-15 15:22:45'),
(1017, 29, '117.247.238.221', NULL, 2, '2019-03-15 15:22:50', '2019-03-15 15:22:50'),
(1018, 10, '112.196.166.39', NULL, 1, '2019-03-15 15:23:36', '2019-03-15 15:23:36'),
(1019, 10, '112.196.166.39', NULL, 2, '2019-03-15 15:23:41', '2019-03-15 15:23:41'),
(1020, 30, '112.196.166.39', NULL, 1, '2019-03-15 15:26:27', '2019-03-15 15:26:27'),
(1021, 30, '112.196.166.39', NULL, 2, '2019-03-15 15:26:36', '2019-03-15 15:26:36'),
(1022, 14, '117.247.238.221', NULL, 1, '2019-03-15 15:31:09', '2019-03-15 15:31:09'),
(1023, 14, '117.247.238.221', NULL, 2, '2019-03-15 15:31:12', '2019-03-15 15:31:12'),
(1024, 32, '117.247.238.221', NULL, 1, '2019-03-15 20:02:14', '2019-03-15 20:02:14'),
(1025, 32, '117.247.238.221', NULL, 2, '2019-03-15 20:02:25', '2019-03-15 20:02:25'),
(1026, 13, '117.247.238.221', NULL, 3, '2019-03-15 20:29:23', '2019-03-15 20:29:23'),
(1027, 12, '112.196.166.39', NULL, 3, '2019-03-15 21:04:22', '2019-03-15 21:04:22'),
(1028, 8, '112.196.166.39', NULL, 1, '2019-03-15 23:47:32', '2019-03-15 23:47:32'),
(1029, 8, '112.196.166.39', NULL, 1, '2019-03-15 23:48:38', '2019-03-15 23:48:38'),
(1030, 24, '112.196.166.39', NULL, 3, '2019-03-16 00:00:18', '2019-03-16 00:00:18'),
(1031, 7, '112.196.166.39', NULL, 3, '2019-03-16 00:01:14', '2019-03-16 00:01:14'),
(1032, 4, '112.196.166.39', NULL, 3, '2019-03-16 00:02:46', '2019-03-16 00:02:46'),
(1033, 15, '112.196.166.39', NULL, 3, '2019-03-16 00:05:53', '2019-03-16 00:05:53'),
(1034, 11, '112.196.166.39', NULL, 3, '2019-03-16 00:09:23', '2019-03-16 00:09:23'),
(1035, 31, '117.247.238.221', NULL, 1, '2019-03-16 00:13:15', '2019-03-16 00:13:15'),
(1036, 31, '117.247.238.221', NULL, 3, '2019-03-16 00:17:26', '2019-03-16 00:17:26'),
(1037, 22, '112.196.166.39', NULL, 3, '2019-03-16 00:20:44', '2019-03-16 00:20:44'),
(1038, 16, '112.196.166.39', NULL, 3, '2019-03-16 00:23:27', '2019-03-16 00:23:27'),
(1039, 8, '112.196.166.39', NULL, 3, '2019-03-16 00:26:31', '2019-03-16 00:26:31'),
(1040, 26, '112.196.166.39', NULL, 3, '2019-03-16 00:36:41', '2019-03-16 00:36:41'),
(1041, 28, '112.196.166.39', NULL, 3, '2019-03-16 00:46:35', '2019-03-16 00:46:35'),
(1042, 9, '117.247.238.221', NULL, 3, '2019-03-16 00:50:26', '2019-03-16 00:50:26'),
(1043, 30, '112.196.166.39', NULL, 3, '2019-03-16 01:04:33', '2019-03-16 01:04:33'),
(1044, 29, '117.247.238.221', NULL, 3, '2019-03-16 01:04:54', '2019-03-16 01:04:54'),
(1045, 25, '117.247.238.221', NULL, 3, '2019-03-16 01:10:00', '2019-03-16 01:10:00'),
(1046, 23, '112.196.166.39', NULL, 3, '2019-03-16 01:12:08', '2019-03-16 01:12:08'),
(1047, 32, '117.247.238.221', NULL, 3, '2019-03-16 01:38:04', '2019-03-16 01:38:04'),
(1048, 27, '117.247.238.221', NULL, 3, '2019-03-16 01:43:58', '2019-03-16 01:43:58'),
(1049, 11, '1.39.233.116', NULL, 1, '2019-03-16 04:07:07', '2019-03-16 04:07:07'),
(1050, 17, '117.247.238.221', NULL, 1, '2019-03-16 14:23:29', '2019-03-16 14:23:29'),
(1051, 17, '117.247.238.221', NULL, 2, '2019-03-16 14:23:41', '2019-03-16 14:23:41'),
(1052, 5, '157.47.201.193', NULL, 1, '2019-03-16 14:23:53', '2019-03-16 14:23:53'),
(1053, 5, '157.47.201.193', NULL, 2, '2019-03-16 14:23:56', '2019-03-16 14:23:56'),
(1054, 31, '117.247.238.221', NULL, 1, '2019-03-16 14:37:23', '2019-03-16 14:37:23'),
(1055, 31, '117.247.238.221', NULL, 2, '2019-03-16 14:37:33', '2019-03-16 14:37:33'),
(1056, 14, '117.247.238.221', NULL, 1, '2019-03-16 15:24:42', '2019-03-16 15:24:42'),
(1057, 14, '117.247.238.221', NULL, 2, '2019-03-16 15:24:46', '2019-03-16 15:24:46'),
(1058, 30, '112.196.166.71', NULL, 1, '2019-03-16 15:32:43', '2019-03-16 15:32:43'),
(1059, 30, '112.196.166.71', NULL, 2, '2019-03-16 15:32:50', '2019-03-16 15:32:50'),
(1060, 9, '112.196.166.71', NULL, 1, '2019-03-16 15:33:10', '2019-03-16 15:33:10'),
(1061, 9, '112.196.166.71', NULL, 2, '2019-03-16 15:34:49', '2019-03-16 15:34:49'),
(1062, 25, '117.247.238.221', NULL, 1, '2019-03-16 15:55:46', '2019-03-16 15:55:46'),
(1063, 25, '117.247.238.221', NULL, 2, '2019-03-16 15:55:56', '2019-03-16 15:55:56'),
(1064, 10, '112.196.166.71', NULL, 1, '2019-03-16 16:10:50', '2019-03-16 16:10:50'),
(1065, 10, '112.196.166.71', NULL, 2, '2019-03-16 16:10:54', '2019-03-16 16:10:54'),
(1066, 29, '117.247.238.221', NULL, 1, '2019-03-16 16:18:36', '2019-03-16 16:18:36'),
(1067, 29, '117.247.238.221', NULL, 2, '2019-03-16 16:19:02', '2019-03-16 16:19:02'),
(1068, 11, '112.196.166.71', NULL, 1, '2019-03-16 16:52:54', '2019-03-16 16:52:54'),
(1069, 11, '112.196.166.71', NULL, 2, '2019-03-16 16:53:12', '2019-03-16 16:53:12'),
(1070, 32, '112.196.166.14', NULL, 1, '2019-03-16 20:10:38', '2019-03-16 20:10:38'),
(1071, 32, '112.196.166.14', NULL, 2, '2019-03-16 20:10:42', '2019-03-16 20:10:42'),
(1072, 29, '117.247.238.221', NULL, 3, '2019-03-16 20:31:29', '2019-03-16 20:31:29'),
(1073, 30, '112.196.166.71', NULL, 3, '2019-03-16 20:34:35', '2019-03-16 20:34:35'),
(1074, 11, '112.196.166.71', NULL, 3, '2019-03-16 21:30:41', '2019-03-16 21:30:41'),
(1075, 9, '112.196.166.71', NULL, 1, '2019-03-16 23:59:24', '2019-03-16 23:59:24'),
(1076, 10, '112.196.166.71', NULL, 3, '2019-03-17 00:02:01', '2019-03-17 00:02:01'),
(1077, 31, '112.196.166.19', NULL, 3, '2019-03-17 00:06:07', '2019-03-17 00:06:07'),
(1078, 9, '112.196.166.71', NULL, 3, '2019-03-17 00:35:03', '2019-03-17 00:35:03'),
(1079, 25, '112.196.166.19', NULL, 3, '2019-03-17 00:58:26', '2019-03-17 00:58:26'),
(1080, 25, '112.196.166.19', NULL, 1, '2019-03-17 17:37:18', '2019-03-17 17:37:18'),
(1081, 14, '112.196.166.19', NULL, 1, '2019-03-17 17:42:23', '2019-03-17 17:42:23'),
(1082, 14, '112.196.166.19', NULL, 2, '2019-03-17 17:42:27', '2019-03-17 17:42:27'),
(1083, 25, '112.196.166.19', NULL, 2, '2019-03-17 17:45:02', '2019-03-17 17:45:02'),
(1084, 25, '112.196.166.19', NULL, 3, '2019-03-17 23:09:51', '2019-03-17 23:09:51'),
(1085, 14, '112.196.166.19', NULL, 3, '2019-03-17 23:22:57', '2019-03-17 23:22:57'),
(1086, 17, '112.196.166.113', NULL, 1, '2019-03-18 14:09:36', '2019-03-18 14:09:36'),
(1087, 17, '112.196.166.113', NULL, 2, '2019-03-18 14:09:50', '2019-03-18 14:09:50'),
(1088, 5, '112.196.166.113', NULL, 1, '2019-03-18 14:13:12', '2019-03-18 14:13:12'),
(1089, 5, '112.196.166.113', NULL, 2, '2019-03-18 14:13:17', '2019-03-18 14:13:17'),
(1090, 13, '112.196.166.113', NULL, 1, '2019-03-18 14:17:40', '2019-03-18 14:17:40'),
(1091, 15, '112.196.166.30', NULL, 1, '2019-03-18 14:21:53', '2019-03-18 14:21:53'),
(1092, 15, '112.196.166.30', NULL, 2, '2019-03-18 14:21:57', '2019-03-18 14:21:57'),
(1093, 26, '112.196.166.30', NULL, 1, '2019-03-18 14:27:55', '2019-03-18 14:27:55'),
(1094, 11, '112.196.166.30', NULL, 1, '2019-03-18 14:28:03', '2019-03-18 14:28:03'),
(1095, 26, '112.196.166.30', NULL, 2, '2019-03-18 14:28:04', '2019-03-18 14:28:04'),
(1096, 11, '112.196.166.30', NULL, 2, '2019-03-18 14:28:06', '2019-03-18 14:28:06'),
(1097, 8, '112.196.166.30', NULL, 1, '2019-03-18 14:33:05', '2019-03-18 14:33:05'),
(1098, 4, '112.196.166.30', NULL, 1, '2019-03-18 14:33:58', '2019-03-18 14:33:58'),
(1099, 8, '112.196.166.30', NULL, 2, '2019-03-18 14:34:07', '2019-03-18 14:34:07'),
(1100, 4, '112.196.166.30', NULL, 2, '2019-03-18 14:34:07', '2019-03-18 14:34:07'),
(1101, 7, '112.196.166.30', NULL, 1, '2019-03-18 14:34:11', '2019-03-18 14:34:11'),
(1102, 7, '112.196.166.30', NULL, 2, '2019-03-18 14:34:14', '2019-03-18 14:34:14'),
(1103, 13, '112.196.166.113', NULL, 2, '2019-03-18 14:34:51', '2019-03-18 14:34:51'),
(1104, 9, '112.196.166.30', NULL, 1, '2019-03-18 14:37:02', '2019-03-18 14:37:02'),
(1105, 9, '112.196.166.30', NULL, 2, '2019-03-18 14:37:21', '2019-03-18 14:37:21'),
(1106, 25, '112.196.166.113', NULL, 1, '2019-03-18 14:37:40', '2019-03-18 14:37:40'),
(1107, 25, '112.196.166.113', NULL, 2, '2019-03-18 14:37:43', '2019-03-18 14:37:43'),
(1108, 2, '112.196.166.30', NULL, 1, '2019-03-18 14:38:32', '2019-03-18 14:38:32'),
(1109, 2, '112.196.166.30', NULL, 2, '2019-03-18 14:38:36', '2019-03-18 14:38:36'),
(1110, 22, '112.196.166.30', NULL, 1, '2019-03-18 14:38:51', '2019-03-18 14:38:51'),
(1111, 14, '112.196.166.113', NULL, 1, '2019-03-18 14:38:54', '2019-03-18 14:38:54'),
(1112, 22, '112.196.166.30', NULL, 2, '2019-03-18 14:38:55', '2019-03-18 14:38:55'),
(1113, 14, '112.196.166.113', NULL, 2, '2019-03-18 14:38:57', '2019-03-18 14:38:57'),
(1114, 9, '112.196.166.45', NULL, 1, '2019-03-18 14:41:58', '2019-03-18 14:41:58'),
(1115, 27, '112.196.166.113', NULL, 1, '2019-03-18 14:42:17', '2019-03-18 14:42:17'),
(1116, 27, '112.196.166.113', NULL, 2, '2019-03-18 14:42:22', '2019-03-18 14:42:22'),
(1117, 31, '112.196.166.113', NULL, 1, '2019-03-18 14:42:53', '2019-03-18 14:42:53'),
(1118, 31, '112.196.166.113', NULL, 2, '2019-03-18 14:42:57', '2019-03-18 14:42:57'),
(1119, 3, '112.196.166.30', NULL, 1, '2019-03-18 14:43:25', '2019-03-18 14:43:25'),
(1120, 3, '112.196.166.30', NULL, 2, '2019-03-18 14:44:40', '2019-03-18 14:44:40'),
(1121, 30, '112.196.166.30', NULL, 1, '2019-03-18 14:52:58', '2019-03-18 14:52:58'),
(1122, 30, '112.196.166.30', NULL, 2, '2019-03-18 14:53:03', '2019-03-18 14:53:03'),
(1123, 21, '112.196.166.30', NULL, 1, '2019-03-18 14:57:41', '2019-03-18 14:57:41'),
(1124, 21, '112.196.166.30', NULL, 2, '2019-03-18 14:57:46', '2019-03-18 14:57:46'),
(1125, 28, '112.196.166.30', NULL, 1, '2019-03-18 15:04:53', '2019-03-18 15:04:53'),
(1126, 28, '112.196.166.30', NULL, 2, '2019-03-18 15:04:58', '2019-03-18 15:04:58'),
(1127, 29, '117.247.238.221', NULL, 1, '2019-03-18 15:07:39', '2019-03-18 15:07:39'),
(1128, 29, '117.247.238.221', NULL, 2, '2019-03-18 15:07:45', '2019-03-18 15:07:45'),
(1129, 24, '112.196.166.30', NULL, 1, '2019-03-18 15:07:58', '2019-03-18 15:07:58'),
(1130, 24, '112.196.166.30', NULL, 2, '2019-03-18 15:08:01', '2019-03-18 15:08:01'),
(1131, 2, '112.196.166.30', NULL, 1, '2019-03-18 15:16:41', '2019-03-18 15:16:41'),
(1132, 10, '112.196.166.30', NULL, 1, '2019-03-18 15:31:23', '2019-03-18 15:31:23'),
(1133, 10, '112.196.166.30', NULL, 2, '2019-03-18 15:31:28', '2019-03-18 15:31:28'),
(1134, 23, '112.196.166.30', NULL, 1, '2019-03-18 15:38:20', '2019-03-18 15:38:20'),
(1135, 23, '112.196.166.30', NULL, 2, '2019-03-18 15:38:26', '2019-03-18 15:38:26'),
(1136, 1, '112.196.166.30', NULL, 1, '2019-03-18 16:36:11', '2019-03-18 16:36:11'),
(1137, 25, '112.196.166.113', NULL, 1, '2019-03-18 17:32:07', '2019-03-18 17:32:07'),
(1138, 32, '112.196.166.113', NULL, 1, '2019-03-18 20:11:47', '2019-03-18 20:11:47'),
(1139, 32, '112.196.166.113', NULL, 2, '2019-03-18 20:11:53', '2019-03-18 20:11:53'),
(1140, 1, '112.196.166.30', NULL, 1, '2019-03-18 21:06:24', '2019-03-18 21:06:24'),
(1141, 1, '112.196.166.30', NULL, 1, '2019-03-18 21:09:04', '2019-03-18 21:09:04'),
(1142, 28, '115.248.122.206', NULL, 1, '2019-03-18 21:45:13', '2019-03-18 21:45:13'),
(1143, 27, '112.196.166.113', NULL, 3, '2019-03-18 23:02:24', '2019-03-18 23:02:24'),
(1144, 8, '112.196.166.30', NULL, 1, '2019-03-18 23:56:57', '2019-03-18 23:56:57'),
(1145, 8, '112.196.166.30', NULL, 3, '2019-03-19 00:04:23', '2019-03-19 00:04:23'),
(1146, 7, '112.196.166.30', NULL, 3, '2019-03-19 00:05:54', '2019-03-19 00:05:54'),
(1147, 4, '112.196.166.69', NULL, 3, '2019-03-19 00:06:39', '2019-03-19 00:06:39'),
(1148, 17, '112.196.166.113', NULL, 3, '2019-03-19 00:10:35', '2019-03-19 00:10:35'),
(1149, 31, '112.196.166.113', NULL, 1, '2019-03-19 00:11:35', '2019-03-19 00:11:35'),
(1150, 15, '112.196.166.30', NULL, 3, '2019-03-19 00:15:59', '2019-03-19 00:15:59'),
(1151, 14, '112.196.166.113', NULL, 3, '2019-03-19 00:20:03', '2019-03-19 00:20:03'),
(1152, 11, '112.196.166.30', NULL, 3, '2019-03-19 00:31:01', '2019-03-19 00:31:01'),
(1153, 22, '112.196.166.30', NULL, 3, '2019-03-19 00:34:00', '2019-03-19 00:34:00'),
(1154, 26, '112.196.166.30', NULL, 3, '2019-03-19 00:41:54', '2019-03-19 00:41:54'),
(1155, 2, '112.196.166.30', NULL, 3, '2019-03-19 00:42:15', '2019-03-19 00:42:15'),
(1156, 28, '112.196.166.30', NULL, 3, '2019-03-19 00:42:16', '2019-03-19 00:42:16'),
(1157, 23, '112.196.166.30', NULL, 3, '2019-03-19 00:51:00', '2019-03-19 00:51:00'),
(1158, 9, '112.196.166.30', NULL, 3, '2019-03-19 00:52:14', '2019-03-19 00:52:14'),
(1159, 24, '112.196.166.30', NULL, 3, '2019-03-19 01:03:11', '2019-03-19 01:03:11'),
(1160, 10, '112.196.166.30', NULL, 3, '2019-03-19 01:05:08', '2019-03-19 01:05:08'),
(1161, 29, '112.196.166.30', NULL, 3, '2019-03-19 01:05:26', '2019-03-19 01:05:26'),
(1162, 21, '112.196.166.30', NULL, 3, '2019-03-19 01:14:21', '2019-03-19 01:14:21'),
(1163, 13, '112.196.166.113', NULL, 3, '2019-03-19 01:16:04', '2019-03-19 01:16:04'),
(1164, 25, '112.196.166.113', NULL, 3, '2019-03-19 01:16:23', '2019-03-19 01:16:23'),
(1165, 30, '112.196.166.30', NULL, 3, '2019-03-19 01:32:24', '2019-03-19 01:32:24'),
(1166, 17, '112.196.166.105', NULL, 1, '2019-03-19 14:11:22', '2019-03-19 14:11:22'),
(1167, 17, '112.196.166.105', NULL, 2, '2019-03-19 14:11:37', '2019-03-19 14:11:37'),
(1168, 5, '112.196.166.105', NULL, 1, '2019-03-19 14:18:11', '2019-03-19 14:18:11'),
(1169, 5, '112.196.166.105', NULL, 2, '2019-03-19 14:18:14', '2019-03-19 14:18:14'),
(1170, 13, '112.196.166.105', NULL, 1, '2019-03-19 14:25:52', '2019-03-19 14:25:52'),
(1171, 13, '112.196.166.105', NULL, 2, '2019-03-19 14:25:57', '2019-03-19 14:25:57'),
(1172, 11, '112.196.166.73', NULL, 1, '2019-03-19 14:27:04', '2019-03-19 14:27:04'),
(1173, 11, '112.196.166.73', NULL, 2, '2019-03-19 14:27:07', '2019-03-19 14:27:07'),
(1174, 26, '112.196.166.73', NULL, 1, '2019-03-19 14:27:23', '2019-03-19 14:27:23'),
(1175, 26, '112.196.166.73', NULL, 2, '2019-03-19 14:27:41', '2019-03-19 14:27:41'),
(1176, 7, '112.196.166.73', NULL, 1, '2019-03-19 14:28:59', '2019-03-19 14:28:59'),
(1177, 7, '112.196.166.73', NULL, 2, '2019-03-19 14:29:05', '2019-03-19 14:29:05'),
(1178, 8, '112.196.166.73', NULL, 1, '2019-03-19 14:30:44', '2019-03-19 14:30:44'),
(1179, 8, '112.196.166.73', NULL, 2, '2019-03-19 14:30:47', '2019-03-19 14:30:47'),
(1180, 4, '112.196.166.73', NULL, 1, '2019-03-19 14:31:05', '2019-03-19 14:31:05'),
(1181, 4, '112.196.166.73', NULL, 2, '2019-03-19 14:31:08', '2019-03-19 14:31:08'),
(1182, 25, '112.196.166.105', NULL, 1, '2019-03-19 14:35:39', '2019-03-19 14:35:39'),
(1183, 25, '112.196.166.105', NULL, 2, '2019-03-19 14:35:44', '2019-03-19 14:35:44'),
(1184, 9, '112.196.166.73', NULL, 1, '2019-03-19 14:36:31', '2019-03-19 14:36:31'),
(1185, 9, '112.196.166.73', NULL, 2, '2019-03-19 14:36:49', '2019-03-19 14:36:49'),
(1186, 31, '112.196.166.105', NULL, 1, '2019-03-19 14:37:50', '2019-03-19 14:37:50'),
(1187, 31, '112.196.166.105', NULL, 2, '2019-03-19 14:37:55', '2019-03-19 14:37:55'),
(1188, 2, '112.196.166.73', NULL, 1, '2019-03-19 14:39:53', '2019-03-19 14:39:53'),
(1189, 2, '112.196.166.73', NULL, 2, '2019-03-19 14:39:59', '2019-03-19 14:39:59'),
(1190, 9, '112.196.166.73', NULL, 1, '2019-03-19 14:41:12', '2019-03-19 14:41:12'),
(1191, 14, '112.196.166.105', NULL, 1, '2019-03-19 14:41:31', '2019-03-19 14:41:31'),
(1192, 14, '112.196.166.105', NULL, 2, '2019-03-19 14:41:33', '2019-03-19 14:41:33'),
(1193, 16, '112.196.166.73', NULL, 1, '2019-03-19 14:41:34', '2019-03-19 14:41:34'),
(1194, 16, '112.196.166.73', NULL, 2, '2019-03-19 14:41:39', '2019-03-19 14:41:39'),
(1195, 3, '112.196.166.73', NULL, 1, '2019-03-19 14:45:45', '2019-03-19 14:45:45'),
(1196, 3, '112.196.166.73', NULL, 2, '2019-03-19 14:46:00', '2019-03-19 14:46:00'),
(1197, 27, '112.196.166.105', NULL, 1, '2019-03-19 14:46:52', '2019-03-19 14:46:52'),
(1198, 27, '112.196.166.105', NULL, 2, '2019-03-19 14:46:56', '2019-03-19 14:46:56'),
(1199, 23, '112.196.166.73', NULL, 1, '2019-03-19 15:02:44', '2019-03-19 15:02:44'),
(1200, 23, '112.196.166.73', NULL, 2, '2019-03-19 15:02:53', '2019-03-19 15:02:53'),
(1201, 21, '112.196.166.73', NULL, 1, '2019-03-19 15:02:56', '2019-03-19 15:02:56'),
(1202, 21, '112.196.166.73', NULL, 2, '2019-03-19 15:03:16', '2019-03-19 15:03:16'),
(1203, 28, '112.196.166.73', NULL, 1, '2019-03-19 15:03:26', '2019-03-19 15:03:26'),
(1204, 28, '112.196.166.73', NULL, 2, '2019-03-19 15:03:30', '2019-03-19 15:03:30'),
(1205, 20, '112.196.166.73', NULL, 1, '2019-03-19 15:05:17', '2019-03-19 15:05:17'),
(1206, 20, '112.196.166.73', NULL, 2, '2019-03-19 15:05:23', '2019-03-19 15:05:23'),
(1207, 22, '112.196.166.73', NULL, 1, '2019-03-19 15:16:11', '2019-03-19 15:16:11'),
(1208, 22, '112.196.166.73', NULL, 2, '2019-03-19 15:16:15', '2019-03-19 15:16:15'),
(1209, 29, '117.247.238.221', NULL, 1, '2019-03-19 15:18:59', '2019-03-19 15:18:59'),
(1210, 29, '117.247.238.221', NULL, 2, '2019-03-19 15:19:14', '2019-03-19 15:19:14'),
(1211, 24, '112.196.166.73', NULL, 1, '2019-03-19 15:19:48', '2019-03-19 15:19:48'),
(1212, 24, '112.196.166.73', NULL, 2, '2019-03-19 15:19:57', '2019-03-19 15:19:57'),
(1213, 10, '112.196.166.73', NULL, 1, '2019-03-19 15:31:32', '2019-03-19 15:31:32'),
(1214, 10, '112.196.166.73', NULL, 2, '2019-03-19 15:31:54', '2019-03-19 15:31:54');
INSERT INTO `logs` (`log_id`, `admin_id`, `ip_address`, `mac_address`, `work_type`, `created_at`, `updated_at`) VALUES
(1215, 30, '112.196.166.73', NULL, 1, '2019-03-19 15:38:48', '2019-03-19 15:38:48'),
(1216, 30, '112.196.166.73', NULL, 2, '2019-03-19 15:38:52', '2019-03-19 15:38:52'),
(1217, 1, '112.196.166.73', NULL, 1, '2019-03-19 16:13:15', '2019-03-19 16:13:15'),
(1218, 2, '112.196.166.73', NULL, 1, '2019-03-19 16:13:21', '2019-03-19 16:13:21'),
(1219, 32, '112.196.166.105', NULL, 1, '2019-03-19 20:32:21', '2019-03-19 20:32:21'),
(1220, 32, '112.196.166.105', NULL, 2, '2019-03-19 20:32:27', '2019-03-19 20:32:27'),
(1221, 8, '112.196.166.73', NULL, 1, '2019-03-19 23:52:51', '2019-03-19 23:52:51'),
(1222, 4, '112.196.166.73', NULL, 3, '2019-03-20 00:02:55', '2019-03-20 00:02:55'),
(1223, 7, '112.196.166.73', NULL, 3, '2019-03-20 00:06:03', '2019-03-20 00:06:03'),
(1224, 11, '112.196.166.73', NULL, 3, '2019-03-20 00:08:11', '2019-03-20 00:08:11'),
(1225, 8, '112.196.166.73', NULL, 3, '2019-03-20 00:15:31', '2019-03-20 00:15:31'),
(1226, 31, '112.196.166.105', NULL, 3, '2019-03-20 00:16:58', '2019-03-20 00:16:58'),
(1227, 14, '112.196.166.105', NULL, 3, '2019-03-20 00:18:15', '2019-03-20 00:18:15'),
(1228, 9, '112.196.166.73', NULL, 3, '2019-03-20 00:22:39', '2019-03-20 00:22:39'),
(1229, 17, '112.196.166.105', NULL, 3, '2019-03-20 00:24:10', '2019-03-20 00:24:10'),
(1230, 22, '112.196.166.73', NULL, 3, '2019-03-20 00:30:09', '2019-03-20 00:30:09'),
(1231, 28, '112.196.166.73', NULL, 3, '2019-03-20 00:34:39', '2019-03-20 00:34:39'),
(1232, 26, '112.196.166.73', NULL, 3, '2019-03-20 00:36:17', '2019-03-20 00:36:17'),
(1233, 23, '112.196.166.73', NULL, 3, '2019-03-20 00:42:51', '2019-03-20 00:42:51'),
(1234, 13, '112.196.166.105', NULL, 3, '2019-03-20 00:48:31', '2019-03-20 00:48:31'),
(1235, 25, '112.196.166.105', NULL, 1, '2019-03-20 00:58:31', '2019-03-20 00:58:31'),
(1236, 25, '112.196.166.105', NULL, 1, '2019-03-20 00:59:45', '2019-03-20 00:59:45'),
(1237, 25, '112.196.166.105', NULL, 3, '2019-03-20 00:59:49', '2019-03-20 00:59:49'),
(1238, 27, '112.196.166.105', NULL, 3, '2019-03-20 01:00:46', '2019-03-20 01:00:46'),
(1239, 32, '112.196.166.105', NULL, 3, '2019-03-20 01:03:02', '2019-03-20 01:03:02'),
(1240, 10, '112.196.166.73', NULL, 3, '2019-03-20 01:06:06', '2019-03-20 01:06:06'),
(1241, 2, '117.247.238.221', NULL, 3, '2019-03-20 01:08:03', '2019-03-20 01:08:03'),
(1242, 29, '117.247.238.221', NULL, 3, '2019-03-20 01:08:09', '2019-03-20 01:08:09'),
(1243, 21, '112.196.166.73', NULL, 3, '2019-03-20 01:09:16', '2019-03-20 01:09:16'),
(1244, 24, '112.196.166.73', NULL, 3, '2019-03-20 01:13:15', '2019-03-20 01:13:15'),
(1245, 5, '157.37.154.185', NULL, 1, '2019-03-20 13:47:12', '2019-03-20 13:47:12'),
(1246, 5, '157.37.154.185', NULL, 2, '2019-03-20 13:47:16', '2019-03-20 13:47:16'),
(1247, 17, '112.196.166.66', NULL, 1, '2019-03-20 14:12:21', '2019-03-20 14:12:21'),
(1248, 17, '112.196.166.66', NULL, 2, '2019-03-20 14:12:36', '2019-03-20 14:12:36'),
(1249, 13, '112.196.166.66', NULL, 1, '2019-03-20 14:22:31', '2019-03-20 14:22:31'),
(1250, 13, '112.196.166.66', NULL, 2, '2019-03-20 14:22:36', '2019-03-20 14:22:36'),
(1251, 12, '112.196.166.63', NULL, 1, '2019-03-20 14:28:57', '2019-03-20 14:28:57'),
(1252, 12, '112.196.166.63', NULL, 2, '2019-03-20 14:29:22', '2019-03-20 14:29:22'),
(1253, 16, '112.196.166.63', NULL, 1, '2019-03-20 14:31:55', '2019-03-20 14:31:55'),
(1254, 16, '112.196.166.63', NULL, 2, '2019-03-20 14:32:01', '2019-03-20 14:32:01'),
(1255, 26, '112.196.166.68', NULL, 1, '2019-03-20 14:32:15', '2019-03-20 14:32:15'),
(1256, 26, '112.196.166.68', NULL, 2, '2019-03-20 14:32:24', '2019-03-20 14:32:24'),
(1257, 7, '112.196.166.63', NULL, 1, '2019-03-20 14:32:28', '2019-03-20 14:32:28'),
(1258, 7, '112.196.166.63', NULL, 2, '2019-03-20 14:32:30', '2019-03-20 14:32:30'),
(1259, 4, '112.196.166.63', NULL, 1, '2019-03-20 14:32:50', '2019-03-20 14:32:50'),
(1260, 8, '112.196.166.63', NULL, 1, '2019-03-20 14:32:59', '2019-03-20 14:32:59'),
(1261, 4, '112.196.166.63', NULL, 2, '2019-03-20 14:33:02', '2019-03-20 14:33:02'),
(1262, 8, '112.196.166.63', NULL, 2, '2019-03-20 14:33:11', '2019-03-20 14:33:11'),
(1263, 9, '112.196.166.63', NULL, 1, '2019-03-20 14:34:09', '2019-03-20 14:34:09'),
(1264, 9, '112.196.166.63', NULL, 2, '2019-03-20 14:34:57', '2019-03-20 14:34:57'),
(1265, 14, '112.196.166.66', NULL, 1, '2019-03-20 14:35:27', '2019-03-20 14:35:27'),
(1266, 14, '112.196.166.66', NULL, 2, '2019-03-20 14:35:30', '2019-03-20 14:35:30'),
(1267, 9, '112.196.166.63', NULL, 1, '2019-03-20 14:37:06', '2019-03-20 14:37:06'),
(1268, 2, '112.196.166.63', NULL, 1, '2019-03-20 14:38:53', '2019-03-20 14:38:53'),
(1269, 2, '64.233.173.54', NULL, 2, '2019-03-20 14:38:59', '2019-03-20 14:38:59'),
(1270, 31, '112.196.166.66', NULL, 1, '2019-03-20 14:39:00', '2019-03-20 14:39:00'),
(1271, 31, '112.196.166.66', NULL, 2, '2019-03-20 14:39:04', '2019-03-20 14:39:04'),
(1272, 2, '117.247.238.221', NULL, 1, '2019-03-20 14:39:28', '2019-03-20 14:39:28'),
(1273, 3, '112.196.166.63', NULL, 1, '2019-03-20 14:49:23', '2019-03-20 14:49:23'),
(1274, 3, '112.196.166.63', NULL, 2, '2019-03-20 14:49:35', '2019-03-20 14:49:35'),
(1275, 21, '112.196.166.63', NULL, 1, '2019-03-20 14:51:52', '2019-03-20 14:51:52'),
(1276, 21, '112.196.166.63', NULL, 2, '2019-03-20 14:51:55', '2019-03-20 14:51:55'),
(1277, 22, '112.196.166.63', NULL, 1, '2019-03-20 14:52:04', '2019-03-20 14:52:04'),
(1278, 22, '112.196.166.63', NULL, 2, '2019-03-20 14:52:07', '2019-03-20 14:52:07'),
(1279, 8, '112.196.166.63', NULL, 1, '2019-03-20 14:55:31', '2019-03-20 14:55:31'),
(1280, 25, '112.196.166.66', NULL, 1, '2019-03-20 14:56:20', '2019-03-20 14:56:20'),
(1281, 25, '112.196.166.66', NULL, 2, '2019-03-20 14:56:26', '2019-03-20 14:56:26'),
(1282, 23, '112.196.166.63', NULL, 1, '2019-03-20 15:05:48', '2019-03-20 15:05:48'),
(1283, 23, '112.196.166.63', NULL, 2, '2019-03-20 15:05:53', '2019-03-20 15:05:53'),
(1284, 20, '112.196.166.63', NULL, 1, '2019-03-20 15:06:42', '2019-03-20 15:06:42'),
(1285, 20, '112.196.166.63', NULL, 2, '2019-03-20 15:06:47', '2019-03-20 15:06:47'),
(1286, 23, '112.196.166.20', NULL, 1, '2019-03-20 15:07:02', '2019-03-20 15:07:02'),
(1287, 28, '112.196.166.63', NULL, 1, '2019-03-20 15:09:18', '2019-03-20 15:09:18'),
(1288, 28, '112.196.166.63', NULL, 2, '2019-03-20 15:09:22', '2019-03-20 15:09:22'),
(1289, 24, '112.196.166.63', NULL, 1, '2019-03-20 15:15:00', '2019-03-20 15:15:00'),
(1290, 24, '112.196.166.63', NULL, 2, '2019-03-20 15:15:10', '2019-03-20 15:15:10'),
(1291, 29, '117.247.238.221', NULL, 1, '2019-03-20 15:18:06', '2019-03-20 15:18:06'),
(1292, 29, '117.247.238.221', NULL, 2, '2019-03-20 15:19:09', '2019-03-20 15:19:09'),
(1293, 11, '112.196.166.63', NULL, 1, '2019-03-20 15:28:14', '2019-03-20 15:28:14'),
(1294, 11, '112.196.166.63', NULL, 2, '2019-03-20 15:28:29', '2019-03-20 15:28:29'),
(1295, 10, '112.196.166.63', NULL, 1, '2019-03-20 15:35:00', '2019-03-20 15:35:00'),
(1296, 10, '112.196.166.63', NULL, 2, '2019-03-20 15:35:04', '2019-03-20 15:35:04'),
(1297, 30, '112.196.166.63', NULL, 1, '2019-03-20 15:36:22', '2019-03-20 15:36:22'),
(1298, 30, '112.196.166.63', NULL, 2, '2019-03-20 15:36:26', '2019-03-20 15:36:26'),
(1299, 1, '117.247.238.221', NULL, 1, '2019-03-20 16:10:04', '2019-03-20 16:10:04'),
(1300, 14, '112.196.166.66', NULL, 3, '2019-03-20 18:33:20', '2019-03-20 18:33:20'),
(1301, 32, '112.196.166.66', NULL, 1, '2019-03-20 19:06:51', '2019-03-20 19:06:51'),
(1302, 32, '112.196.166.66', NULL, 2, '2019-03-20 19:06:59', '2019-03-20 19:06:59'),
(1303, 16, '112.196.166.63', NULL, 3, '2019-03-20 19:56:23', '2019-03-20 19:56:23'),
(1304, 22, '112.196.166.63', NULL, 3, '2019-03-20 21:49:11', '2019-03-20 21:49:11'),
(1305, 12, '112.196.166.63', NULL, 1, '2019-03-20 22:50:32', '2019-03-20 22:50:32'),
(1306, 11, '112.196.166.63', NULL, 1, '2019-03-20 22:53:14', '2019-03-20 22:53:14'),
(1307, 7, '112.196.166.63', NULL, 3, '2019-03-20 23:33:02', '2019-03-20 23:33:02'),
(1308, 4, '112.196.166.63', NULL, 3, '2019-03-20 23:33:26', '2019-03-20 23:33:26'),
(1309, 13, '112.196.166.66', NULL, 1, '2019-03-20 23:41:11', '2019-03-20 23:41:11'),
(1310, 8, '112.196.166.63', NULL, 1, '2019-03-21 00:03:21', '2019-03-21 00:03:21'),
(1311, 12, '112.196.166.63', NULL, 1, '2019-03-21 00:03:51', '2019-03-21 00:03:51'),
(1312, 13, '112.196.166.66', NULL, 3, '2019-03-21 00:06:37', '2019-03-21 00:06:37'),
(1313, 32, '112.196.166.66', NULL, 3, '2019-03-21 00:07:26', '2019-03-21 00:07:26'),
(1314, 17, '112.196.166.66', NULL, 3, '2019-03-21 00:07:47', '2019-03-21 00:07:47'),
(1315, 8, '112.196.166.63', NULL, 3, '2019-03-21 00:10:03', '2019-03-21 00:10:03'),
(1316, 9, '117.247.238.221', NULL, 3, '2019-03-21 00:10:32', '2019-03-21 00:10:32'),
(1317, 26, '112.196.166.63', NULL, 3, '2019-03-21 00:16:55', '2019-03-21 00:16:55'),
(1318, 31, '112.196.166.66', NULL, 3, '2019-03-21 00:23:18', '2019-03-21 00:23:18'),
(1319, 23, '112.196.166.63', NULL, 1, '2019-03-21 00:32:40', '2019-03-21 00:32:40'),
(1320, 23, '112.196.166.63', NULL, 3, '2019-03-21 00:33:38', '2019-03-21 00:33:38'),
(1321, 28, '112.196.166.63', NULL, 3, '2019-03-21 00:51:38', '2019-03-21 00:51:38'),
(1322, 29, '112.196.166.63', NULL, 3, '2019-03-21 00:57:00', '2019-03-21 00:57:00'),
(1323, 25, '112.196.166.66', NULL, 3, '2019-03-21 00:57:52', '2019-03-21 00:57:52'),
(1324, 10, '112.196.166.63', NULL, 3, '2019-03-21 01:03:38', '2019-03-21 01:03:38'),
(1325, 2, '117.247.238.221', NULL, 3, '2019-03-21 01:21:30', '2019-03-21 01:21:30'),
(1326, 30, '112.196.166.63', NULL, 3, '2019-03-21 01:24:16', '2019-03-21 01:24:16'),
(1327, 21, '112.196.166.63', NULL, 3, '2019-03-21 01:25:07', '2019-03-21 01:25:07'),
(1328, 3, '112.196.166.63', NULL, 1, '2019-03-21 01:25:39', '2019-03-21 01:25:39'),
(1329, 17, '112.196.166.119', NULL, 1, '2019-03-22 14:21:43', '2019-03-22 14:21:43'),
(1330, 17, '112.196.166.119', NULL, 2, '2019-03-22 14:21:49', '2019-03-22 14:21:49'),
(1331, 7, '112.196.166.47', NULL, 1, '2019-03-22 14:29:17', '2019-03-22 14:29:17'),
(1332, 7, '112.196.166.47', NULL, 2, '2019-03-22 14:29:21', '2019-03-22 14:29:21'),
(1333, 15, '112.196.166.47', NULL, 1, '2019-03-22 14:29:47', '2019-03-22 14:29:47'),
(1334, 15, '112.196.166.47', NULL, 2, '2019-03-22 14:29:52', '2019-03-22 14:29:52'),
(1335, 4, '112.196.166.47', NULL, 1, '2019-03-22 14:30:23', '2019-03-22 14:30:23'),
(1336, 4, '112.196.166.47', NULL, 2, '2019-03-22 14:30:28', '2019-03-22 14:30:28'),
(1337, 12, '112.196.166.47', NULL, 1, '2019-03-22 14:30:45', '2019-03-22 14:30:45'),
(1338, 12, '112.196.166.47', NULL, 2, '2019-03-22 14:30:54', '2019-03-22 14:30:54'),
(1339, 13, '112.196.166.119', NULL, 1, '2019-03-22 14:31:19', '2019-03-22 14:31:19'),
(1340, 13, '112.196.166.119', NULL, 2, '2019-03-22 14:31:22', '2019-03-22 14:31:22'),
(1341, 25, '112.196.166.119', NULL, 1, '2019-03-22 14:34:45', '2019-03-22 14:34:45'),
(1342, 31, '112.196.166.119', NULL, 1, '2019-03-22 14:35:43', '2019-03-22 14:35:43'),
(1343, 2, '117.247.238.221', NULL, 1, '2019-03-22 14:38:11', '2019-03-22 14:38:11'),
(1344, 3, '112.196.166.47', NULL, 1, '2019-03-22 14:38:17', '2019-03-22 14:38:17'),
(1345, 25, '112.196.166.119', NULL, 2, '2019-03-22 14:38:20', '2019-03-22 14:38:20'),
(1346, 26, '112.196.166.47', NULL, 1, '2019-03-22 14:38:34', '2019-03-22 14:38:34'),
(1347, 3, '112.196.166.47', NULL, 2, '2019-03-22 14:38:43', '2019-03-22 14:38:43'),
(1348, 9, '112.196.166.19', NULL, 1, '2019-03-22 14:38:48', '2019-03-22 14:38:48'),
(1349, 26, '112.196.166.47', NULL, 2, '2019-03-22 14:38:50', '2019-03-22 14:38:50'),
(1350, 9, '112.196.166.47', NULL, 2, '2019-03-22 14:39:12', '2019-03-22 14:39:12'),
(1351, 21, '112.196.166.47', NULL, 1, '2019-03-22 14:39:47', '2019-03-22 14:39:47'),
(1352, 21, '112.196.166.47', NULL, 2, '2019-03-22 14:39:51', '2019-03-22 14:39:51'),
(1353, 8, '112.196.166.47', NULL, 1, '2019-03-22 14:39:56', '2019-03-22 14:39:56'),
(1354, 8, '112.196.166.47', NULL, 2, '2019-03-22 14:39:59', '2019-03-22 14:39:59'),
(1355, 2, '64.233.173.56', NULL, 2, '2019-03-22 14:40:13', '2019-03-22 14:40:13'),
(1356, 5, '112.196.166.119', NULL, 1, '2019-03-22 14:40:16', '2019-03-22 14:40:16'),
(1357, 2, '117.247.238.221', NULL, 1, '2019-03-22 14:42:24', '2019-03-22 14:42:24'),
(1358, 9, '112.196.166.47', NULL, 1, '2019-03-22 14:47:52', '2019-03-22 14:47:52'),
(1359, 1, '117.247.238.221', NULL, 1, '2019-03-22 14:53:53', '2019-03-22 14:53:53'),
(1360, 18, '112.196.166.47', NULL, 1, '2019-03-22 14:55:43', '2019-03-22 14:55:43'),
(1361, 28, '112.196.166.47', NULL, 1, '2019-03-22 14:58:05', '2019-03-22 14:58:05'),
(1362, 23, '112.196.166.47', NULL, 1, '2019-03-22 14:58:55', '2019-03-22 14:58:55'),
(1363, 23, '112.196.166.47', NULL, 2, '2019-03-22 14:59:14', '2019-03-22 14:59:14'),
(1364, 28, '112.196.166.47', NULL, 2, '2019-03-22 15:00:53', '2019-03-22 15:00:53'),
(1365, 22, '112.196.166.47', NULL, 1, '2019-03-22 15:12:48', '2019-03-22 15:12:48'),
(1366, 22, '112.196.166.47', NULL, 2, '2019-03-22 15:12:54', '2019-03-22 15:12:54'),
(1367, 29, '117.247.238.221', NULL, 1, '2019-03-22 15:36:44', '2019-03-22 15:36:44'),
(1368, 29, '117.247.238.221', NULL, 2, '2019-03-22 15:36:53', '2019-03-22 15:36:53'),
(1369, 5, '112.196.166.119', NULL, 2, '2019-03-22 15:51:23', '2019-03-22 15:51:23'),
(1370, 11, '112.196.166.47', NULL, 1, '2019-03-22 15:51:24', '2019-03-22 15:51:24'),
(1371, 11, '112.196.166.47', NULL, 2, '2019-03-22 15:51:29', '2019-03-22 15:51:29'),
(1372, 10, '112.196.166.47', NULL, 1, '2019-03-22 16:02:59', '2019-03-22 16:02:59'),
(1373, 10, '112.196.166.47', NULL, 2, '2019-03-22 16:03:03', '2019-03-22 16:03:03'),
(1374, 30, '112.196.166.47', NULL, 1, '2019-03-22 16:05:08', '2019-03-22 16:05:08'),
(1375, 30, '112.196.166.47', NULL, 2, '2019-03-22 16:05:14', '2019-03-22 16:05:14'),
(1376, 16, '112.196.166.47', NULL, 1, '2019-03-22 17:10:19', '2019-03-22 17:10:19'),
(1377, 16, '112.196.166.47', NULL, 2, '2019-03-22 17:10:23', '2019-03-22 17:10:23'),
(1378, 8, '112.196.166.47', NULL, 1, '2019-03-22 17:57:49', '2019-03-22 17:57:49'),
(1379, 8, '112.196.166.47', NULL, 1, '2019-03-22 18:56:28', '2019-03-22 18:56:28'),
(1380, 11, '112.196.166.47', NULL, 1, '2019-03-22 18:57:24', '2019-03-22 18:57:24'),
(1381, 8, '112.196.166.47', NULL, 1, '2019-03-22 19:21:25', '2019-03-22 19:21:25'),
(1382, 32, '112.196.166.119', NULL, 1, '2019-03-22 20:07:30', '2019-03-22 20:07:30'),
(1383, 32, '112.196.166.119', NULL, 2, '2019-03-22 20:07:34', '2019-03-22 20:07:34'),
(1384, 4, '112.196.166.47', NULL, 1, '2019-03-22 23:53:45', '2019-03-22 23:53:45'),
(1385, 7, '112.196.166.47', NULL, 1, '2019-03-22 23:56:07', '2019-03-22 23:56:07'),
(1386, 7, '112.196.166.47', NULL, 3, '2019-03-23 00:00:33', '2019-03-23 00:00:33'),
(1387, 4, '112.196.166.47', NULL, 3, '2019-03-23 00:00:38', '2019-03-23 00:00:38'),
(1388, 15, '112.196.166.47', NULL, 3, '2019-03-23 00:02:07', '2019-03-23 00:02:07'),
(1389, 8, '112.196.166.47', NULL, 1, '2019-03-23 00:02:26', '2019-03-23 00:02:26'),
(1390, 13, '112.196.166.119', NULL, 3, '2019-03-23 00:06:46', '2019-03-23 00:06:46'),
(1391, 11, '112.196.166.47', NULL, 3, '2019-03-23 00:09:05', '2019-03-23 00:09:05'),
(1392, 16, '112.196.166.47', NULL, 3, '2019-03-23 00:13:02', '2019-03-23 00:13:02'),
(1393, 8, '112.196.166.47', NULL, 3, '2019-03-23 00:16:50', '2019-03-23 00:16:50'),
(1394, 17, '112.196.166.119', NULL, 3, '2019-03-23 00:18:03', '2019-03-23 00:18:03'),
(1395, 22, '112.196.166.47', NULL, 3, '2019-03-23 00:30:28', '2019-03-23 00:30:28'),
(1396, 23, '112.196.166.47', NULL, 3, '2019-03-23 00:30:34', '2019-03-23 00:30:34'),
(1397, 12, '112.196.166.47', NULL, 3, '2019-03-23 00:30:54', '2019-03-23 00:30:54'),
(1398, 23, '112.196.166.47', NULL, 1, '2019-03-23 00:31:04', '2019-03-23 00:31:04'),
(1399, 26, '112.196.166.47', NULL, 3, '2019-03-23 00:32:42', '2019-03-23 00:32:42'),
(1400, 9, '112.196.166.47', NULL, 3, '2019-03-23 00:39:23', '2019-03-23 00:39:23'),
(1401, 28, '112.196.166.47', NULL, 3, '2019-03-23 00:42:28', '2019-03-23 00:42:28'),
(1402, 21, '112.196.166.47', NULL, 3, '2019-03-23 00:42:31', '2019-03-23 00:42:31'),
(1403, 20, '112.196.166.47', NULL, 1, '2019-03-23 00:42:33', '2019-03-23 00:42:33'),
(1404, 32, '112.196.166.119', NULL, 3, '2019-03-23 00:50:17', '2019-03-23 00:50:17'),
(1405, 29, '117.247.238.221', NULL, 3, '2019-03-23 01:03:56', '2019-03-23 01:03:56'),
(1406, 3, '112.196.166.47', NULL, 3, '2019-03-23 01:17:36', '2019-03-23 01:17:36'),
(1407, 10, '112.196.166.47', NULL, 3, '2019-03-23 01:23:21', '2019-03-23 01:23:21'),
(1408, 30, '112.196.166.47', NULL, 3, '2019-03-23 01:24:44', '2019-03-23 01:24:44'),
(1409, 5, '112.196.166.119', NULL, 1, '2019-03-23 14:15:12', '2019-03-23 14:15:12'),
(1410, 5, '112.196.166.119', NULL, 2, '2019-03-23 14:15:17', '2019-03-23 14:15:17'),
(1411, 18, '112.196.166.47', NULL, 1, '2019-03-23 14:20:14', '2019-03-23 14:20:14'),
(1412, 18, '112.196.166.47', NULL, 2, '2019-03-23 14:20:21', '2019-03-23 14:20:21'),
(1413, 13, '112.196.166.119', NULL, 1, '2019-03-23 14:27:48', '2019-03-23 14:27:48'),
(1414, 13, '112.196.166.119', NULL, 2, '2019-03-23 14:27:52', '2019-03-23 14:27:52'),
(1415, 31, '112.196.166.119', NULL, 1, '2019-03-23 14:28:02', '2019-03-23 14:28:02'),
(1416, 11, '112.196.166.47', NULL, 1, '2019-03-23 14:28:55', '2019-03-23 14:28:55'),
(1417, 11, '112.196.166.47', NULL, 2, '2019-03-23 14:28:58', '2019-03-23 14:28:58'),
(1418, 7, '112.196.166.47', NULL, 1, '2019-03-23 14:30:33', '2019-03-23 14:30:33'),
(1419, 7, '112.196.166.47', NULL, 2, '2019-03-23 14:30:35', '2019-03-23 14:30:35'),
(1420, 4, '112.196.166.47', NULL, 1, '2019-03-23 14:31:38', '2019-03-23 14:31:38'),
(1421, 4, '112.196.166.47', NULL, 2, '2019-03-23 14:31:41', '2019-03-23 14:31:41'),
(1422, 15, '112.196.166.47', NULL, 1, '2019-03-23 14:32:47', '2019-03-23 14:32:47'),
(1423, 15, '112.196.166.47', NULL, 2, '2019-03-23 14:32:51', '2019-03-23 14:32:51'),
(1424, 26, '112.196.166.47', NULL, 1, '2019-03-23 14:33:14', '2019-03-23 14:33:14'),
(1425, 26, '112.196.166.47', NULL, 2, '2019-03-23 14:33:22', '2019-03-23 14:33:22'),
(1426, 12, '112.196.166.47', NULL, 1, '2019-03-23 14:34:22', '2019-03-23 14:34:22'),
(1427, 12, '112.196.166.47', NULL, 2, '2019-03-23 14:34:26', '2019-03-23 14:34:26'),
(1428, 31, '112.196.166.119', NULL, 2, '2019-03-23 14:34:27', '2019-03-23 14:34:27'),
(1429, 16, '112.196.166.47', NULL, 1, '2019-03-23 14:35:05', '2019-03-23 14:35:05'),
(1430, 16, '112.196.166.47', NULL, 2, '2019-03-23 14:35:09', '2019-03-23 14:35:09'),
(1431, 17, '112.196.166.119', NULL, 1, '2019-03-23 14:36:18', '2019-03-23 14:36:18'),
(1432, 17, '112.196.166.119', NULL, 2, '2019-03-23 14:36:29', '2019-03-23 14:36:29'),
(1433, 8, '112.196.166.47', NULL, 1, '2019-03-23 14:37:21', '2019-03-23 14:37:21'),
(1434, 8, '112.196.166.47', NULL, 2, '2019-03-23 14:37:24', '2019-03-23 14:37:24'),
(1435, 9, '112.196.166.47', NULL, 1, '2019-03-23 14:38:40', '2019-03-23 14:38:40'),
(1436, 9, '112.196.166.47', NULL, 2, '2019-03-23 14:38:53', '2019-03-23 14:38:53'),
(1437, 25, '112.196.166.119', NULL, 1, '2019-03-23 14:39:55', '2019-03-23 14:39:55'),
(1438, 25, '112.196.166.119', NULL, 2, '2019-03-23 14:39:58', '2019-03-23 14:39:58'),
(1439, 3, '112.196.166.47', NULL, 1, '2019-03-23 14:40:46', '2019-03-23 14:40:46'),
(1440, 3, '112.196.166.47', NULL, 2, '2019-03-23 14:40:59', '2019-03-23 14:40:59'),
(1441, 9, '112.196.166.47', NULL, 1, '2019-03-23 14:42:25', '2019-03-23 14:42:25'),
(1442, 29, '117.247.238.221', NULL, 1, '2019-03-23 14:43:01', '2019-03-23 14:43:01'),
(1443, 29, '117.247.238.221', NULL, 2, '2019-03-23 14:43:06', '2019-03-23 14:43:06'),
(1444, 21, '112.196.166.47', NULL, 1, '2019-03-23 14:44:40', '2019-03-23 14:44:40'),
(1445, 21, '112.196.166.47', NULL, 2, '2019-03-23 14:44:44', '2019-03-23 14:44:44'),
(1446, 2, '117.247.238.221', NULL, 1, '2019-03-23 14:46:24', '2019-03-23 14:46:24'),
(1447, 2, '117.247.238.221', NULL, 2, '2019-03-23 14:46:30', '2019-03-23 14:46:30'),
(1448, 22, '112.196.166.47', NULL, 1, '2019-03-23 14:58:59', '2019-03-23 14:58:59'),
(1449, 22, '112.196.166.47', NULL, 2, '2019-03-23 14:59:04', '2019-03-23 14:59:04'),
(1450, 28, '112.196.166.47', NULL, 1, '2019-03-23 15:03:02', '2019-03-23 15:03:02'),
(1451, 28, '112.196.166.47', NULL, 2, '2019-03-23 15:03:09', '2019-03-23 15:03:09'),
(1452, 23, '112.196.166.47', NULL, 1, '2019-03-23 15:03:47', '2019-03-23 15:03:47'),
(1453, 23, '112.196.166.47', NULL, 2, '2019-03-23 15:03:53', '2019-03-23 15:03:53'),
(1454, 30, '112.196.166.47', NULL, 1, '2019-03-23 15:27:17', '2019-03-23 15:27:17'),
(1455, 30, '112.196.166.47', NULL, 2, '2019-03-23 15:27:20', '2019-03-23 15:27:20'),
(1456, 10, '112.196.166.47', NULL, 1, '2019-03-23 15:28:53', '2019-03-23 15:28:53'),
(1457, 10, '112.196.166.47', NULL, 2, '2019-03-23 15:28:58', '2019-03-23 15:28:58'),
(1458, 14, '112.196.166.119', NULL, 1, '2019-03-23 16:19:05', '2019-03-23 16:19:05'),
(1459, 14, '112.196.166.119', NULL, 2, '2019-03-23 16:19:08', '2019-03-23 16:19:08'),
(1460, 8, '112.196.166.111', NULL, 1, '2019-03-23 16:54:20', '2019-03-23 16:54:20'),
(1461, 1, '117.247.238.221', NULL, 1, '2019-03-23 17:02:19', '2019-03-23 17:02:19'),
(1462, 31, '112.196.166.119', NULL, 1, '2019-03-23 19:31:38', '2019-03-23 19:31:38'),
(1463, 32, '112.196.166.119', NULL, 1, '2019-03-23 20:11:45', '2019-03-23 20:11:45'),
(1464, 32, '112.196.166.119', NULL, 2, '2019-03-23 20:11:50', '2019-03-23 20:11:50'),
(1465, 5, '112.196.166.127', NULL, 3, '2019-03-23 23:24:57', '2019-03-23 23:24:57'),
(1466, 8, '112.196.166.47', NULL, 1, '2019-03-23 23:41:05', '2019-03-23 23:41:05'),
(1467, 18, '112.196.166.47', NULL, 1, '2019-03-23 23:59:55', '2019-03-23 23:59:55'),
(1468, 8, '112.196.166.47', NULL, 3, '2019-03-24 00:02:38', '2019-03-24 00:02:38'),
(1469, 7, '112.196.166.47', NULL, 3, '2019-03-24 00:02:39', '2019-03-24 00:02:39'),
(1470, 4, '112.196.166.47', NULL, 3, '2019-03-24 00:03:05', '2019-03-24 00:03:05'),
(1471, 11, '112.196.166.47', NULL, 3, '2019-03-24 00:03:57', '2019-03-24 00:03:57'),
(1472, 16, '112.196.166.47', NULL, 3, '2019-03-24 00:05:20', '2019-03-24 00:05:20'),
(1473, 18, '112.196.166.47', NULL, 1, '2019-03-24 00:06:26', '2019-03-24 00:06:26'),
(1474, 2, '117.247.238.221', NULL, 3, '2019-03-24 00:08:16', '2019-03-24 00:08:16'),
(1475, 9, '112.196.166.59', NULL, 3, '2019-03-24 00:09:05', '2019-03-24 00:09:05'),
(1476, 22, '112.196.166.47', NULL, 3, '2019-03-24 00:09:14', '2019-03-24 00:09:14'),
(1477, 31, '112.196.166.127', NULL, 3, '2019-03-24 00:09:37', '2019-03-24 00:09:37'),
(1478, 13, '112.196.166.127', NULL, 1, '2019-03-24 00:09:56', '2019-03-24 00:09:56'),
(1479, 21, '112.196.166.47', NULL, 3, '2019-03-24 00:10:13', '2019-03-24 00:10:13'),
(1480, 15, '112.196.166.47', NULL, 3, '2019-03-24 00:11:42', '2019-03-24 00:11:42'),
(1481, 13, '112.196.166.127', NULL, 3, '2019-03-24 00:12:35', '2019-03-24 00:12:35'),
(1482, 17, '112.196.166.127', NULL, 3, '2019-03-24 00:13:06', '2019-03-24 00:13:06'),
(1483, 23, '112.196.166.47', NULL, 3, '2019-03-24 00:19:59', '2019-03-24 00:19:59'),
(1484, 14, '112.196.166.127', NULL, 3, '2019-03-24 00:30:19', '2019-03-24 00:30:19'),
(1485, 28, '112.196.166.47', NULL, 3, '2019-03-24 00:36:09', '2019-03-24 00:36:09'),
(1486, 32, '112.196.166.127', NULL, 3, '2019-03-24 00:43:17', '2019-03-24 00:43:17'),
(1487, 25, '212.8.249.181', NULL, 3, '2019-03-24 00:44:05', '2019-03-24 00:44:05'),
(1488, 29, '117.247.238.221', NULL, 3, '2019-03-24 01:03:21', '2019-03-24 01:03:21'),
(1489, 30, '112.196.166.47', NULL, 3, '2019-03-24 01:04:00', '2019-03-24 01:04:00'),
(1490, 12, '112.196.166.47', NULL, 1, '2019-03-24 01:04:57', '2019-03-24 01:04:57'),
(1491, 12, '112.196.166.47', NULL, 3, '2019-03-24 01:05:45', '2019-03-24 01:05:45'),
(1492, 13, '112.196.166.127', NULL, 1, '2019-03-24 15:50:28', '2019-03-24 15:50:28'),
(1493, 13, '112.196.166.127', NULL, 2, '2019-03-24 15:50:32', '2019-03-24 15:50:32'),
(1494, 25, '112.196.166.127', NULL, 1, '2019-03-24 17:42:38', '2019-03-24 17:42:38'),
(1495, 25, '112.196.166.127', NULL, 2, '2019-03-24 17:42:47', '2019-03-24 17:42:47'),
(1496, 14, '112.196.166.127', NULL, 1, '2019-03-24 17:43:38', '2019-03-24 17:43:38'),
(1497, 14, '112.196.166.127', NULL, 2, '2019-03-24 17:43:42', '2019-03-24 17:43:42'),
(1498, 25, '112.196.166.127', NULL, 3, '2019-03-24 23:10:12', '2019-03-24 23:10:12'),
(1499, 13, '112.196.166.127', NULL, 3, '2019-03-24 23:10:38', '2019-03-24 23:10:38'),
(1500, 14, '112.196.166.127', NULL, 3, '2019-03-24 23:16:50', '2019-03-24 23:16:50'),
(1501, 18, '112.196.166.91', NULL, 1, '2019-03-25 14:14:44', '2019-03-25 14:14:44'),
(1502, 18, '112.196.166.91', NULL, 2, '2019-03-25 14:14:47', '2019-03-25 14:14:47'),
(1503, 17, '112.196.166.124', NULL, 1, '2019-03-25 14:26:16', '2019-03-25 14:26:16'),
(1504, 17, '112.196.166.124', NULL, 2, '2019-03-25 14:26:28', '2019-03-25 14:26:28'),
(1505, 7, '112.196.166.91', NULL, 1, '2019-03-25 14:26:29', '2019-03-25 14:26:29'),
(1506, 7, '112.196.166.91', NULL, 2, '2019-03-25 14:26:35', '2019-03-25 14:26:35'),
(1507, 11, '112.196.166.91', NULL, 1, '2019-03-25 14:27:19', '2019-03-25 14:27:19'),
(1508, 11, '112.196.166.91', NULL, 2, '2019-03-25 14:27:23', '2019-03-25 14:27:23'),
(1509, 4, '112.196.166.91', NULL, 1, '2019-03-25 14:27:38', '2019-03-25 14:27:38'),
(1510, 4, '112.196.166.91', NULL, 2, '2019-03-25 14:27:44', '2019-03-25 14:27:44'),
(1511, 15, '112.196.166.91', NULL, 1, '2019-03-25 14:30:35', '2019-03-25 14:30:35'),
(1512, 15, '112.196.166.91', NULL, 2, '2019-03-25 14:30:38', '2019-03-25 14:30:38'),
(1513, 26, '112.196.166.91', NULL, 1, '2019-03-25 14:31:47', '2019-03-25 14:31:47'),
(1514, 5, '112.196.166.124', NULL, 1, '2019-03-25 14:31:49', '2019-03-25 14:31:49'),
(1515, 26, '112.196.166.91', NULL, 2, '2019-03-25 14:31:52', '2019-03-25 14:31:52'),
(1516, 5, '112.196.166.124', NULL, 2, '2019-03-25 14:31:53', '2019-03-25 14:31:53'),
(1517, 16, '112.196.166.76', NULL, 1, '2019-03-25 14:34:54', '2019-03-25 14:34:54'),
(1518, 16, '112.196.166.27', NULL, 2, '2019-03-25 14:34:58', '2019-03-25 14:34:58'),
(1519, 31, '112.196.166.124', NULL, 1, '2019-03-25 14:36:34', '2019-03-25 14:36:34'),
(1520, 31, '112.196.166.124', NULL, 2, '2019-03-25 14:36:38', '2019-03-25 14:36:38'),
(1521, 2, '117.247.238.221', NULL, 1, '2019-03-25 14:38:52', '2019-03-25 14:38:52'),
(1522, 2, '117.247.238.221', NULL, 2, '2019-03-25 14:39:07', '2019-03-25 14:39:07'),
(1523, 12, '112.196.166.91', NULL, 1, '2019-03-25 14:39:40', '2019-03-25 14:39:40'),
(1524, 12, '112.196.166.91', NULL, 2, '2019-03-25 14:39:45', '2019-03-25 14:39:45'),
(1525, 8, '112.196.166.91', NULL, 1, '2019-03-25 14:41:43', '2019-03-25 14:41:43'),
(1526, 8, '112.196.166.91', NULL, 2, '2019-03-25 14:41:45', '2019-03-25 14:41:45'),
(1527, 25, '112.196.166.124', NULL, 1, '2019-03-25 14:42:04', '2019-03-25 14:42:04'),
(1528, 25, '112.196.166.124', NULL, 2, '2019-03-25 14:42:07', '2019-03-25 14:42:07'),
(1529, 27, '112.196.166.124', NULL, 1, '2019-03-25 14:48:18', '2019-03-25 14:48:18'),
(1530, 27, '112.196.166.124', NULL, 2, '2019-03-25 14:48:21', '2019-03-25 14:48:21'),
(1531, 21, '112.196.166.91', NULL, 1, '2019-03-25 14:48:49', '2019-03-25 14:48:49'),
(1532, 21, '112.196.166.91', NULL, 2, '2019-03-25 14:49:18', '2019-03-25 14:49:18'),
(1533, 14, '112.196.166.124', NULL, 1, '2019-03-25 14:52:36', '2019-03-25 14:52:36'),
(1534, 14, '112.196.166.124', NULL, 2, '2019-03-25 14:52:43', '2019-03-25 14:52:43'),
(1535, 23, '112.196.166.91', NULL, 1, '2019-03-25 14:55:52', '2019-03-25 14:55:52'),
(1536, 23, '112.196.166.91', NULL, 2, '2019-03-25 14:55:55', '2019-03-25 14:55:55'),
(1537, 20, '112.196.166.91', NULL, 1, '2019-03-25 15:01:39', '2019-03-25 15:01:39'),
(1538, 20, '112.196.166.91', NULL, 2, '2019-03-25 15:01:59', '2019-03-25 15:01:59'),
(1539, 28, '112.196.166.91', NULL, 1, '2019-03-25 15:06:24', '2019-03-25 15:06:24'),
(1540, 28, '112.196.166.91', NULL, 2, '2019-03-25 15:06:33', '2019-03-25 15:06:33'),
(1541, 22, '112.196.166.91', NULL, 1, '2019-03-25 15:06:47', '2019-03-25 15:06:47'),
(1542, 22, '112.196.166.91', NULL, 2, '2019-03-25 15:06:51', '2019-03-25 15:06:51'),
(1543, 24, '112.196.166.91', NULL, 1, '2019-03-25 15:08:15', '2019-03-25 15:08:15'),
(1544, 24, '112.196.166.91', NULL, 2, '2019-03-25 15:08:18', '2019-03-25 15:08:18'),
(1545, 3, '112.196.166.91', NULL, 1, '2019-03-25 15:09:28', '2019-03-25 15:09:28'),
(1546, 3, '112.196.166.91', NULL, 2, '2019-03-25 15:09:34', '2019-03-25 15:09:34'),
(1547, 29, '117.247.238.221', NULL, 1, '2019-03-25 15:10:25', '2019-03-25 15:10:25'),
(1548, 29, '117.247.238.221', NULL, 2, '2019-03-25 15:10:31', '2019-03-25 15:10:31'),
(1549, 30, '112.196.166.91', NULL, 1, '2019-03-25 15:22:26', '2019-03-25 15:22:26'),
(1550, 30, '112.196.166.70', NULL, 2, '2019-03-25 15:22:34', '2019-03-25 15:22:34'),
(1551, 10, '112.196.166.91', NULL, 1, '2019-03-25 15:31:42', '2019-03-25 15:31:42'),
(1552, 10, '112.196.166.91', NULL, 2, '2019-03-25 15:31:58', '2019-03-25 15:31:58'),
(1553, 13, '112.196.166.124', NULL, 1, '2019-03-25 15:39:13', '2019-03-25 15:39:13'),
(1554, 13, '112.196.166.124', NULL, 2, '2019-03-25 15:39:21', '2019-03-25 15:39:21'),
(1555, 1, '117.247.238.221', NULL, 1, '2019-03-25 17:31:57', '2019-03-25 17:31:57'),
(1556, 2, '117.247.238.221', NULL, 1, '2019-03-25 18:31:27', '2019-03-25 18:31:27'),
(1557, 32, '112.196.166.124', NULL, 1, '2019-03-25 20:59:52', '2019-03-25 20:59:52'),
(1558, 32, '112.196.166.124', NULL, 2, '2019-03-25 20:59:56', '2019-03-25 20:59:56'),
(1559, 8, '112.196.166.91', NULL, 1, '2019-03-26 00:00:15', '2019-03-26 00:00:15'),
(1560, 7, '112.196.166.91', NULL, 3, '2019-03-26 00:00:20', '2019-03-26 00:00:20'),
(1561, 8, '112.196.166.91', NULL, 3, '2019-03-26 00:00:52', '2019-03-26 00:00:52'),
(1562, 4, '112.196.166.91', NULL, 3, '2019-03-26 00:01:24', '2019-03-26 00:01:24'),
(1563, 18, '112.196.166.91', NULL, 1, '2019-03-26 00:02:30', '2019-03-26 00:02:30'),
(1564, 12, '112.196.166.91', NULL, 1, '2019-03-26 00:05:01', '2019-03-26 00:05:01'),
(1565, 12, '112.196.166.91', NULL, 3, '2019-03-26 00:08:41', '2019-03-26 00:08:41'),
(1566, 5, '112.196.166.124', NULL, 3, '2019-03-26 00:09:58', '2019-03-26 00:09:58'),
(1567, 31, '112.196.166.124', NULL, 3, '2019-03-26 00:10:54', '2019-03-26 00:10:54'),
(1568, 25, '112.196.166.124', NULL, 3, '2019-03-26 00:13:46', '2019-03-26 00:13:46'),
(1569, 13, '112.196.166.124', NULL, 1, '2019-03-26 00:17:04', '2019-03-26 00:17:04'),
(1570, 11, '112.196.166.91', NULL, 3, '2019-03-26 00:17:14', '2019-03-26 00:17:14'),
(1571, 3, '112.196.166.91', NULL, 3, '2019-03-26 00:17:15', '2019-03-26 00:17:15'),
(1572, 17, '112.196.166.124', NULL, 3, '2019-03-26 00:17:35', '2019-03-26 00:17:35'),
(1573, 16, '112.196.166.91', NULL, 3, '2019-03-26 00:17:40', '2019-03-26 00:17:40'),
(1574, 15, '112.196.166.91', NULL, 3, '2019-03-26 00:18:27', '2019-03-26 00:18:27'),
(1575, 13, '112.196.166.124', NULL, 3, '2019-03-26 00:18:41', '2019-03-26 00:18:41'),
(1576, 14, '112.196.166.124', NULL, 3, '2019-03-26 00:24:59', '2019-03-26 00:24:59'),
(1577, 2, '112.196.166.91', NULL, 3, '2019-03-26 00:29:16', '2019-03-26 00:29:16'),
(1578, 22, '112.196.166.91', NULL, 3, '2019-03-26 00:30:25', '2019-03-26 00:30:25'),
(1579, 23, '112.196.166.91', NULL, 3, '2019-03-26 00:31:14', '2019-03-26 00:31:14'),
(1580, 21, '112.196.166.91', NULL, 3, '2019-03-26 00:33:08', '2019-03-26 00:33:08'),
(1581, 28, '112.196.166.91', NULL, 3, '2019-03-26 00:36:31', '2019-03-26 00:36:31'),
(1582, 26, '112.196.166.91', NULL, 3, '2019-03-26 00:44:42', '2019-03-26 00:44:42'),
(1583, 24, '112.196.166.91', NULL, 3, '2019-03-26 00:59:05', '2019-03-26 00:59:05'),
(1584, 10, '112.196.166.91', NULL, 3, '2019-03-26 01:02:05', '2019-03-26 01:02:05'),
(1585, 29, '112.196.166.91', NULL, 3, '2019-03-26 01:02:33', '2019-03-26 01:02:33'),
(1586, 32, '112.196.166.124', NULL, 3, '2019-03-26 01:02:45', '2019-03-26 01:02:45'),
(1587, 18, '112.196.166.91', NULL, 1, '2019-03-26 13:42:23', '2019-03-26 13:42:23'),
(1588, 18, '112.196.166.91', NULL, 2, '2019-03-26 13:42:27', '2019-03-26 13:42:27'),
(1589, 17, '112.196.166.124', NULL, 1, '2019-03-26 13:52:45', '2019-03-26 13:52:45'),
(1590, 17, '112.196.166.124', NULL, 2, '2019-03-26 13:53:07', '2019-03-26 13:53:07'),
(1591, 11, '112.196.166.91', NULL, 1, '2019-03-26 14:22:34', '2019-03-26 14:22:34'),
(1592, 11, '112.196.166.91', NULL, 2, '2019-03-26 14:22:38', '2019-03-26 14:22:38'),
(1593, 13, '112.196.166.124', NULL, 1, '2019-03-26 14:30:24', '2019-03-26 14:30:24'),
(1594, 13, '112.196.166.124', NULL, 2, '2019-03-26 14:30:28', '2019-03-26 14:30:28'),
(1595, 7, '112.196.166.91', NULL, 1, '2019-03-26 14:31:40', '2019-03-26 14:31:40'),
(1596, 7, '112.196.166.91', NULL, 2, '2019-03-26 14:31:43', '2019-03-26 14:31:43'),
(1597, 4, '112.196.166.91', NULL, 1, '2019-03-26 14:32:59', '2019-03-26 14:32:59'),
(1598, 4, '112.196.166.91', NULL, 2, '2019-03-26 14:33:03', '2019-03-26 14:33:03'),
(1599, 25, '112.196.166.124', NULL, 1, '2019-03-26 14:33:18', '2019-03-26 14:33:18'),
(1600, 25, '112.196.166.124', NULL, 2, '2019-03-26 14:33:21', '2019-03-26 14:33:21'),
(1601, 16, '112.196.166.91', NULL, 1, '2019-03-26 14:33:51', '2019-03-26 14:33:51'),
(1602, 16, '112.196.166.91', NULL, 2, '2019-03-26 14:33:55', '2019-03-26 14:33:55'),
(1603, 26, '112.196.166.91', NULL, 1, '2019-03-26 14:34:17', '2019-03-26 14:34:17'),
(1604, 26, '112.196.166.91', NULL, 2, '2019-03-26 14:34:22', '2019-03-26 14:34:22'),
(1605, 8, '112.196.166.91', NULL, 1, '2019-03-26 14:35:04', '2019-03-26 14:35:04'),
(1606, 8, '112.196.166.91', NULL, 2, '2019-03-26 14:35:07', '2019-03-26 14:35:07'),
(1607, 2, '112.196.166.91', NULL, 1, '2019-03-26 14:36:13', '2019-03-26 14:36:13'),
(1608, 2, '112.196.166.91', NULL, 2, '2019-03-26 14:36:26', '2019-03-26 14:36:26'),
(1609, 2, '117.247.238.221', NULL, 1, '2019-03-26 14:43:18', '2019-03-26 14:43:18'),
(1610, 27, '112.196.166.124', NULL, 1, '2019-03-26 14:43:50', '2019-03-26 14:43:50'),
(1611, 27, '112.196.166.124', NULL, 2, '2019-03-26 14:43:55', '2019-03-26 14:43:55'),
(1612, 31, '112.196.166.124', NULL, 1, '2019-03-26 14:45:09', '2019-03-26 14:45:09'),
(1613, 12, '112.196.166.91', NULL, 1, '2019-03-26 14:45:28', '2019-03-26 14:45:28'),
(1614, 31, '112.196.166.124', NULL, 2, '2019-03-26 14:45:32', '2019-03-26 14:45:32'),
(1615, 12, '112.196.166.91', NULL, 2, '2019-03-26 14:45:41', '2019-03-26 14:45:41'),
(1616, 15, '112.196.166.91', NULL, 1, '2019-03-26 14:47:08', '2019-03-26 14:47:08'),
(1617, 15, '112.196.166.91', NULL, 2, '2019-03-26 14:47:12', '2019-03-26 14:47:12'),
(1618, 21, '112.196.166.91', NULL, 1, '2019-03-26 14:48:19', '2019-03-26 14:48:19'),
(1619, 21, '112.196.166.91', NULL, 2, '2019-03-26 14:48:24', '2019-03-26 14:48:24'),
(1620, 3, '112.196.166.91', NULL, 1, '2019-03-26 14:49:19', '2019-03-26 14:49:19'),
(1621, 3, '112.196.166.91', NULL, 2, '2019-03-26 14:49:33', '2019-03-26 14:49:33'),
(1622, 20, '112.196.166.91', NULL, 1, '2019-03-26 14:53:00', '2019-03-26 14:53:00'),
(1623, 20, '112.196.166.91', NULL, 2, '2019-03-26 14:53:04', '2019-03-26 14:53:04'),
(1624, 1, '117.247.238.221', NULL, 1, '2019-03-26 14:54:31', '2019-03-26 14:54:31'),
(1625, 20, '112.196.166.91', NULL, 1, '2019-03-26 14:54:56', '2019-03-26 14:54:56'),
(1626, 23, '112.196.166.91', NULL, 1, '2019-03-26 14:55:12', '2019-03-26 14:55:12'),
(1627, 23, '112.196.166.91', NULL, 2, '2019-03-26 14:55:15', '2019-03-26 14:55:15'),
(1628, 14, '112.196.166.124', NULL, 1, '2019-03-26 14:58:36', '2019-03-26 14:58:36'),
(1629, 14, '112.196.166.124', NULL, 2, '2019-03-26 14:58:43', '2019-03-26 14:58:43'),
(1630, 28, '112.196.166.91', NULL, 1, '2019-03-26 15:01:08', '2019-03-26 15:01:08'),
(1631, 28, '112.196.166.91', NULL, 2, '2019-03-26 15:01:11', '2019-03-26 15:01:11'),
(1632, 22, '112.196.166.91', NULL, 1, '2019-03-26 15:01:49', '2019-03-26 15:01:49'),
(1633, 22, '112.196.166.91', NULL, 2, '2019-03-26 15:02:09', '2019-03-26 15:02:09'),
(1634, 29, '117.247.238.221', NULL, 1, '2019-03-26 15:07:02', '2019-03-26 15:07:02'),
(1635, 24, '112.196.166.91', NULL, 1, '2019-03-26 15:08:18', '2019-03-26 15:08:18'),
(1636, 24, '112.196.166.91', NULL, 2, '2019-03-26 15:08:24', '2019-03-26 15:08:24'),
(1637, 29, '117.247.238.221', NULL, 2, '2019-03-26 15:09:12', '2019-03-26 15:09:12'),
(1638, 30, '112.196.166.91', NULL, 1, '2019-03-26 15:23:09', '2019-03-26 15:23:09'),
(1639, 30, '112.196.166.91', NULL, 2, '2019-03-26 15:23:13', '2019-03-26 15:23:13'),
(1640, 10, '112.196.166.91', NULL, 1, '2019-03-26 15:31:15', '2019-03-26 15:31:15'),
(1641, 10, '112.196.166.91', NULL, 2, '2019-03-26 15:31:20', '2019-03-26 15:31:20'),
(1642, 12, '112.196.166.91', NULL, 1, '2019-03-26 18:00:15', '2019-03-26 18:00:15'),
(1643, 8, '112.196.166.91', NULL, 1, '2019-03-26 23:58:35', '2019-03-26 23:58:35'),
(1644, 7, '112.196.166.91', NULL, 3, '2019-03-27 00:02:55', '2019-03-27 00:02:55'),
(1645, 4, '112.196.166.91', NULL, 3, '2019-03-27 00:06:11', '2019-03-27 00:06:11'),
(1646, 27, '112.196.166.124', NULL, 3, '2019-03-27 00:17:34', '2019-03-27 00:17:34'),
(1647, 17, '112.196.166.124', NULL, 3, '2019-03-27 00:20:56', '2019-03-27 00:20:56'),
(1648, 15, '112.196.166.91', NULL, 3, '2019-03-27 00:22:14', '2019-03-27 00:22:14'),
(1649, 13, '112.196.166.124', NULL, 1, '2019-03-27 00:22:16', '2019-03-27 00:22:16'),
(1650, 25, '112.196.166.124', NULL, 3, '2019-03-27 00:22:37', '2019-03-27 00:22:37'),
(1651, 31, '112.196.166.124', NULL, 3, '2019-03-27 00:22:43', '2019-03-27 00:22:43'),
(1652, 13, '112.196.166.124', NULL, 3, '2019-03-27 00:23:57', '2019-03-27 00:23:57'),
(1653, 12, '112.196.166.91', NULL, 3, '2019-03-27 00:24:21', '2019-03-27 00:24:21'),
(1654, 16, '112.196.166.34', NULL, 3, '2019-03-27 00:29:23', '2019-03-27 00:29:23'),
(1655, 28, '112.196.166.10', NULL, 3, '2019-03-27 00:30:07', '2019-03-27 00:30:07'),
(1656, 23, '112.196.166.91', NULL, 3, '2019-03-27 00:30:13', '2019-03-27 00:30:13'),
(1657, 14, '112.196.166.124', NULL, 3, '2019-03-27 00:31:02', '2019-03-27 00:31:02'),
(1658, 22, '112.196.166.91', NULL, 3, '2019-03-27 00:33:41', '2019-03-27 00:33:41'),
(1659, 2, '112.196.166.91', NULL, 3, '2019-03-27 00:37:45', '2019-03-27 00:37:45'),
(1660, 11, '112.196.166.91', NULL, 1, '2019-03-27 00:41:56', '2019-03-27 00:41:56'),
(1661, 26, '112.196.166.91', NULL, 3, '2019-03-27 00:42:41', '2019-03-27 00:42:41'),
(1662, 11, '112.196.166.91', NULL, 3, '2019-03-27 00:43:31', '2019-03-27 00:43:31'),
(1663, 3, '112.196.166.91', NULL, 1, '2019-03-27 00:46:32', '2019-03-27 00:46:32'),
(1664, 21, '112.196.166.91', NULL, 3, '2019-03-27 00:47:37', '2019-03-27 00:47:37'),
(1665, 3, '112.196.166.91', NULL, 3, '2019-03-27 00:47:56', '2019-03-27 00:47:56'),
(1666, 24, '112.196.166.91', NULL, 3, '2019-03-27 00:54:06', '2019-03-27 00:54:06'),
(1667, 29, '112.196.166.91', NULL, 3, '2019-03-27 00:59:40', '2019-03-27 00:59:40'),
(1668, 30, '112.196.166.91', NULL, 3, '2019-03-27 01:10:17', '2019-03-27 01:10:17'),
(1669, 18, '112.196.166.52', NULL, 1, '2019-03-27 14:01:52', '2019-03-27 14:01:52'),
(1670, 18, '112.196.166.52', NULL, 2, '2019-03-27 14:02:02', '2019-03-27 14:02:02'),
(1671, 17, '112.196.166.33', NULL, 1, '2019-03-27 14:13:45', '2019-03-27 14:13:45'),
(1672, 17, '112.196.166.33', NULL, 2, '2019-03-27 14:13:54', '2019-03-27 14:13:54'),
(1673, 15, '112.196.166.52', NULL, 1, '2019-03-27 14:20:50', '2019-03-27 14:20:50'),
(1674, 15, '112.196.166.52', NULL, 2, '2019-03-27 14:20:53', '2019-03-27 14:20:53'),
(1675, 5, '157.47.215.180', NULL, 1, '2019-03-27 14:22:49', '2019-03-27 14:22:49'),
(1676, 5, '157.47.215.180', NULL, 2, '2019-03-27 14:22:55', '2019-03-27 14:22:55'),
(1677, 7, '112.196.166.52', NULL, 1, '2019-03-27 14:27:27', '2019-03-27 14:27:27'),
(1678, 7, '112.196.166.52', NULL, 2, '2019-03-27 14:27:31', '2019-03-27 14:27:31'),
(1679, 25, '112.196.166.33', NULL, 1, '2019-03-27 14:28:21', '2019-03-27 14:28:21'),
(1680, 11, '112.196.166.52', NULL, 1, '2019-03-27 14:28:46', '2019-03-27 14:28:46'),
(1681, 11, '112.196.166.52', NULL, 2, '2019-03-27 14:28:49', '2019-03-27 14:28:49'),
(1682, 8, '112.196.166.52', NULL, 1, '2019-03-27 14:35:27', '2019-03-27 14:35:27'),
(1683, 8, '112.196.166.52', NULL, 2, '2019-03-27 14:35:32', '2019-03-27 14:35:32'),
(1684, 16, '112.196.166.52', NULL, 1, '2019-03-27 14:36:20', '2019-03-27 14:36:20'),
(1685, 16, '112.196.166.52', NULL, 1, '2019-03-27 14:36:26', '2019-03-27 14:36:26'),
(1686, 16, '112.196.166.52', NULL, 2, '2019-03-27 14:36:36', '2019-03-27 14:36:36'),
(1687, 2, '112.196.166.52', NULL, 1, '2019-03-27 14:38:12', '2019-03-27 14:38:12'),
(1688, 2, '64.233.173.56', NULL, 2, '2019-03-27 14:38:18', '2019-03-27 14:38:18'),
(1689, 13, '112.196.166.33', NULL, 1, '2019-03-27 14:38:21', '2019-03-27 14:38:21'),
(1690, 13, '112.196.166.33', NULL, 2, '2019-03-27 14:38:24', '2019-03-27 14:38:24'),
(1691, 25, '112.196.166.33', NULL, 2, '2019-03-27 14:39:35', '2019-03-27 14:39:35'),
(1692, 26, '112.196.166.52', NULL, 1, '2019-03-27 14:40:01', '2019-03-27 14:40:01'),
(1693, 26, '112.196.166.52', NULL, 2, '2019-03-27 14:40:06', '2019-03-27 14:40:06'),
(1694, 12, '112.196.166.52', NULL, 1, '2019-03-27 14:40:52', '2019-03-27 14:40:52'),
(1695, 12, '112.196.166.52', NULL, 2, '2019-03-27 14:40:56', '2019-03-27 14:40:56'),
(1696, 2, '112.196.166.52', NULL, 1, '2019-03-27 14:41:53', '2019-03-27 14:41:53'),
(1697, 31, '112.196.166.33', NULL, 1, '2019-03-27 14:51:24', '2019-03-27 14:51:24'),
(1698, 31, '112.196.166.33', NULL, 2, '2019-03-27 14:51:31', '2019-03-27 14:51:31'),
(1699, 20, '112.196.166.52', NULL, 1, '2019-03-27 14:57:53', '2019-03-27 14:57:53'),
(1700, 20, '112.196.166.52', NULL, 2, '2019-03-27 14:57:58', '2019-03-27 14:57:58'),
(1701, 31, '112.196.166.33', NULL, 1, '2019-03-27 14:58:19', '2019-03-27 14:58:19'),
(1702, 21, '112.196.166.52', NULL, 1, '2019-03-27 15:00:00', '2019-03-27 15:00:00'),
(1703, 21, '112.196.166.52', NULL, 2, '2019-03-27 15:00:06', '2019-03-27 15:00:06'),
(1704, 23, '112.196.166.52', NULL, 1, '2019-03-27 15:00:35', '2019-03-27 15:00:35'),
(1705, 23, '112.196.166.52', NULL, 2, '2019-03-27 15:00:41', '2019-03-27 15:00:41'),
(1706, 22, '112.196.166.52', NULL, 1, '2019-03-27 15:04:59', '2019-03-27 15:04:59'),
(1707, 28, '112.196.166.52', NULL, 1, '2019-03-27 15:07:52', '2019-03-27 15:07:52'),
(1708, 22, '112.196.166.52', NULL, 2, '2019-03-27 15:07:53', '2019-03-27 15:07:53'),
(1709, 28, '112.196.166.52', NULL, 2, '2019-03-27 15:07:56', '2019-03-27 15:07:56'),
(1710, 1, '112.196.166.52', NULL, 1, '2019-03-27 15:09:32', '2019-03-27 15:09:32'),
(1711, 14, '112.196.166.33', NULL, 1, '2019-03-27 15:11:49', '2019-03-27 15:11:49'),
(1712, 14, '112.196.166.33', NULL, 2, '2019-03-27 15:11:51', '2019-03-27 15:11:51'),
(1713, 24, '112.196.166.52', NULL, 1, '2019-03-27 15:14:43', '2019-03-27 15:14:43'),
(1714, 24, '112.196.166.52', NULL, 2, '2019-03-27 15:14:50', '2019-03-27 15:14:50'),
(1715, 29, '117.247.238.221', NULL, 1, '2019-03-27 15:21:16', '2019-03-27 15:21:16'),
(1716, 29, '117.247.238.221', NULL, 2, '2019-03-27 15:21:20', '2019-03-27 15:21:20'),
(1717, 10, '112.196.166.52', NULL, 1, '2019-03-27 15:32:18', '2019-03-27 15:32:18'),
(1718, 10, '112.196.166.52', NULL, 2, '2019-03-27 15:32:23', '2019-03-27 15:32:23'),
(1719, 30, '112.196.166.52', NULL, 1, '2019-03-27 15:46:03', '2019-03-27 15:46:03'),
(1720, 30, '112.196.166.52', NULL, 2, '2019-03-27 15:46:17', '2019-03-27 15:46:17'),
(1721, 23, '112.196.166.52', NULL, 1, '2019-03-27 19:34:11', '2019-03-27 19:34:11'),
(1722, 28, '112.196.166.52', NULL, 3, '2019-03-27 19:34:27', '2019-03-27 19:34:27'),
(1723, 23, '112.196.166.52', NULL, 3, '2019-03-27 19:36:30', '2019-03-27 19:36:30'),
(1724, 22, '112.196.166.52', NULL, 3, '2019-03-27 20:19:39', '2019-03-27 20:19:39'),
(1725, 1, '112.196.166.52', NULL, 1, '2019-03-27 20:41:40', '2019-03-27 20:41:40'),
(1726, 1, '112.196.166.52', NULL, 1, '2019-03-27 20:47:40', '2019-03-27 20:47:40'),
(1727, 32, '112.196.166.33', NULL, 1, '2019-03-27 21:21:56', '2019-03-27 21:21:56'),
(1728, 32, '112.196.166.33', NULL, 2, '2019-03-27 21:22:05', '2019-03-27 21:22:05'),
(1729, 2, '157.37.219.67', NULL, 3, '2019-03-27 21:29:56', '2019-03-27 21:29:56'),
(1730, 1, '112.196.166.33', NULL, 1, '2019-03-27 22:53:13', '2019-03-27 22:53:13'),
(1731, 11, '112.196.166.84', NULL, 1, '2019-03-27 23:38:04', '2019-03-27 23:38:04'),
(1732, 1, '112.196.166.52', NULL, 1, '2019-03-27 23:40:08', '2019-03-27 23:40:08'),
(1733, 8, '112.196.166.52', NULL, 1, '2019-03-27 23:40:20', '2019-03-27 23:40:20'),
(1734, 8, '112.196.166.52', NULL, 3, '2019-03-27 23:41:08', '2019-03-27 23:41:08'),
(1735, 15, '112.196.166.52', NULL, 3, '2019-03-28 00:00:40', '2019-03-28 00:00:40'),
(1736, 7, '112.196.166.52', NULL, 3, '2019-03-28 00:03:13', '2019-03-28 00:03:13'),
(1737, 11, '112.196.166.52', NULL, 3, '2019-03-28 00:03:49', '2019-03-28 00:03:49'),
(1738, 16, '112.196.166.52', NULL, 3, '2019-03-28 00:04:19', '2019-03-28 00:04:19'),
(1739, 5, '112.196.166.33', NULL, 3, '2019-03-28 00:05:34', '2019-03-28 00:05:34'),
(1740, 31, '112.196.166.33', NULL, 3, '2019-03-28 00:09:20', '2019-03-28 00:09:20'),
(1741, 25, '112.196.166.33', NULL, 1, '2019-03-28 00:20:00', '2019-03-28 00:20:00'),
(1742, 13, '112.196.166.33', NULL, 3, '2019-03-28 00:21:23', '2019-03-28 00:21:23'),
(1743, 17, '112.196.166.33', NULL, 3, '2019-03-28 00:21:29', '2019-03-28 00:21:29'),
(1744, 26, '112.196.166.52', NULL, 3, '2019-03-28 00:28:07', '2019-03-28 00:28:07'),
(1745, 12, '112.196.166.52', NULL, 3, '2019-03-28 00:29:54', '2019-03-28 00:29:54'),
(1746, 21, '112.196.166.52', NULL, 3, '2019-03-28 00:30:51', '2019-03-28 00:30:51'),
(1747, 20, '112.196.166.52', NULL, 3, '2019-03-28 00:30:58', '2019-03-28 00:30:58'),
(1748, 24, '112.196.166.52', NULL, 3, '2019-03-28 00:37:53', '2019-03-28 00:37:53'),
(1749, 14, '112.196.166.33', NULL, 3, '2019-03-28 00:48:02', '2019-03-28 00:48:02'),
(1750, 29, '117.247.238.221', NULL, 3, '2019-03-28 01:06:41', '2019-03-28 01:06:41'),
(1751, 30, '112.196.166.74', NULL, 3, '2019-03-28 01:12:18', '2019-03-28 01:12:18'),
(1752, 10, '112.196.166.52', NULL, 3, '2019-03-28 01:12:44', '2019-03-28 01:12:44'),
(1753, 32, '112.196.166.33', NULL, 3, '2019-03-28 01:22:58', '2019-03-28 01:22:58'),
(1754, 18, '112.196.166.11', NULL, 1, '2019-03-28 13:53:25', '2019-03-28 13:53:25'),
(1755, 18, '112.196.166.11', NULL, 2, '2019-03-28 13:53:29', '2019-03-28 13:53:29'),
(1756, 17, '112.196.166.16', NULL, 1, '2019-03-28 14:19:13', '2019-03-28 14:19:13'),
(1757, 5, '157.47.192.120', NULL, 1, '2019-03-28 14:19:36', '2019-03-28 14:19:36'),
(1758, 17, '112.196.166.16', NULL, 2, '2019-03-28 14:19:40', '2019-03-28 14:19:40'),
(1759, 5, '157.47.192.120', NULL, 2, '2019-03-28 14:19:45', '2019-03-28 14:19:45'),
(1760, 7, '112.196.166.11', NULL, 1, '2019-03-28 14:26:57', '2019-03-28 14:26:57'),
(1761, 7, '112.196.166.11', NULL, 2, '2019-03-28 14:27:02', '2019-03-28 14:27:02'),
(1762, 11, '112.196.166.11', NULL, 1, '2019-03-28 14:28:36', '2019-03-28 14:28:36'),
(1763, 11, '112.196.166.11', NULL, 2, '2019-03-28 14:28:39', '2019-03-28 14:28:39'),
(1764, 4, '112.196.166.11', NULL, 1, '2019-03-28 14:29:00', '2019-03-28 14:29:00'),
(1765, 4, '112.196.166.11', NULL, 2, '2019-03-28 14:29:09', '2019-03-28 14:29:09'),
(1766, 26, '112.196.166.11', NULL, 1, '2019-03-28 14:32:00', '2019-03-28 14:32:00'),
(1767, 26, '112.196.166.11', NULL, 2, '2019-03-28 14:32:10', '2019-03-28 14:32:10'),
(1768, 13, '112.196.166.16', NULL, 1, '2019-03-28 14:33:05', '2019-03-28 14:33:05'),
(1769, 13, '112.196.166.16', NULL, 2, '2019-03-28 14:33:12', '2019-03-28 14:33:12'),
(1770, 15, '112.196.166.11', NULL, 1, '2019-03-28 14:34:11', '2019-03-28 14:34:11'),
(1771, 15, '112.196.166.11', NULL, 2, '2019-03-28 14:34:15', '2019-03-28 14:34:15'),
(1772, 25, '112.196.166.16', NULL, 1, '2019-03-28 14:35:33', '2019-03-28 14:35:33'),
(1773, 25, '112.196.166.16', NULL, 2, '2019-03-28 14:35:43', '2019-03-28 14:35:43'),
(1774, 8, '112.196.166.11', NULL, 1, '2019-03-28 14:37:09', '2019-03-28 14:37:09'),
(1775, 8, '112.196.166.11', NULL, 2, '2019-03-28 14:37:12', '2019-03-28 14:37:12'),
(1776, 2, '157.37.151.94', NULL, 1, '2019-03-28 14:38:03', '2019-03-28 14:38:03'),
(1777, 16, '112.196.166.11', NULL, 1, '2019-03-28 14:38:13', '2019-03-28 14:38:13'),
(1778, 16, '112.196.166.11', NULL, 2, '2019-03-28 14:38:16', '2019-03-28 14:38:16'),
(1779, 2, '66.249.88.2', NULL, 2, '2019-03-28 14:40:13', '2019-03-28 14:40:13'),
(1780, 12, '112.196.166.11', NULL, 1, '2019-03-28 14:43:11', '2019-03-28 14:43:11'),
(1781, 12, '112.196.166.11', NULL, 2, '2019-03-28 14:43:17', '2019-03-28 14:43:17'),
(1782, 31, '112.196.166.16', NULL, 1, '2019-03-28 14:43:48', '2019-03-28 14:43:48'),
(1783, 31, '112.196.166.16', NULL, 2, '2019-03-28 14:43:52', '2019-03-28 14:43:52'),
(1784, 21, '112.196.166.11', NULL, 1, '2019-03-28 14:47:50', '2019-03-28 14:47:50'),
(1785, 21, '112.196.166.11', NULL, 2, '2019-03-28 14:47:54', '2019-03-28 14:47:54'),
(1786, 1, '117.247.238.221', NULL, 1, '2019-03-28 14:49:31', '2019-03-28 14:49:31'),
(1787, 8, '112.196.166.11', NULL, 1, '2019-03-28 14:59:25', '2019-03-28 14:59:25'),
(1788, 12, '112.196.166.11', NULL, 1, '2019-03-28 15:01:08', '2019-03-28 15:01:08'),
(1789, 23, '112.196.166.11', NULL, 1, '2019-03-28 15:06:39', '2019-03-28 15:06:39'),
(1790, 23, '112.196.166.11', NULL, 2, '2019-03-28 15:07:04', '2019-03-28 15:07:04'),
(1791, 4, '112.196.166.11', NULL, 1, '2019-03-28 15:07:23', '2019-03-28 15:07:23'),
(1792, 28, '112.196.166.11', NULL, 1, '2019-03-28 15:08:02', '2019-03-28 15:08:02'),
(1793, 28, '112.196.166.11', NULL, 2, '2019-03-28 15:08:07', '2019-03-28 15:08:07'),
(1794, 30, '112.196.166.11', NULL, 1, '2019-03-28 15:08:28', '2019-03-28 15:08:28'),
(1795, 30, '112.196.166.11', NULL, 2, '2019-03-28 15:08:33', '2019-03-28 15:08:33'),
(1796, 14, '112.196.166.16', NULL, 1, '2019-03-28 15:11:20', '2019-03-28 15:11:20'),
(1797, 14, '112.196.166.16', NULL, 2, '2019-03-28 15:11:23', '2019-03-28 15:11:23'),
(1798, 29, '117.247.238.221', NULL, 1, '2019-03-28 15:31:05', '2019-03-28 15:31:05'),
(1799, 22, '112.196.166.11', NULL, 1, '2019-03-28 15:31:39', '2019-03-28 15:31:39'),
(1800, 29, '117.247.238.221', NULL, 2, '2019-03-28 15:31:42', '2019-03-28 15:31:42'),
(1801, 22, '112.196.166.11', NULL, 2, '2019-03-28 15:31:42', '2019-03-28 15:31:42'),
(1802, 10, '112.196.166.104', NULL, 1, '2019-03-28 15:32:44', '2019-03-28 15:32:44'),
(1803, 10, '112.196.166.11', NULL, 2, '2019-03-28 15:32:48', '2019-03-28 15:32:48'),
(1804, 32, '112.196.166.16', NULL, 1, '2019-03-28 15:47:14', '2019-03-28 15:47:14'),
(1805, 32, '112.196.166.16', NULL, 2, '2019-03-28 15:47:19', '2019-03-28 15:47:19'),
(1806, 9, '112.196.166.11', NULL, 1, '2019-03-28 16:16:17', '2019-03-28 16:16:17'),
(1807, 9, '112.196.166.11', NULL, 2, '2019-03-28 16:16:32', '2019-03-28 16:16:32'),
(1808, 27, '112.196.166.16', NULL, 1, '2019-03-28 16:22:43', '2019-03-28 16:22:43'),
(1809, 27, '112.196.166.16', NULL, 2, '2019-03-28 16:22:48', '2019-03-28 16:22:48'),
(1810, 9, '117.247.238.221', NULL, 1, '2019-03-28 17:13:12', '2019-03-28 17:13:12'),
(1811, 11, '112.196.166.11', NULL, 3, '2019-03-28 23:07:35', '2019-03-28 23:07:35'),
(1812, 8, '112.196.166.82', NULL, 1, '2019-03-28 23:33:03', '2019-03-28 23:33:03'),
(1813, 8, '112.196.166.11', NULL, 3, '2019-03-28 23:39:18', '2019-03-28 23:39:18'),
(1814, 17, '112.196.166.16', NULL, 3, '2019-03-28 23:53:35', '2019-03-28 23:53:35'),
(1815, 31, '112.196.166.16', NULL, 1, '2019-03-28 23:54:21', '2019-03-28 23:54:21');
INSERT INTO `logs` (`log_id`, `admin_id`, `ip_address`, `mac_address`, `work_type`, `created_at`, `updated_at`) VALUES
(1816, 4, '112.196.166.11', NULL, 1, '2019-03-28 23:54:29', '2019-03-28 23:54:29'),
(1817, 18, '112.196.166.11', NULL, 1, '2019-03-29 00:00:09', '2019-03-29 00:00:09'),
(1818, 13, '112.196.166.16', NULL, 1, '2019-03-29 00:01:12', '2019-03-29 00:01:12'),
(1819, 16, '112.196.166.11', NULL, 3, '2019-03-29 00:01:16', '2019-03-29 00:01:16'),
(1820, 31, '112.196.166.16', NULL, 3, '2019-03-29 00:01:42', '2019-03-29 00:01:42'),
(1821, 15, '112.196.166.27', NULL, 3, '2019-03-29 00:02:15', '2019-03-29 00:02:15'),
(1822, 13, '112.196.166.16', NULL, 3, '2019-03-29 00:02:17', '2019-03-29 00:02:17'),
(1823, 12, '112.196.166.11', NULL, 1, '2019-03-29 00:06:34', '2019-03-29 00:06:34'),
(1824, 12, '112.196.166.11', NULL, 3, '2019-03-29 00:08:39', '2019-03-29 00:08:39'),
(1825, 4, '112.196.166.11', NULL, 3, '2019-03-29 00:12:19', '2019-03-29 00:12:19'),
(1826, 7, '112.196.166.11', NULL, 3, '2019-03-29 00:12:20', '2019-03-29 00:12:20'),
(1827, 5, '112.196.166.16', NULL, 3, '2019-03-29 00:15:14', '2019-03-29 00:15:14'),
(1828, 23, '112.196.166.11', NULL, 1, '2019-03-29 00:20:45', '2019-03-29 00:20:45'),
(1829, 9, '117.247.238.221', NULL, 3, '2019-03-29 00:23:51', '2019-03-29 00:23:51'),
(1830, 2, '112.196.166.11', NULL, 1, '2019-03-29 00:26:05', '2019-03-29 00:26:05'),
(1831, 2, '112.196.166.11', NULL, 3, '2019-03-29 00:26:19', '2019-03-29 00:26:19'),
(1832, 22, '112.196.166.11', NULL, 3, '2019-03-29 00:30:17', '2019-03-29 00:30:17'),
(1833, 21, '112.196.166.11', NULL, 3, '2019-03-29 00:30:28', '2019-03-29 00:30:28'),
(1834, 23, '112.196.166.11', NULL, 3, '2019-03-29 00:32:17', '2019-03-29 00:32:17'),
(1835, 32, '112.196.166.67', NULL, 3, '2019-03-29 00:32:28', '2019-03-29 00:32:28'),
(1836, 27, '112.196.166.16', NULL, 3, '2019-03-29 00:34:57', '2019-03-29 00:34:57'),
(1837, 28, '112.196.166.11', NULL, 3, '2019-03-29 00:38:25', '2019-03-29 00:38:25'),
(1838, 14, '112.196.166.16', NULL, 3, '2019-03-29 00:41:15', '2019-03-29 00:41:15'),
(1839, 26, '112.196.166.11', NULL, 3, '2019-03-29 00:48:15', '2019-03-29 00:48:15'),
(1840, 29, '117.247.238.221', NULL, 3, '2019-03-29 00:59:27', '2019-03-29 00:59:27'),
(1841, 30, '112.196.166.11', NULL, 3, '2019-03-29 01:02:04', '2019-03-29 01:02:04'),
(1842, 10, '112.196.166.11', NULL, 3, '2019-03-29 01:03:18', '2019-03-29 01:03:18'),
(1843, 18, '112.196.166.66', NULL, 1, '2019-03-29 13:38:26', '2019-03-29 13:38:26'),
(1844, 18, '112.196.166.66', NULL, 2, '2019-03-29 13:38:29', '2019-03-29 13:38:29'),
(1845, 5, '157.47.161.102', NULL, 1, '2019-03-29 14:14:52', '2019-03-29 14:14:52'),
(1846, 5, '157.47.161.102', NULL, 1, '2019-03-29 14:14:52', '2019-03-29 14:14:52'),
(1847, 5, '157.47.161.102', NULL, 2, '2019-03-29 14:15:00', '2019-03-29 14:15:00'),
(1848, 17, '112.196.166.57', NULL, 1, '2019-03-29 14:19:42', '2019-03-29 14:19:42'),
(1849, 17, '112.196.166.57', NULL, 2, '2019-03-29 14:19:59', '2019-03-29 14:19:59'),
(1850, 15, '112.196.166.66', NULL, 1, '2019-03-29 14:25:40', '2019-03-29 14:25:40'),
(1851, 15, '112.196.166.66', NULL, 2, '2019-03-29 14:25:44', '2019-03-29 14:25:44'),
(1852, 7, '112.196.166.66', NULL, 1, '2019-03-29 14:27:10', '2019-03-29 14:27:10'),
(1853, 7, '112.196.166.66', NULL, 2, '2019-03-29 14:27:14', '2019-03-29 14:27:14'),
(1854, 4, '112.196.166.66', NULL, 1, '2019-03-29 14:28:22', '2019-03-29 14:28:22'),
(1855, 4, '112.196.166.66', NULL, 2, '2019-03-29 14:28:26', '2019-03-29 14:28:26'),
(1856, 11, '112.196.166.66', NULL, 1, '2019-03-29 14:29:56', '2019-03-29 14:29:56'),
(1857, 11, '112.196.166.66', NULL, 2, '2019-03-29 14:30:08', '2019-03-29 14:30:08'),
(1858, 12, '112.196.166.66', NULL, 1, '2019-03-29 14:31:05', '2019-03-29 14:31:05'),
(1859, 12, '112.196.166.66', NULL, 2, '2019-03-29 14:31:10', '2019-03-29 14:31:10'),
(1860, 31, '112.196.166.57', NULL, 1, '2019-03-29 14:36:57', '2019-03-29 14:36:57'),
(1861, 31, '112.196.166.57', NULL, 2, '2019-03-29 14:37:06', '2019-03-29 14:37:06'),
(1862, 8, '112.196.166.66', NULL, 1, '2019-03-29 14:37:12', '2019-03-29 14:37:12'),
(1863, 8, '112.196.166.66', NULL, 2, '2019-03-29 14:37:15', '2019-03-29 14:37:15'),
(1864, 16, '112.196.166.66', NULL, 1, '2019-03-29 14:37:25', '2019-03-29 14:37:25'),
(1865, 16, '112.196.166.66', NULL, 2, '2019-03-29 14:37:28', '2019-03-29 14:37:28'),
(1866, 26, '112.196.166.66', NULL, 1, '2019-03-29 14:37:42', '2019-03-29 14:37:42'),
(1867, 26, '112.196.166.66', NULL, 2, '2019-03-29 14:37:47', '2019-03-29 14:37:47'),
(1868, 9, '112.196.166.66', NULL, 1, '2019-03-29 14:39:14', '2019-03-29 14:39:14'),
(1869, 9, '112.196.166.66', NULL, 2, '2019-03-29 14:39:25', '2019-03-29 14:39:25'),
(1870, 2, '112.196.166.66', NULL, 1, '2019-03-29 14:39:52', '2019-03-29 14:39:52'),
(1871, 2, '64.233.173.52', NULL, 2, '2019-03-29 14:39:57', '2019-03-29 14:39:57'),
(1872, 1, '112.196.166.66', NULL, 1, '2019-03-29 14:47:43', '2019-03-29 14:47:43'),
(1873, 2, '112.196.166.66', NULL, 1, '2019-03-29 14:51:31', '2019-03-29 14:51:31'),
(1874, 9, '112.196.166.66', NULL, 1, '2019-03-29 14:52:14', '2019-03-29 14:52:14'),
(1875, 27, '112.196.166.57', NULL, 1, '2019-03-29 14:53:24', '2019-03-29 14:53:24'),
(1876, 27, '112.196.166.57', NULL, 2, '2019-03-29 14:53:27', '2019-03-29 14:53:27'),
(1877, 25, '112.196.166.57', NULL, 1, '2019-03-29 14:55:58', '2019-03-29 14:55:58'),
(1878, 25, '112.196.166.57', NULL, 2, '2019-03-29 14:56:02', '2019-03-29 14:56:02'),
(1879, 20, '112.196.166.66', NULL, 1, '2019-03-29 15:00:06', '2019-03-29 15:00:06'),
(1880, 20, '112.196.166.66', NULL, 2, '2019-03-29 15:00:19', '2019-03-29 15:00:19'),
(1881, 28, '112.196.166.66', NULL, 1, '2019-03-29 15:04:39', '2019-03-29 15:04:39'),
(1882, 28, '112.196.166.66', NULL, 2, '2019-03-29 15:04:46', '2019-03-29 15:04:46'),
(1883, 14, '112.196.166.57', NULL, 1, '2019-03-29 15:08:04', '2019-03-29 15:08:04'),
(1884, 14, '112.196.166.57', NULL, 2, '2019-03-29 15:08:08', '2019-03-29 15:08:08'),
(1885, 22, '112.196.166.66', NULL, 1, '2019-03-29 15:08:17', '2019-03-29 15:08:17'),
(1886, 23, '112.196.166.66', NULL, 1, '2019-03-29 15:08:17', '2019-03-29 15:08:17'),
(1887, 22, '112.196.166.66', NULL, 2, '2019-03-29 15:08:21', '2019-03-29 15:08:21'),
(1888, 23, '112.196.166.66', NULL, 2, '2019-03-29 15:08:27', '2019-03-29 15:08:27'),
(1889, 21, '112.196.166.66', NULL, 1, '2019-03-29 15:10:00', '2019-03-29 15:10:00'),
(1890, 21, '112.196.166.66', NULL, 2, '2019-03-29 15:10:08', '2019-03-29 15:10:08'),
(1891, 24, '112.196.166.66', NULL, 1, '2019-03-29 15:21:21', '2019-03-29 15:21:21'),
(1892, 24, '112.196.166.66', NULL, 2, '2019-03-29 15:21:24', '2019-03-29 15:21:24'),
(1893, 29, '117.247.238.221', NULL, 1, '2019-03-29 15:21:27', '2019-03-29 15:21:27'),
(1894, 29, '117.247.238.221', NULL, 2, '2019-03-29 15:21:46', '2019-03-29 15:21:46'),
(1895, 13, '112.196.166.57', NULL, 1, '2019-03-29 15:21:58', '2019-03-29 15:21:58'),
(1896, 13, '112.196.166.57', NULL, 2, '2019-03-29 15:22:07', '2019-03-29 15:22:07'),
(1897, 3, '112.196.166.66', NULL, 1, '2019-03-29 15:27:00', '2019-03-29 15:27:00'),
(1898, 3, '112.196.166.66', NULL, 2, '2019-03-29 15:27:10', '2019-03-29 15:27:10'),
(1899, 30, '112.196.166.66', NULL, 1, '2019-03-29 15:28:31', '2019-03-29 15:28:31'),
(1900, 30, '112.196.166.66', NULL, 2, '2019-03-29 15:28:40', '2019-03-29 15:28:40'),
(1901, 10, '112.196.166.66', NULL, 1, '2019-03-29 15:40:19', '2019-03-29 15:40:19'),
(1902, 10, '112.196.166.66', NULL, 2, '2019-03-29 15:40:23', '2019-03-29 15:40:23'),
(1903, 32, '112.196.166.57', NULL, 1, '2019-03-29 16:11:16', '2019-03-29 16:11:16'),
(1904, 32, '112.196.166.57', NULL, 2, '2019-03-29 16:12:10', '2019-03-29 16:12:10'),
(1905, 1, '117.247.238.221', NULL, 1, '2019-03-29 18:58:55', '2019-03-29 18:58:55'),
(1906, 4, '117.247.238.221', NULL, 1, '2019-03-29 23:15:20', '2019-03-29 23:15:20'),
(1907, 8, '112.196.166.66', NULL, 1, '2019-03-30 00:02:01', '2019-03-30 00:02:01'),
(1908, 8, '112.196.166.66', NULL, 3, '2019-03-30 00:02:44', '2019-03-30 00:02:44'),
(1909, 5, '112.196.166.57', NULL, 3, '2019-03-30 00:03:12', '2019-03-30 00:03:12'),
(1910, 27, '112.196.166.57', NULL, 3, '2019-03-30 00:05:46', '2019-03-30 00:05:46'),
(1911, 11, '112.196.166.66', NULL, 3, '2019-03-30 00:07:36', '2019-03-30 00:07:36'),
(1912, 2, '112.196.166.66', NULL, 3, '2019-03-30 00:10:08', '2019-03-30 00:10:08'),
(1913, 7, '112.196.166.66', NULL, 3, '2019-03-30 00:14:27', '2019-03-30 00:14:27'),
(1914, 4, '112.196.166.66', NULL, 3, '2019-03-30 00:15:01', '2019-03-30 00:15:01'),
(1915, 17, '112.196.166.57', NULL, 3, '2019-03-30 00:15:08', '2019-03-30 00:15:08'),
(1916, 32, '112.196.166.57', NULL, 1, '2019-03-30 00:18:38', '2019-03-30 00:18:38'),
(1917, 31, '112.196.166.57', NULL, 1, '2019-03-30 00:25:17', '2019-03-30 00:25:17'),
(1918, 31, '112.196.166.57', NULL, 3, '2019-03-30 00:25:49', '2019-03-30 00:25:49'),
(1919, 26, '112.196.166.66', NULL, 3, '2019-03-30 00:28:38', '2019-03-30 00:28:38'),
(1920, 15, '112.196.166.66', NULL, 3, '2019-03-30 00:28:39', '2019-03-30 00:28:39'),
(1921, 22, '112.196.166.66', NULL, 3, '2019-03-30 00:30:08', '2019-03-30 00:30:08'),
(1922, 16, '112.196.166.66', NULL, 3, '2019-03-30 00:33:24', '2019-03-30 00:33:24'),
(1923, 21, '112.196.166.66', NULL, 3, '2019-03-30 00:34:39', '2019-03-30 00:34:39'),
(1924, 28, '112.196.166.66', NULL, 3, '2019-03-30 00:39:01', '2019-03-30 00:39:01'),
(1925, 3, '112.196.166.66', NULL, 3, '2019-03-30 00:39:10', '2019-03-30 00:39:10'),
(1926, 9, '117.247.238.221', NULL, 3, '2019-03-30 00:40:33', '2019-03-30 00:40:33'),
(1927, 23, '112.196.166.66', NULL, 3, '2019-03-30 00:40:57', '2019-03-30 00:40:57'),
(1928, 12, '112.196.166.66', NULL, 1, '2019-03-30 00:48:16', '2019-03-30 00:48:16'),
(1929, 12, '112.196.166.66', NULL, 3, '2019-03-30 00:48:59', '2019-03-30 00:48:59'),
(1930, 14, '112.196.166.57', NULL, 3, '2019-03-30 00:56:31', '2019-03-30 00:56:31'),
(1931, 29, '117.247.238.221', NULL, 3, '2019-03-30 01:00:14', '2019-03-30 01:00:14'),
(1932, 24, '112.196.166.66', NULL, 3, '2019-03-30 01:02:08', '2019-03-30 01:02:08'),
(1933, 25, '112.196.166.57', NULL, 3, '2019-03-30 01:04:26', '2019-03-30 01:04:26'),
(1934, 13, '112.196.166.57', NULL, 1, '2019-03-30 01:04:32', '2019-03-30 01:04:32'),
(1935, 32, '112.196.166.54', NULL, 3, '2019-03-30 01:05:23', '2019-03-30 01:05:23'),
(1936, 13, '112.196.166.57', NULL, 3, '2019-03-30 01:05:35', '2019-03-30 01:05:35'),
(1937, 30, '112.196.166.66', NULL, 3, '2019-03-30 01:32:13', '2019-03-30 01:32:13'),
(1938, 5, '112.196.166.125', NULL, 1, '2019-03-30 14:08:09', '2019-03-30 14:08:09'),
(1939, 17, '112.196.166.125', NULL, 1, '2019-03-30 14:08:11', '2019-03-30 14:08:11'),
(1940, 17, '112.196.166.125', NULL, 2, '2019-03-30 14:08:15', '2019-03-30 14:08:15'),
(1941, 5, '112.196.166.125', NULL, 2, '2019-03-30 14:08:18', '2019-03-30 14:08:18'),
(1942, 18, '112.196.166.127', NULL, 1, '2019-03-30 14:09:47', '2019-03-30 14:09:47'),
(1943, 18, '112.196.166.127', NULL, 2, '2019-03-30 14:09:51', '2019-03-30 14:09:51'),
(1944, 7, '112.196.166.127', NULL, 1, '2019-03-30 14:26:53', '2019-03-30 14:26:53'),
(1945, 7, '112.196.166.127', NULL, 2, '2019-03-30 14:26:57', '2019-03-30 14:26:57'),
(1946, 4, '112.196.166.127', NULL, 1, '2019-03-30 14:27:58', '2019-03-30 14:27:58'),
(1947, 4, '112.196.166.127', NULL, 2, '2019-03-30 14:28:02', '2019-03-30 14:28:02'),
(1948, 8, '112.196.166.127', NULL, 1, '2019-03-30 14:30:28', '2019-03-30 14:30:28'),
(1949, 8, '112.196.166.127', NULL, 2, '2019-03-30 14:30:31', '2019-03-30 14:30:31'),
(1950, 12, '112.196.166.127', NULL, 1, '2019-03-30 14:31:03', '2019-03-30 14:31:03'),
(1951, 12, '112.196.166.127', NULL, 2, '2019-03-30 14:31:06', '2019-03-30 14:31:06'),
(1952, 13, '112.196.166.125', NULL, 1, '2019-03-30 14:31:28', '2019-03-30 14:31:28'),
(1953, 13, '112.196.166.125', NULL, 2, '2019-03-30 14:31:31', '2019-03-30 14:31:31'),
(1954, 26, '112.196.166.127', NULL, 1, '2019-03-30 14:33:52', '2019-03-30 14:33:52'),
(1955, 26, '112.196.166.127', NULL, 2, '2019-03-30 14:33:57', '2019-03-30 14:33:57'),
(1956, 15, '112.196.166.127', NULL, 1, '2019-03-30 14:36:13', '2019-03-30 14:36:13'),
(1957, 15, '112.196.166.127', NULL, 2, '2019-03-30 14:36:16', '2019-03-30 14:36:16'),
(1958, 12, '112.196.166.127', NULL, 1, '2019-03-30 14:37:29', '2019-03-30 14:37:29'),
(1959, 25, '112.196.166.125', NULL, 1, '2019-03-30 14:38:34', '2019-03-30 14:38:34'),
(1960, 9, '112.196.166.127', NULL, 1, '2019-03-30 14:38:35', '2019-03-30 14:38:35'),
(1961, 25, '112.196.166.125', NULL, 2, '2019-03-30 14:38:37', '2019-03-30 14:38:37'),
(1962, 31, '112.196.166.125', NULL, 1, '2019-03-30 14:38:43', '2019-03-30 14:38:43'),
(1963, 31, '112.196.166.125', NULL, 2, '2019-03-30 14:38:51', '2019-03-30 14:38:51'),
(1964, 12, '112.196.166.127', NULL, 1, '2019-03-30 14:39:26', '2019-03-30 14:39:26'),
(1965, 16, '112.196.166.127', NULL, 1, '2019-03-30 14:39:30', '2019-03-30 14:39:30'),
(1966, 16, '112.196.166.127', NULL, 2, '2019-03-30 14:39:37', '2019-03-30 14:39:37'),
(1967, 9, '117.247.238.221', NULL, 2, '2019-03-30 14:39:48', '2019-03-30 14:39:48'),
(1968, 2, '112.196.166.127', NULL, 1, '2019-03-30 14:42:38', '2019-03-30 14:42:38'),
(1969, 2, '64.233.173.54', NULL, 2, '2019-03-30 14:42:44', '2019-03-30 14:42:44'),
(1970, 2, '112.196.166.127', NULL, 1, '2019-03-30 14:43:59', '2019-03-30 14:43:59'),
(1971, 1, '112.196.166.127', NULL, 1, '2019-03-30 14:44:18', '2019-03-30 14:44:18'),
(1972, 9, '117.247.238.221', NULL, 1, '2019-03-30 14:45:36', '2019-03-30 14:45:36'),
(1973, 27, '112.196.166.125', NULL, 1, '2019-03-30 14:49:01', '2019-03-30 14:49:01'),
(1974, 27, '112.196.166.125', NULL, 2, '2019-03-30 14:49:08', '2019-03-30 14:49:08'),
(1975, 21, '112.196.166.127', NULL, 1, '2019-03-30 14:55:12', '2019-03-30 14:55:12'),
(1976, 21, '112.196.166.127', NULL, 2, '2019-03-30 14:55:15', '2019-03-30 14:55:15'),
(1977, 20, '112.196.166.127', NULL, 1, '2019-03-30 14:55:51', '2019-03-30 14:55:51'),
(1978, 20, '112.196.166.127', NULL, 2, '2019-03-30 14:55:55', '2019-03-30 14:55:55'),
(1979, 14, '112.196.166.125', NULL, 1, '2019-03-30 14:56:48', '2019-03-30 14:56:48'),
(1980, 14, '112.196.166.125', NULL, 2, '2019-03-30 14:56:51', '2019-03-30 14:56:51'),
(1981, 23, '112.196.166.127', NULL, 1, '2019-03-30 14:59:35', '2019-03-30 14:59:35'),
(1982, 23, '112.196.166.127', NULL, 2, '2019-03-30 14:59:49', '2019-03-30 14:59:49'),
(1983, 28, '112.196.166.127', NULL, 1, '2019-03-30 15:01:57', '2019-03-30 15:01:57'),
(1984, 28, '112.196.166.127', NULL, 2, '2019-03-30 15:02:04', '2019-03-30 15:02:04'),
(1985, 22, '112.196.166.127', NULL, 1, '2019-03-30 15:03:48', '2019-03-30 15:03:48'),
(1986, 22, '112.196.166.127', NULL, 2, '2019-03-30 15:03:53', '2019-03-30 15:03:53'),
(1987, 3, '112.196.166.127', NULL, 1, '2019-03-30 15:04:35', '2019-03-30 15:04:35'),
(1988, 3, '112.196.166.127', NULL, 2, '2019-03-30 15:04:47', '2019-03-30 15:04:47'),
(1989, 29, '117.247.238.221', NULL, 1, '2019-03-30 15:12:30', '2019-03-30 15:12:30'),
(1990, 29, '117.247.238.221', NULL, 1, '2019-03-30 15:12:54', '2019-03-30 15:12:54'),
(1991, 29, '117.247.238.221', NULL, 2, '2019-03-30 15:13:05', '2019-03-30 15:13:05'),
(1992, 24, '112.196.166.127', NULL, 1, '2019-03-30 15:13:59', '2019-03-30 15:13:59'),
(1993, 24, '112.196.166.127', NULL, 2, '2019-03-30 15:14:06', '2019-03-30 15:14:06'),
(1994, 10, '112.196.166.127', NULL, 1, '2019-03-30 15:29:50', '2019-03-30 15:29:50'),
(1995, 10, '112.196.166.127', NULL, 2, '2019-03-30 15:29:55', '2019-03-30 15:29:55'),
(1996, 30, '112.196.166.127', NULL, 1, '2019-03-30 15:30:27', '2019-03-30 15:30:27'),
(1997, 30, '112.196.166.127', NULL, 2, '2019-03-30 15:30:31', '2019-03-30 15:30:31'),
(1998, 32, '112.196.166.125', NULL, 1, '2019-03-30 16:51:36', '2019-03-30 16:51:36'),
(1999, 32, '112.196.166.125', NULL, 2, '2019-03-30 16:51:40', '2019-03-30 16:51:40'),
(2000, 31, '112.196.166.125', NULL, 1, '2019-03-30 16:59:57', '2019-03-30 16:59:57'),
(2001, 31, '112.196.166.125', NULL, 3, '2019-03-30 23:07:32', '2019-03-30 23:07:32'),
(2002, 7, '112.196.166.127', NULL, 3, '2019-03-31 00:00:40', '2019-03-31 00:00:40'),
(2003, 4, '112.196.166.127', NULL, 3, '2019-03-31 00:00:46', '2019-03-31 00:00:46'),
(2004, 8, '112.196.166.127', NULL, 1, '2019-03-31 00:02:12', '2019-03-31 00:02:12'),
(2005, 8, '112.196.166.127', NULL, 3, '2019-03-31 00:02:46', '2019-03-31 00:02:46'),
(2006, 16, '112.196.166.127', NULL, 3, '2019-03-31 00:09:37', '2019-03-31 00:09:37'),
(2007, 15, '112.196.166.127', NULL, 3, '2019-03-31 00:10:43', '2019-03-31 00:10:43'),
(2008, 17, '112.196.166.125', NULL, 3, '2019-03-31 00:16:52', '2019-03-31 00:16:52'),
(2009, 21, '112.196.166.127', NULL, 3, '2019-03-31 00:34:14', '2019-03-31 00:34:14'),
(2010, 22, '112.196.166.127', NULL, 3, '2019-03-31 00:34:28', '2019-03-31 00:34:28'),
(2011, 3, '112.196.166.127', NULL, 3, '2019-03-31 00:37:16', '2019-03-31 00:37:16'),
(2012, 20, '112.196.166.127', NULL, 3, '2019-03-31 00:39:02', '2019-03-31 00:39:02'),
(2013, 9, '112.196.166.127', NULL, 3, '2019-03-31 00:42:16', '2019-03-31 00:42:16'),
(2014, 26, '112.196.166.127', NULL, 3, '2019-03-31 00:45:21', '2019-03-31 00:45:21'),
(2015, 23, '112.196.166.127', NULL, 3, '2019-03-31 00:46:45', '2019-03-31 00:46:45'),
(2016, 28, '112.196.166.127', NULL, 3, '2019-03-31 00:46:55', '2019-03-31 00:46:55'),
(2017, 27, '112.196.166.125', NULL, 3, '2019-03-31 00:51:31', '2019-03-31 00:51:31'),
(2018, 12, '112.196.166.127', NULL, 1, '2019-03-31 00:51:32', '2019-03-31 00:51:32'),
(2019, 12, '112.196.166.127', NULL, 3, '2019-03-31 00:52:11', '2019-03-31 00:52:11'),
(2020, 32, '112.196.166.125', NULL, 3, '2019-03-31 00:57:17', '2019-03-31 00:57:17'),
(2021, 25, '112.196.166.125', NULL, 3, '2019-03-31 01:03:30', '2019-03-31 01:03:30'),
(2022, 13, '112.196.166.125', NULL, 3, '2019-03-31 01:03:30', '2019-03-31 01:03:30'),
(2023, 29, '117.247.238.221', NULL, 3, '2019-03-31 01:05:08', '2019-03-31 01:05:08'),
(2024, 30, '112.196.166.127', NULL, 3, '2019-03-31 01:05:23', '2019-03-31 01:05:23'),
(2025, 14, '112.196.166.67', NULL, 3, '2019-03-31 01:08:12', '2019-03-31 01:08:12'),
(2026, 5, '112.196.166.108', NULL, 1, '2019-03-31 14:45:34', '2019-03-31 14:45:34'),
(2027, 5, '112.196.166.108', NULL, 2, '2019-03-31 14:45:37', '2019-03-31 14:45:37'),
(2028, 14, '112.196.166.108', NULL, 1, '2019-03-31 18:05:34', '2019-03-31 18:05:34'),
(2029, 14, '112.196.166.108', NULL, 2, '2019-03-31 18:05:38', '2019-03-31 18:05:38'),
(2030, 5, '112.196.166.108', NULL, 3, '2019-03-31 20:37:52', '2019-03-31 20:37:52'),
(2031, 14, '112.196.166.108', NULL, 3, '2019-03-31 23:11:47', '2019-03-31 23:11:47'),
(2032, 23, '112.196.166.127', NULL, 1, '2019-04-01 13:42:59', '2019-04-01 13:42:59'),
(2033, 23, '112.196.166.127', NULL, 2, '2019-04-01 13:43:06', '2019-04-01 13:43:06'),
(2034, 18, '112.196.166.127', NULL, 1, '2019-04-01 13:52:17', '2019-04-01 13:52:17'),
(2035, 18, '112.196.166.127', NULL, 2, '2019-04-01 13:52:21', '2019-04-01 13:52:21'),
(2036, 5, '112.196.166.60', NULL, 1, '2019-04-01 13:55:02', '2019-04-01 13:55:02'),
(2037, 5, '112.196.166.60', NULL, 2, '2019-04-01 13:55:05', '2019-04-01 13:55:05'),
(2038, 13, '112.196.166.60', NULL, 1, '2019-04-01 14:10:38', '2019-04-01 14:10:38'),
(2039, 13, '112.196.166.60', NULL, 2, '2019-04-01 14:10:42', '2019-04-01 14:10:42'),
(2040, 15, '112.196.166.127', NULL, 1, '2019-04-01 14:17:12', '2019-04-01 14:17:12'),
(2041, 15, '112.196.166.127', NULL, 2, '2019-04-01 14:17:16', '2019-04-01 14:17:16'),
(2042, 31, '112.196.166.60', NULL, 1, '2019-04-01 14:20:59', '2019-04-01 14:20:59'),
(2043, 31, '112.196.166.60', NULL, 2, '2019-04-01 14:21:40', '2019-04-01 14:21:40'),
(2044, 17, '112.196.166.60', NULL, 1, '2019-04-01 14:22:27', '2019-04-01 14:22:27'),
(2045, 17, '112.196.166.60', NULL, 2, '2019-04-01 14:22:40', '2019-04-01 14:22:40'),
(2046, 11, '112.196.166.127', NULL, 1, '2019-04-01 14:24:37', '2019-04-01 14:24:37'),
(2047, 11, '112.196.166.127', NULL, 2, '2019-04-01 14:24:52', '2019-04-01 14:24:52'),
(2048, 3, '112.196.166.127', NULL, 1, '2019-04-01 14:27:38', '2019-04-01 14:27:38'),
(2049, 3, '112.196.166.127', NULL, 2, '2019-04-01 14:27:50', '2019-04-01 14:27:50'),
(2050, 12, '112.196.166.127', NULL, 1, '2019-04-01 14:28:07', '2019-04-01 14:28:07'),
(2051, 12, '112.196.166.127', NULL, 2, '2019-04-01 14:28:19', '2019-04-01 14:28:19'),
(2052, 7, '112.196.166.127', NULL, 1, '2019-04-01 14:30:35', '2019-04-01 14:30:35'),
(2053, 7, '112.196.166.127', NULL, 2, '2019-04-01 14:30:37', '2019-04-01 14:30:37'),
(2054, 4, '112.196.166.127', NULL, 1, '2019-04-01 14:31:24', '2019-04-01 14:31:24'),
(2055, 4, '112.196.166.127', NULL, 2, '2019-04-01 14:31:28', '2019-04-01 14:31:28'),
(2056, 16, '112.196.166.127', NULL, 1, '2019-04-01 14:35:32', '2019-04-01 14:35:32'),
(2057, 16, '112.196.166.127', NULL, 2, '2019-04-01 14:35:36', '2019-04-01 14:35:36'),
(2058, 26, '112.196.166.127', NULL, 1, '2019-04-01 14:37:37', '2019-04-01 14:37:37'),
(2059, 26, '112.196.166.127', NULL, 2, '2019-04-01 14:37:47', '2019-04-01 14:37:47'),
(2060, 25, '112.196.166.60', NULL, 1, '2019-04-01 14:38:44', '2019-04-01 14:38:44'),
(2061, 25, '112.196.166.60', NULL, 2, '2019-04-01 14:38:53', '2019-04-01 14:38:53'),
(2062, 2, '112.196.166.127', NULL, 1, '2019-04-01 14:39:26', '2019-04-01 14:39:26'),
(2063, 2, '64.233.173.52', NULL, 2, '2019-04-01 14:39:34', '2019-04-01 14:39:34'),
(2064, 9, '112.196.166.127', NULL, 1, '2019-04-01 14:40:27', '2019-04-01 14:40:27'),
(2065, 9, '112.196.166.127', NULL, 2, '2019-04-01 14:40:43', '2019-04-01 14:40:43'),
(2066, 8, '112.196.166.127', NULL, 1, '2019-04-01 14:40:52', '2019-04-01 14:40:52'),
(2067, 8, '112.196.166.127', NULL, 2, '2019-04-01 14:40:55', '2019-04-01 14:40:55'),
(2068, 21, '112.196.166.127', NULL, 1, '2019-04-01 14:42:21', '2019-04-01 14:42:21'),
(2069, 21, '112.196.166.127', NULL, 2, '2019-04-01 14:42:27', '2019-04-01 14:42:27'),
(2070, 2, '112.196.166.127', NULL, 1, '2019-04-01 14:43:34', '2019-04-01 14:43:34'),
(2071, 9, '112.196.166.127', NULL, 1, '2019-04-01 14:44:02', '2019-04-01 14:44:02'),
(2072, 20, '112.196.166.127', NULL, 1, '2019-04-01 14:45:05', '2019-04-01 14:45:05'),
(2073, 20, '112.196.166.127', NULL, 2, '2019-04-01 14:45:12', '2019-04-01 14:45:12'),
(2074, 14, '112.196.166.60', NULL, 1, '2019-04-01 14:45:20', '2019-04-01 14:45:20'),
(2075, 14, '112.196.166.60', NULL, 2, '2019-04-01 14:45:23', '2019-04-01 14:45:23'),
(2076, 28, '112.196.166.127', NULL, 1, '2019-04-01 14:51:29', '2019-04-01 14:51:29'),
(2077, 28, '112.196.166.127', NULL, 2, '2019-04-01 14:51:33', '2019-04-01 14:51:33'),
(2078, 24, '112.196.166.127', NULL, 1, '2019-04-01 14:51:45', '2019-04-01 14:51:45'),
(2079, 24, '112.196.166.127', NULL, 2, '2019-04-01 14:52:58', '2019-04-01 14:52:58'),
(2080, 29, '117.247.238.221', NULL, 1, '2019-04-01 14:53:25', '2019-04-01 14:53:25'),
(2081, 29, '117.247.238.221', NULL, 1, '2019-04-01 14:53:41', '2019-04-01 14:53:41'),
(2082, 29, '117.247.238.221', NULL, 1, '2019-04-01 14:54:40', '2019-04-01 14:54:40'),
(2083, 29, '117.247.238.221', NULL, 2, '2019-04-01 14:55:16', '2019-04-01 14:55:16'),
(2084, 22, '112.196.166.127', NULL, 1, '2019-04-01 15:08:57', '2019-04-01 15:08:57'),
(2085, 22, '112.196.166.127', NULL, 2, '2019-04-01 15:09:02', '2019-04-01 15:09:02'),
(2086, 27, '112.196.166.60', NULL, 1, '2019-04-01 15:23:45', '2019-04-01 15:23:45'),
(2087, 27, '112.196.166.60', NULL, 2, '2019-04-01 15:23:51', '2019-04-01 15:23:51'),
(2088, 30, '112.196.166.127', NULL, 1, '2019-04-01 15:29:53', '2019-04-01 15:29:53'),
(2089, 30, '112.196.166.127', NULL, 2, '2019-04-01 15:29:57', '2019-04-01 15:29:57'),
(2090, 10, '112.196.166.127', NULL, 1, '2019-04-01 15:33:31', '2019-04-01 15:33:31'),
(2091, 10, '112.196.166.127', NULL, 2, '2019-04-01 15:33:37', '2019-04-01 15:33:37'),
(2092, 1, '112.196.166.127', NULL, 1, '2019-04-01 17:22:27', '2019-04-01 17:22:27'),
(2093, 31, '112.196.166.60', NULL, 1, '2019-04-01 19:43:09', '2019-04-01 19:43:09'),
(2094, 32, '112.196.166.60', NULL, 1, '2019-04-01 20:01:06', '2019-04-01 20:01:06'),
(2095, 32, '112.196.166.60', NULL, 2, '2019-04-01 20:01:21', '2019-04-01 20:01:21'),
(2096, 7, '112.196.166.127', NULL, 3, '2019-04-01 22:05:18', '2019-04-01 22:05:18'),
(2097, 1, '112.196.166.127', NULL, 1, '2019-04-01 22:41:04', '2019-04-01 22:41:04'),
(2098, 17, '112.196.166.60', NULL, 3, '2019-04-01 23:02:38', '2019-04-01 23:02:38'),
(2099, 8, '112.196.166.127', NULL, 1, '2019-04-01 23:06:33', '2019-04-01 23:06:33'),
(2100, 8, '112.196.166.127', NULL, 1, '2019-04-01 23:37:43', '2019-04-01 23:37:43'),
(2101, 8, '112.196.166.127', NULL, 3, '2019-04-01 23:41:09', '2019-04-01 23:41:09'),
(2102, 11, '112.196.166.127', NULL, 3, '2019-04-02 00:02:04', '2019-04-02 00:02:04'),
(2103, 31, '112.196.166.60', NULL, 3, '2019-04-02 00:03:37', '2019-04-02 00:03:37'),
(2104, 15, '112.196.166.127', NULL, 3, '2019-04-02 00:08:29', '2019-04-02 00:08:29'),
(2105, 5, '112.196.166.60', NULL, 3, '2019-04-02 00:11:02', '2019-04-02 00:11:02'),
(2106, 4, '112.196.166.127', NULL, 3, '2019-04-02 00:11:11', '2019-04-02 00:11:11'),
(2107, 2, '117.247.238.221', NULL, 3, '2019-04-02 00:17:07', '2019-04-02 00:17:07'),
(2108, 26, '112.196.166.127', NULL, 3, '2019-04-02 00:25:28', '2019-04-02 00:25:28'),
(2109, 3, '112.196.166.127', NULL, 1, '2019-04-02 00:26:37', '2019-04-02 00:26:37'),
(2110, 12, '112.196.166.127', NULL, 1, '2019-04-02 00:26:59', '2019-04-02 00:26:59'),
(2111, 12, '112.196.166.127', NULL, 3, '2019-04-02 00:28:01', '2019-04-02 00:28:01'),
(2112, 16, '112.196.166.127', NULL, 3, '2019-04-02 00:28:18', '2019-04-02 00:28:18'),
(2113, 3, '112.196.166.127', NULL, 3, '2019-04-02 00:29:45', '2019-04-02 00:29:45'),
(2114, 9, '112.196.166.50', NULL, 3, '2019-04-02 00:30:45', '2019-04-02 00:30:45'),
(2115, 13, '112.196.166.60', NULL, 3, '2019-04-02 00:30:51', '2019-04-02 00:30:51'),
(2116, 21, '112.196.166.127', NULL, 3, '2019-04-02 00:31:04', '2019-04-02 00:31:04'),
(2117, 14, '112.196.166.60', NULL, 3, '2019-04-02 00:32:23', '2019-04-02 00:32:23'),
(2118, 20, '112.196.166.127', NULL, 3, '2019-04-02 00:32:52', '2019-04-02 00:32:52'),
(2119, 28, '112.196.166.127', NULL, 3, '2019-04-02 00:34:39', '2019-04-02 00:34:39'),
(2120, 27, '112.196.166.60', NULL, 3, '2019-04-02 00:35:34', '2019-04-02 00:35:34'),
(2121, 24, '112.196.166.127', NULL, 3, '2019-04-02 00:38:33', '2019-04-02 00:38:33'),
(2122, 29, '117.247.238.221', NULL, 3, '2019-04-02 00:40:17', '2019-04-02 00:40:17'),
(2123, 32, '112.196.166.60', NULL, 3, '2019-04-02 00:59:57', '2019-04-02 00:59:57'),
(2124, 10, '112.196.166.127', NULL, 3, '2019-04-02 01:05:12', '2019-04-02 01:05:12'),
(2125, 23, '112.196.166.127', NULL, 3, '2019-04-02 01:05:27', '2019-04-02 01:05:27'),
(2126, 30, '112.196.166.127', NULL, 3, '2019-04-02 01:06:14', '2019-04-02 01:06:14'),
(2127, 23, '112.196.166.19', NULL, 1, '2019-04-02 13:26:51', '2019-04-02 13:26:51'),
(2128, 23, '112.196.166.19', NULL, 2, '2019-04-02 13:26:54', '2019-04-02 13:26:54'),
(2129, 18, '112.196.166.19', NULL, 1, '2019-04-02 13:27:36', '2019-04-02 13:27:36'),
(2130, 18, '112.196.166.19', NULL, 2, '2019-04-02 13:27:40', '2019-04-02 13:27:40'),
(2131, 13, '112.196.166.60', NULL, 1, '2019-04-02 14:00:30', '2019-04-02 14:00:30'),
(2132, 13, '112.196.166.60', NULL, 2, '2019-04-02 14:00:34', '2019-04-02 14:00:34'),
(2133, 17, '112.196.166.60', NULL, 1, '2019-04-02 14:04:03', '2019-04-02 14:04:03'),
(2134, 17, '112.196.166.60', NULL, 2, '2019-04-02 14:04:12', '2019-04-02 14:04:12'),
(2135, 15, '112.196.166.19', NULL, 1, '2019-04-02 14:17:20', '2019-04-02 14:17:20'),
(2136, 15, '112.196.166.19', NULL, 2, '2019-04-02 14:17:31', '2019-04-02 14:17:31'),
(2137, 5, '112.196.166.60', NULL, 1, '2019-04-02 14:18:50', '2019-04-02 14:18:50'),
(2138, 5, '112.196.166.60', NULL, 2, '2019-04-02 14:18:54', '2019-04-02 14:18:54'),
(2139, 7, '112.196.166.19', NULL, 1, '2019-04-02 14:26:13', '2019-04-02 14:26:13'),
(2140, 7, '112.196.166.19', NULL, 2, '2019-04-02 14:26:35', '2019-04-02 14:26:35'),
(2141, 4, '112.196.166.19', NULL, 1, '2019-04-02 14:27:06', '2019-04-02 14:27:06'),
(2142, 4, '112.196.166.19', NULL, 2, '2019-04-02 14:27:13', '2019-04-02 14:27:13'),
(2143, 12, '112.196.166.19', NULL, 1, '2019-04-02 14:31:40', '2019-04-02 14:31:40'),
(2144, 12, '112.196.166.19', NULL, 2, '2019-04-02 14:31:45', '2019-04-02 14:31:45'),
(2145, 26, '112.196.166.19', NULL, 1, '2019-04-02 14:31:54', '2019-04-02 14:31:54'),
(2146, 26, '112.196.166.19', NULL, 2, '2019-04-02 14:32:06', '2019-04-02 14:32:06'),
(2147, 21, '112.196.166.19', NULL, 1, '2019-04-02 14:33:07', '2019-04-02 14:33:07'),
(2148, 9, '112.196.166.19', NULL, 1, '2019-04-02 14:33:07', '2019-04-02 14:33:07'),
(2149, 21, '112.196.166.19', NULL, 2, '2019-04-02 14:33:16', '2019-04-02 14:33:16'),
(2150, 11, '112.196.166.19', NULL, 1, '2019-04-02 14:33:20', '2019-04-02 14:33:20'),
(2151, 11, '112.196.166.19', NULL, 2, '2019-04-02 14:33:27', '2019-04-02 14:33:27'),
(2152, 9, '112.196.166.55', NULL, 2, '2019-04-02 14:33:42', '2019-04-02 14:33:42'),
(2153, 16, '112.196.166.19', NULL, 1, '2019-04-02 14:35:29', '2019-04-02 14:35:29'),
(2154, 16, '112.196.166.19', NULL, 2, '2019-04-02 14:35:34', '2019-04-02 14:35:34'),
(2155, 27, '112.196.166.60', NULL, 1, '2019-04-02 14:38:09', '2019-04-02 14:38:09'),
(2156, 27, '112.196.166.60', NULL, 2, '2019-04-02 14:38:11', '2019-04-02 14:38:11'),
(2157, 25, '112.196.166.60', NULL, 1, '2019-04-02 14:38:59', '2019-04-02 14:38:59'),
(2158, 25, '112.196.166.60', NULL, 2, '2019-04-02 14:39:07', '2019-04-02 14:39:07'),
(2159, 2, '157.47.190.180', NULL, 1, '2019-04-02 14:39:39', '2019-04-02 14:39:39'),
(2160, 2, '64.233.173.54', NULL, 2, '2019-04-02 14:39:43', '2019-04-02 14:39:43'),
(2161, 14, '112.196.166.60', NULL, 1, '2019-04-02 14:42:04', '2019-04-02 14:42:04'),
(2162, 14, '112.196.166.60', NULL, 2, '2019-04-02 14:42:07', '2019-04-02 14:42:07'),
(2163, 8, '112.196.166.19', NULL, 1, '2019-04-02 14:42:16', '2019-04-02 14:42:16'),
(2164, 8, '112.196.166.19', NULL, 2, '2019-04-02 14:42:20', '2019-04-02 14:42:20'),
(2165, 3, '112.196.166.19', NULL, 1, '2019-04-02 14:44:06', '2019-04-02 14:44:06'),
(2166, 2, '112.196.166.19', NULL, 1, '2019-04-02 14:44:14', '2019-04-02 14:44:14'),
(2167, 3, '112.196.166.19', NULL, 2, '2019-04-02 14:44:18', '2019-04-02 14:44:18'),
(2168, 24, '112.196.166.19', NULL, 1, '2019-04-02 14:49:50', '2019-04-02 14:49:50'),
(2169, 24, '112.196.166.19', NULL, 2, '2019-04-02 14:49:53', '2019-04-02 14:49:53'),
(2170, 29, '117.247.238.221', NULL, 1, '2019-04-02 14:50:21', '2019-04-02 14:50:21'),
(2171, 29, '117.247.238.221', NULL, 2, '2019-04-02 14:50:29', '2019-04-02 14:50:29'),
(2172, 31, '112.196.166.60', NULL, 1, '2019-04-02 14:51:36', '2019-04-02 14:51:36'),
(2173, 31, '112.196.166.60', NULL, 2, '2019-04-02 14:51:57', '2019-04-02 14:51:57'),
(2174, 28, '112.196.166.19', NULL, 1, '2019-04-02 15:00:45', '2019-04-02 15:00:45'),
(2175, 28, '112.196.166.19', NULL, 2, '2019-04-02 15:00:51', '2019-04-02 15:00:51'),
(2176, 30, '112.196.166.19', NULL, 1, '2019-04-02 15:03:49', '2019-04-02 15:03:49'),
(2177, 30, '112.196.166.19', NULL, 2, '2019-04-02 15:03:54', '2019-04-02 15:03:54'),
(2178, 22, '112.196.166.19', NULL, 1, '2019-04-02 15:10:13', '2019-04-02 15:10:13'),
(2179, 22, '112.196.166.19', NULL, 2, '2019-04-02 15:10:16', '2019-04-02 15:10:16'),
(2180, 20, '112.196.166.19', NULL, 1, '2019-04-02 15:22:12', '2019-04-02 15:22:12'),
(2181, 20, '112.196.166.19', NULL, 2, '2019-04-02 15:22:15', '2019-04-02 15:22:15'),
(2182, 10, '112.196.166.19', NULL, 1, '2019-04-02 15:25:58', '2019-04-02 15:25:58'),
(2183, 10, '112.196.166.19', NULL, 2, '2019-04-02 15:26:11', '2019-04-02 15:26:11'),
(2184, 1, '117.247.238.221', NULL, 1, '2019-04-02 16:57:46', '2019-04-02 16:57:46'),
(2185, 1, '112.196.166.19', NULL, 1, '2019-04-02 17:14:14', '2019-04-02 17:14:14'),
(2186, 35, '112.196.166.19', NULL, 1, '2019-04-02 17:25:36', '2019-04-02 17:25:36'),
(2187, 35, '112.196.166.19', NULL, 2, '2019-04-02 17:28:29', '2019-04-02 17:28:29'),
(2188, 28, '112.196.166.19', NULL, 3, '2019-04-02 19:30:19', '2019-04-02 19:30:19'),
(2189, 9, '112.196.166.19', NULL, 1, '2019-04-02 20:06:25', '2019-04-02 20:06:25'),
(2190, 32, '112.196.166.60', NULL, 1, '2019-04-02 20:25:24', '2019-04-02 20:25:24'),
(2191, 32, '112.196.166.60', NULL, 2, '2019-04-02 20:25:36', '2019-04-02 20:25:36'),
(2192, 1, '112.196.166.19', NULL, 1, '2019-04-02 23:31:25', '2019-04-02 23:31:25'),
(2193, 8, '112.196.166.19', NULL, 1, '2019-04-02 23:31:36', '2019-04-02 23:31:36'),
(2194, 26, '112.196.166.19', NULL, 3, '2019-04-02 23:37:16', '2019-04-02 23:37:16'),
(2195, 12, '112.196.166.19', NULL, 1, '2019-04-02 23:40:16', '2019-04-02 23:40:16'),
(2196, 11, '112.196.166.19', NULL, 1, '2019-04-02 23:43:39', '2019-04-02 23:43:39'),
(2197, 8, '112.196.166.19', NULL, 3, '2019-04-02 23:46:38', '2019-04-02 23:46:38'),
(2198, 4, '112.196.166.19', NULL, 3, '2019-04-03 00:02:56', '2019-04-03 00:02:56'),
(2199, 7, '112.196.166.19', NULL, 3, '2019-04-03 00:03:10', '2019-04-03 00:03:10'),
(2200, 12, '112.196.166.19', NULL, 3, '2019-04-03 00:03:25', '2019-04-03 00:03:25'),
(2201, 27, '112.196.166.60', NULL, 3, '2019-04-03 00:07:42', '2019-04-03 00:07:42'),
(2202, 35, '112.196.166.19', NULL, 3, '2019-04-03 00:07:44', '2019-04-03 00:07:44'),
(2203, 15, '112.196.166.19', NULL, 3, '2019-04-03 00:09:55', '2019-04-03 00:09:55'),
(2204, 17, '112.196.166.60', NULL, 3, '2019-04-03 00:15:05', '2019-04-03 00:15:05'),
(2205, 11, '112.196.166.19', NULL, 3, '2019-04-03 00:16:00', '2019-04-03 00:16:00'),
(2206, 31, '112.196.166.60', NULL, 3, '2019-04-03 00:21:32', '2019-04-03 00:21:32'),
(2207, 2, '117.247.238.221', NULL, 3, '2019-04-03 00:22:34', '2019-04-03 00:22:34'),
(2208, 13, '112.196.166.60', NULL, 1, '2019-04-03 00:24:36', '2019-04-03 00:24:36'),
(2209, 14, '112.196.166.60', NULL, 3, '2019-04-03 00:26:25', '2019-04-03 00:26:25'),
(2210, 13, '112.196.166.32', NULL, 3, '2019-04-03 00:26:29', '2019-04-03 00:26:29'),
(2211, 22, '112.196.166.19', NULL, 3, '2019-04-03 00:27:32', '2019-04-03 00:27:32'),
(2212, 16, '112.196.166.19', NULL, 3, '2019-04-03 00:28:05', '2019-04-03 00:28:05'),
(2213, 25, '112.196.166.60', NULL, 3, '2019-04-03 00:28:29', '2019-04-03 00:28:29'),
(2214, 3, '112.196.166.19', NULL, 3, '2019-04-03 00:29:27', '2019-04-03 00:29:27'),
(2215, 23, '112.196.166.19', NULL, 3, '2019-04-03 00:30:49', '2019-04-03 00:30:49'),
(2216, 29, '112.196.166.19', NULL, 3, '2019-04-03 00:33:29', '2019-04-03 00:33:29'),
(2217, 25, '112.196.166.60', NULL, 1, '2019-04-03 00:33:41', '2019-04-03 00:33:41'),
(2218, 21, '112.196.166.19', NULL, 3, '2019-04-03 00:34:17', '2019-04-03 00:34:17'),
(2219, 24, '112.196.166.19', NULL, 3, '2019-04-03 00:35:18', '2019-04-03 00:35:18'),
(2220, 20, '112.196.166.19', NULL, 3, '2019-04-03 00:41:46', '2019-04-03 00:41:46'),
(2221, 10, '112.196.166.19', NULL, 3, '2019-04-03 00:43:56', '2019-04-03 00:43:56'),
(2222, 32, '112.196.166.60', NULL, 3, '2019-04-03 01:07:20', '2019-04-03 01:07:20'),
(2223, 18, '112.196.166.26', NULL, 1, '2019-04-03 13:54:01', '2019-04-03 13:54:01'),
(2224, 18, '112.196.166.26', NULL, 2, '2019-04-03 13:54:06', '2019-04-03 13:54:06'),
(2225, 17, '112.196.166.125', NULL, 1, '2019-04-03 14:14:50', '2019-04-03 14:14:50'),
(2226, 17, '112.196.166.125', NULL, 2, '2019-04-03 14:15:08', '2019-04-03 14:15:08'),
(2227, 15, '112.196.166.26', NULL, 1, '2019-04-03 14:17:51', '2019-04-03 14:17:51'),
(2228, 15, '112.196.166.26', NULL, 2, '2019-04-03 14:17:54', '2019-04-03 14:17:54'),
(2229, 5, '112.196.166.125', NULL, 1, '2019-04-03 14:19:56', '2019-04-03 14:19:56'),
(2230, 5, '112.196.166.125', NULL, 2, '2019-04-03 14:20:01', '2019-04-03 14:20:01'),
(2231, 7, '112.196.166.26', NULL, 1, '2019-04-03 14:26:12', '2019-04-03 14:26:12'),
(2232, 7, '112.196.166.26', NULL, 2, '2019-04-03 14:26:14', '2019-04-03 14:26:14'),
(2233, 4, '112.196.166.26', NULL, 1, '2019-04-03 14:27:23', '2019-04-03 14:27:23'),
(2234, 4, '112.196.166.26', NULL, 2, '2019-04-03 14:27:27', '2019-04-03 14:27:27'),
(2235, 25, '112.196.166.125', NULL, 1, '2019-04-03 14:28:06', '2019-04-03 14:28:06'),
(2236, 25, '112.196.166.125', NULL, 2, '2019-04-03 14:28:10', '2019-04-03 14:28:10'),
(2237, 2, '117.247.238.221', NULL, 1, '2019-04-03 14:28:39', '2019-04-03 14:28:39'),
(2238, 2, '117.247.238.221', NULL, 2, '2019-04-03 14:28:44', '2019-04-03 14:28:44'),
(2239, 1, '117.247.238.221', NULL, 1, '2019-04-03 14:29:12', '2019-04-03 14:29:12'),
(2240, 11, '112.196.166.26', NULL, 1, '2019-04-03 14:30:03', '2019-04-03 14:30:03'),
(2241, 11, '112.196.166.26', NULL, 2, '2019-04-03 14:30:15', '2019-04-03 14:30:15'),
(2242, 12, '112.196.166.26', NULL, 1, '2019-04-03 14:33:17', '2019-04-03 14:33:17'),
(2243, 12, '112.196.166.26', NULL, 2, '2019-04-03 14:33:22', '2019-04-03 14:33:22'),
(2244, 26, '112.196.166.26', NULL, 1, '2019-04-03 14:34:45', '2019-04-03 14:34:45'),
(2245, 26, '112.196.166.26', NULL, 2, '2019-04-03 14:34:49', '2019-04-03 14:34:49'),
(2246, 31, '112.196.166.125', NULL, 1, '2019-04-03 14:35:57', '2019-04-03 14:35:57'),
(2247, 31, '112.196.166.125', NULL, 2, '2019-04-03 14:36:02', '2019-04-03 14:36:02'),
(2248, 16, '112.196.166.26', NULL, 1, '2019-04-03 14:37:54', '2019-04-03 14:37:54'),
(2249, 16, '112.196.166.26', NULL, 2, '2019-04-03 14:37:58', '2019-04-03 14:37:58'),
(2250, 3, '112.196.166.26', NULL, 1, '2019-04-03 14:38:02', '2019-04-03 14:38:02'),
(2251, 3, '112.196.166.26', NULL, 2, '2019-04-03 14:38:22', '2019-04-03 14:38:22'),
(2252, 35, '112.196.166.26', NULL, 1, '2019-04-03 14:38:53', '2019-04-03 14:38:53'),
(2253, 35, '112.196.166.26', NULL, 2, '2019-04-03 14:38:57', '2019-04-03 14:38:57'),
(2254, 9, '112.196.166.96', NULL, 1, '2019-04-03 14:39:09', '2019-04-03 14:39:09'),
(2255, 9, '112.196.166.26', NULL, 2, '2019-04-03 14:39:32', '2019-04-03 14:39:32'),
(2256, 12, '112.196.166.26', NULL, 1, '2019-04-03 14:39:47', '2019-04-03 14:39:47'),
(2257, 8, '112.196.166.26', NULL, 1, '2019-04-03 14:40:28', '2019-04-03 14:40:28'),
(2258, 8, '112.196.166.26', NULL, 2, '2019-04-03 14:40:31', '2019-04-03 14:40:31'),
(2259, 21, '112.196.166.26', NULL, 1, '2019-04-03 14:40:57', '2019-04-03 14:40:57'),
(2260, 21, '112.196.166.26', NULL, 2, '2019-04-03 14:41:31', '2019-04-03 14:41:31'),
(2261, 13, '112.196.166.125', NULL, 1, '2019-04-03 14:42:23', '2019-04-03 14:42:23'),
(2262, 13, '112.196.166.125', NULL, 2, '2019-04-03 14:42:26', '2019-04-03 14:42:26'),
(2263, 24, '112.196.166.26', NULL, 1, '2019-04-03 14:47:46', '2019-04-03 14:47:46'),
(2264, 24, '112.196.166.26', NULL, 2, '2019-04-03 14:47:51', '2019-04-03 14:47:51'),
(2265, 14, '112.196.166.125', NULL, 1, '2019-04-03 14:51:12', '2019-04-03 14:51:12'),
(2266, 14, '112.196.166.125', NULL, 2, '2019-04-03 14:51:16', '2019-04-03 14:51:16'),
(2267, 9, '117.247.238.221', NULL, 1, '2019-04-03 14:53:18', '2019-04-03 14:53:18'),
(2268, 28, '112.196.166.26', NULL, 1, '2019-04-03 14:54:40', '2019-04-03 14:54:40'),
(2269, 28, '112.196.166.26', NULL, 2, '2019-04-03 14:54:44', '2019-04-03 14:54:44'),
(2270, 20, '112.196.166.26', NULL, 1, '2019-04-03 14:58:01', '2019-04-03 14:58:01'),
(2271, 20, '112.196.166.26', NULL, 2, '2019-04-03 14:58:06', '2019-04-03 14:58:06'),
(2272, 23, '112.196.166.26', NULL, 1, '2019-04-03 15:04:44', '2019-04-03 15:04:44'),
(2273, 23, '112.196.166.26', NULL, 2, '2019-04-03 15:04:53', '2019-04-03 15:04:53'),
(2274, 22, '112.196.166.26', NULL, 1, '2019-04-03 15:07:51', '2019-04-03 15:07:51'),
(2275, 22, '112.196.166.26', NULL, 2, '2019-04-03 15:07:55', '2019-04-03 15:07:55'),
(2276, 30, '112.196.166.26', NULL, 1, '2019-04-03 15:22:33', '2019-04-03 15:22:33'),
(2277, 12, '112.196.166.26', NULL, 1, '2019-04-03 15:22:34', '2019-04-03 15:22:34'),
(2278, 30, '112.196.166.26', NULL, 2, '2019-04-03 15:22:38', '2019-04-03 15:22:38'),
(2279, 10, '112.196.166.26', NULL, 1, '2019-04-03 15:28:52', '2019-04-03 15:28:52'),
(2280, 10, '112.196.166.26', NULL, 2, '2019-04-03 15:29:11', '2019-04-03 15:29:11'),
(2281, 32, '112.196.166.9', NULL, 1, '2019-04-03 20:07:54', '2019-04-03 20:07:54'),
(2282, 32, '112.196.166.9', NULL, 2, '2019-04-03 20:07:58', '2019-04-03 20:07:58'),
(2283, 35, '112.196.166.26', NULL, 1, '2019-04-03 20:18:52', '2019-04-03 20:18:52'),
(2284, 25, '112.196.166.9', NULL, 3, '2019-04-03 20:26:40', '2019-04-03 20:26:40'),
(2285, 35, '112.196.166.26', NULL, 1, '2019-04-03 22:16:58', '2019-04-03 22:16:58'),
(2286, 8, '112.196.166.26', NULL, 1, '2019-04-03 23:36:06', '2019-04-03 23:36:06'),
(2287, 8, '112.196.166.26', NULL, 3, '2019-04-03 23:40:45', '2019-04-03 23:40:45'),
(2288, 4, '112.196.166.26', NULL, 3, '2019-04-04 00:01:18', '2019-04-04 00:01:18'),
(2289, 7, '112.196.166.26', NULL, 3, '2019-04-04 00:02:17', '2019-04-04 00:02:17'),
(2290, 23, '112.196.166.26', NULL, 3, '2019-04-04 00:02:20', '2019-04-04 00:02:20'),
(2291, 15, '112.196.166.26', NULL, 3, '2019-04-04 00:03:37', '2019-04-04 00:03:37'),
(2292, 35, '112.196.166.26', NULL, 3, '2019-04-04 00:05:31', '2019-04-04 00:05:31'),
(2293, 11, '112.196.166.26', NULL, 3, '2019-04-04 00:08:37', '2019-04-04 00:08:37'),
(2294, 31, '112.196.166.125', NULL, 3, '2019-04-04 00:10:42', '2019-04-04 00:10:42'),
(2295, 17, '112.196.166.125', NULL, 3, '2019-04-04 00:11:05', '2019-04-04 00:11:05'),
(2296, 5, '112.196.166.125', NULL, 3, '2019-04-04 00:12:24', '2019-04-04 00:12:24'),
(2297, 13, '112.196.166.125', NULL, 1, '2019-04-04 00:17:23', '2019-04-04 00:17:23'),
(2298, 13, '112.196.166.125', NULL, 3, '2019-04-04 00:18:53', '2019-04-04 00:18:53'),
(2299, 16, '112.196.166.26', NULL, 3, '2019-04-04 00:20:55', '2019-04-04 00:20:55'),
(2300, 14, '112.196.166.125', NULL, 3, '2019-04-04 00:21:55', '2019-04-04 00:21:55'),
(2301, 22, '112.196.166.26', NULL, 3, '2019-04-04 00:30:09', '2019-04-04 00:30:09'),
(2302, 21, '112.196.166.26', NULL, 3, '2019-04-04 00:31:10', '2019-04-04 00:31:10'),
(2303, 20, '112.196.166.26', NULL, 3, '2019-04-04 00:31:34', '2019-04-04 00:31:34'),
(2304, 3, '112.196.166.26', NULL, 3, '2019-04-04 00:32:21', '2019-04-04 00:32:21'),
(2305, 12, '112.196.166.26', NULL, 1, '2019-04-04 00:34:02', '2019-04-04 00:34:02'),
(2306, 12, '112.196.166.26', NULL, 3, '2019-04-04 00:34:35', '2019-04-04 00:34:35'),
(2307, 9, '112.196.166.26', NULL, 3, '2019-04-04 00:35:03', '2019-04-04 00:35:03'),
(2308, 28, '112.196.166.26', NULL, 3, '2019-04-04 00:35:24', '2019-04-04 00:35:24'),
(2309, 24, '112.196.166.26', NULL, 3, '2019-04-04 00:36:08', '2019-04-04 00:36:08'),
(2310, 32, '112.196.166.125', NULL, 3, '2019-04-04 00:39:58', '2019-04-04 00:39:58'),
(2311, 26, '112.196.166.26', NULL, 3, '2019-04-04 00:55:19', '2019-04-04 00:55:19'),
(2312, 10, '112.196.166.26', NULL, 3, '2019-04-04 01:00:47', '2019-04-04 01:00:47'),
(2313, 30, '112.196.166.26', NULL, 3, '2019-04-04 01:36:10', '2019-04-04 01:36:10'),
(2314, 18, '112.196.166.26', NULL, 1, '2019-04-04 13:38:57', '2019-04-04 13:38:57'),
(2315, 18, '112.196.166.26', NULL, 2, '2019-04-04 13:39:01', '2019-04-04 13:39:01'),
(2316, 23, '112.196.166.26', NULL, 1, '2019-04-04 14:15:06', '2019-04-04 14:15:06'),
(2317, 23, '112.196.166.26', NULL, 2, '2019-04-04 14:15:09', '2019-04-04 14:15:09'),
(2318, 17, '157.47.148.115', NULL, 1, '2019-04-04 14:25:46', '2019-04-04 14:25:46'),
(2319, 17, '157.47.148.115', NULL, 2, '2019-04-04 14:25:57', '2019-04-04 14:25:57'),
(2320, 15, '112.196.166.26', NULL, 1, '2019-04-04 14:27:14', '2019-04-04 14:27:14'),
(2321, 15, '112.196.166.26', NULL, 2, '2019-04-04 14:27:24', '2019-04-04 14:27:24'),
(2322, 3, '112.196.166.26', NULL, 1, '2019-04-04 14:28:11', '2019-04-04 14:28:11'),
(2323, 3, '112.196.166.26', NULL, 2, '2019-04-04 14:28:25', '2019-04-04 14:28:25'),
(2324, 7, '112.196.166.26', NULL, 1, '2019-04-04 14:28:50', '2019-04-04 14:28:50'),
(2325, 7, '112.196.166.26', NULL, 2, '2019-04-04 14:28:53', '2019-04-04 14:28:53'),
(2326, 11, '112.196.166.26', NULL, 1, '2019-04-04 14:29:15', '2019-04-04 14:29:15'),
(2327, 11, '112.196.166.26', NULL, 2, '2019-04-04 14:29:24', '2019-04-04 14:29:24'),
(2328, 4, '112.196.166.26', NULL, 1, '2019-04-04 14:29:59', '2019-04-04 14:29:59'),
(2329, 4, '112.196.166.26', NULL, 2, '2019-04-04 14:30:06', '2019-04-04 14:30:06'),
(2330, 26, '112.196.166.26', NULL, 1, '2019-04-04 14:34:11', '2019-04-04 14:34:11'),
(2331, 26, '112.196.166.26', NULL, 2, '2019-04-04 14:34:14', '2019-04-04 14:34:14'),
(2332, 16, '112.196.166.2', NULL, 1, '2019-04-04 14:35:26', '2019-04-04 14:35:26'),
(2333, 16, '112.196.166.2', NULL, 2, '2019-04-04 14:35:31', '2019-04-04 14:35:31'),
(2334, 12, '112.196.166.26', NULL, 1, '2019-04-04 14:37:31', '2019-04-04 14:37:31'),
(2335, 13, '157.47.141.101', NULL, 1, '2019-04-04 14:37:43', '2019-04-04 14:37:43'),
(2336, 12, '112.196.166.26', NULL, 2, '2019-04-04 14:37:45', '2019-04-04 14:37:45'),
(2337, 13, '157.47.141.101', NULL, 2, '2019-04-04 14:37:47', '2019-04-04 14:37:47'),
(2338, 5, '157.47.141.101', NULL, 1, '2019-04-04 14:39:02', '2019-04-04 14:39:02'),
(2339, 2, '112.196.166.26', NULL, 1, '2019-04-04 14:39:25', '2019-04-04 14:39:25'),
(2340, 2, '64.233.173.56', NULL, 2, '2019-04-04 14:39:31', '2019-04-04 14:39:31'),
(2341, 35, '112.196.166.79', NULL, 1, '2019-04-04 14:39:43', '2019-04-04 14:39:43'),
(2342, 21, '112.196.166.26', NULL, 1, '2019-04-04 14:39:46', '2019-04-04 14:39:46'),
(2343, 35, '112.196.166.26', NULL, 2, '2019-04-04 14:39:51', '2019-04-04 14:39:51'),
(2344, 21, '112.196.166.26', NULL, 2, '2019-04-04 14:39:55', '2019-04-04 14:39:55'),
(2345, 31, '157.47.141.101', NULL, 1, '2019-04-04 14:40:23', '2019-04-04 14:40:23'),
(2346, 31, '157.47.141.101', NULL, 2, '2019-04-04 14:40:27', '2019-04-04 14:40:27'),
(2347, 9, '112.196.166.26', NULL, 1, '2019-04-04 14:41:20', '2019-04-04 14:41:20'),
(2348, 9, '112.196.166.26', NULL, 2, '2019-04-04 14:41:34', '2019-04-04 14:41:34'),
(2349, 24, '112.196.166.26', NULL, 1, '2019-04-04 14:52:29', '2019-04-04 14:52:29'),
(2350, 24, '112.196.166.26', NULL, 2, '2019-04-04 14:52:31', '2019-04-04 14:52:31'),
(2351, 9, '112.196.166.26', NULL, 1, '2019-04-04 14:56:00', '2019-04-04 14:56:00'),
(2352, 29, '117.247.238.221', NULL, 1, '2019-04-04 14:59:25', '2019-04-04 14:59:25'),
(2353, 29, '117.247.238.221', NULL, 2, '2019-04-04 14:59:41', '2019-04-04 14:59:41'),
(2354, 20, '112.196.166.26', NULL, 1, '2019-04-04 15:00:09', '2019-04-04 15:00:09'),
(2355, 20, '112.196.166.26', NULL, 2, '2019-04-04 15:00:12', '2019-04-04 15:00:12'),
(2356, 5, '117.247.238.221', NULL, 1, '2019-04-04 15:05:24', '2019-04-04 15:05:24'),
(2357, 5, '117.247.238.221', NULL, 2, '2019-04-04 15:05:27', '2019-04-04 15:05:27'),
(2358, 14, '117.247.238.221', NULL, 1, '2019-04-04 15:05:43', '2019-04-04 15:05:43'),
(2359, 2, '112.196.166.26', NULL, 1, '2019-04-04 15:05:55', '2019-04-04 15:05:55'),
(2360, 14, '117.247.238.221', NULL, 2, '2019-04-04 15:05:57', '2019-04-04 15:05:57'),
(2361, 28, '112.196.166.26', NULL, 1, '2019-04-04 15:07:03', '2019-04-04 15:07:03'),
(2362, 28, '112.196.166.26', NULL, 2, '2019-04-04 15:07:12', '2019-04-04 15:07:12'),
(2363, 1, '112.196.166.26', NULL, 1, '2019-04-04 15:07:40', '2019-04-04 15:07:40'),
(2364, 8, '112.196.166.26', NULL, 1, '2019-04-04 15:08:46', '2019-04-04 15:08:46'),
(2365, 8, '112.196.166.26', NULL, 2, '2019-04-04 15:08:48', '2019-04-04 15:08:48'),
(2366, 30, '112.196.166.26', NULL, 1, '2019-04-04 15:09:28', '2019-04-04 15:09:28'),
(2367, 30, '112.196.166.26', NULL, 2, '2019-04-04 15:09:32', '2019-04-04 15:09:32'),
(2368, 22, '112.196.166.26', NULL, 1, '2019-04-04 15:10:33', '2019-04-04 15:10:33'),
(2369, 22, '112.196.166.26', NULL, 2, '2019-04-04 15:10:38', '2019-04-04 15:10:38'),
(2370, 10, '112.196.166.26', NULL, 1, '2019-04-04 15:33:05', '2019-04-04 15:33:05'),
(2371, 10, '112.196.166.26', NULL, 2, '2019-04-04 15:33:09', '2019-04-04 15:33:09'),
(2372, 27, '117.247.238.221', NULL, 1, '2019-04-04 16:03:41', '2019-04-04 16:03:41'),
(2373, 27, '117.247.238.221', NULL, 2, '2019-04-04 16:03:51', '2019-04-04 16:03:51'),
(2374, 23, '112.196.166.26', NULL, 3, '2019-04-04 19:50:19', '2019-04-04 19:50:19'),
(2375, 23, '112.196.166.26', NULL, 1, '2019-04-04 19:50:38', '2019-04-04 19:50:38'),
(2376, 32, '117.247.238.221', NULL, 1, '2019-04-04 20:04:02', '2019-04-04 20:04:02'),
(2377, 32, '117.247.238.221', NULL, 2, '2019-04-04 20:04:08', '2019-04-04 20:04:08'),
(2378, 35, '112.196.166.26', NULL, 1, '2019-04-04 23:30:05', '2019-04-04 23:30:05'),
(2379, 7, '112.196.166.26', NULL, 3, '2019-04-05 00:00:22', '2019-04-05 00:00:22'),
(2380, 4, '112.196.166.26', NULL, 3, '2019-04-05 00:01:56', '2019-04-05 00:01:56'),
(2381, 8, '112.196.166.26', NULL, 1, '2019-04-05 00:03:04', '2019-04-05 00:03:04'),
(2382, 8, '112.196.166.26', NULL, 3, '2019-04-05 00:05:09', '2019-04-05 00:05:09'),
(2383, 31, '112.196.166.3', NULL, 1, '2019-04-05 00:08:03', '2019-04-05 00:08:03'),
(2384, 35, '112.196.166.26', NULL, 3, '2019-04-05 00:08:08', '2019-04-05 00:08:08'),
(2385, 31, '112.196.166.3', NULL, 3, '2019-04-05 00:10:03', '2019-04-05 00:10:03'),
(2386, 5, '112.196.166.3', NULL, 3, '2019-04-05 00:16:35', '2019-04-05 00:16:35'),
(2387, 13, '112.196.166.3', NULL, 3, '2019-04-05 00:17:42', '2019-04-05 00:17:42'),
(2388, 14, '112.196.166.3', NULL, 3, '2019-04-05 00:19:03', '2019-04-05 00:19:03'),
(2389, 17, '112.196.166.3', NULL, 3, '2019-04-05 00:19:10', '2019-04-05 00:19:10'),
(2390, 16, '112.196.166.26', NULL, 3, '2019-04-05 00:28:49', '2019-04-05 00:28:49'),
(2391, 15, '112.196.166.26', NULL, 3, '2019-04-05 00:30:25', '2019-04-05 00:30:25'),
(2392, 32, '112.196.166.3', NULL, 3, '2019-04-05 00:34:09', '2019-04-05 00:34:09'),
(2393, 21, '112.196.166.26', NULL, 1, '2019-04-05 00:35:26', '2019-04-05 00:35:26'),
(2394, 11, '112.196.166.26', NULL, 3, '2019-04-05 00:35:32', '2019-04-05 00:35:32'),
(2395, 3, '112.196.166.26', NULL, 3, '2019-04-05 00:36:05', '2019-04-05 00:36:05'),
(2396, 22, '112.196.166.26', NULL, 3, '2019-04-05 00:36:19', '2019-04-05 00:36:19'),
(2397, 21, '112.196.166.26', NULL, 3, '2019-04-05 00:37:29', '2019-04-05 00:37:29'),
(2398, 2, '112.196.166.57', NULL, 1, '2019-04-05 00:49:23', '2019-04-05 00:49:23'),
(2399, 28, '112.196.166.26', NULL, 3, '2019-04-05 00:49:44', '2019-04-05 00:49:44'),
(2400, 2, '112.196.166.26', NULL, 3, '2019-04-05 00:49:45', '2019-04-05 00:49:45'),
(2401, 20, '112.196.166.26', NULL, 3, '2019-04-05 00:51:27', '2019-04-05 00:51:27'),
(2402, 9, '112.196.166.26', NULL, 3, '2019-04-05 00:56:54', '2019-04-05 00:56:54'),
(2403, 24, '112.196.166.26', NULL, 3, '2019-04-05 00:57:05', '2019-04-05 00:57:05'),
(2404, 12, '112.196.166.26', NULL, 3, '2019-04-05 01:07:19', '2019-04-05 01:07:19'),
(2405, 10, '112.196.166.26', NULL, 3, '2019-04-05 01:08:14', '2019-04-05 01:08:14'),
(2406, 30, '112.196.166.26', NULL, 3, '2019-04-05 01:15:25', '2019-04-05 01:15:25'),
(2407, 26, '112.196.166.26', NULL, 3, '2019-04-05 01:24:59', '2019-04-05 01:24:59'),
(2408, 29, '157.37.208.12', NULL, 3, '2019-04-05 02:17:49', '2019-04-05 02:17:49'),
(2409, 5, '112.196.166.25', NULL, 1, '2019-04-05 14:21:50', '2019-04-05 14:21:50'),
(2410, 5, '112.196.166.25', NULL, 2, '2019-04-05 14:21:53', '2019-04-05 14:21:53'),
(2411, 13, '112.196.166.25', NULL, 1, '2019-04-05 14:22:00', '2019-04-05 14:22:00'),
(2412, 13, '112.196.166.25', NULL, 2, '2019-04-05 14:22:07', '2019-04-05 14:22:07'),
(2413, 31, '112.196.166.25', NULL, 1, '2019-04-05 14:27:26', '2019-04-05 14:27:26'),
(2414, 31, '112.196.166.25', NULL, 2, '2019-04-05 14:27:29', '2019-04-05 14:27:29'),
(2415, 17, '112.196.166.25', NULL, 1, '2019-04-05 14:31:18', '2019-04-05 14:31:18');
INSERT INTO `logs` (`log_id`, `admin_id`, `ip_address`, `mac_address`, `work_type`, `created_at`, `updated_at`) VALUES
(2416, 17, '112.196.166.25', NULL, 2, '2019-04-05 14:31:31', '2019-04-05 14:31:31'),
(2417, 7, '117.247.238.221', NULL, 1, '2019-04-05 14:33:08', '2019-04-05 14:33:08'),
(2418, 7, '117.247.238.221', NULL, 2, '2019-04-05 14:33:11', '2019-04-05 14:33:11'),
(2419, 15, '117.247.238.221', NULL, 1, '2019-04-05 14:33:11', '2019-04-05 14:33:11'),
(2420, 15, '117.247.238.221', NULL, 2, '2019-04-05 14:33:17', '2019-04-05 14:33:17'),
(2421, 23, '117.247.238.221', NULL, 1, '2019-04-05 14:33:32', '2019-04-05 14:33:32'),
(2422, 11, '117.247.238.221', NULL, 1, '2019-04-05 14:33:39', '2019-04-05 14:33:39'),
(2423, 12, '117.247.238.221', NULL, 1, '2019-04-05 14:33:44', '2019-04-05 14:33:44'),
(2424, 11, '117.247.238.221', NULL, 2, '2019-04-05 14:33:44', '2019-04-05 14:33:44'),
(2425, 12, '117.247.238.221', NULL, 2, '2019-04-05 14:33:52', '2019-04-05 14:33:52'),
(2426, 14, '112.196.166.25', NULL, 1, '2019-04-05 14:34:14', '2019-04-05 14:34:14'),
(2427, 23, '117.247.238.221', NULL, 2, '2019-04-05 14:34:35', '2019-04-05 14:34:35'),
(2428, 18, '117.247.238.221', NULL, 1, '2019-04-05 14:34:47', '2019-04-05 14:34:47'),
(2429, 18, '117.247.238.221', NULL, 2, '2019-04-05 14:34:50', '2019-04-05 14:34:50'),
(2430, 9, '117.247.238.221', NULL, 1, '2019-04-05 14:35:21', '2019-04-05 14:35:21'),
(2431, 16, '117.247.238.221', NULL, 1, '2019-04-05 14:36:40', '2019-04-05 14:36:40'),
(2432, 16, '117.247.238.221', NULL, 2, '2019-04-05 14:36:44', '2019-04-05 14:36:44'),
(2433, 9, '117.247.238.221', NULL, 2, '2019-04-05 14:36:59', '2019-04-05 14:36:59'),
(2434, 25, '112.196.166.25', NULL, 1, '2019-04-05 14:37:12', '2019-04-05 14:37:12'),
(2435, 25, '112.196.166.25', NULL, 2, '2019-04-05 14:37:15', '2019-04-05 14:37:15'),
(2436, 8, '117.247.238.221', NULL, 1, '2019-04-05 14:38:00', '2019-04-05 14:38:00'),
(2437, 8, '117.247.238.221', NULL, 2, '2019-04-05 14:38:03', '2019-04-05 14:38:03'),
(2438, 2, '117.247.238.221', NULL, 1, '2019-04-05 14:39:48', '2019-04-05 14:39:48'),
(2439, 2, '117.247.238.221', NULL, 2, '2019-04-05 14:39:54', '2019-04-05 14:39:54'),
(2440, 1, '117.247.238.221', NULL, 1, '2019-04-05 14:40:20', '2019-04-05 14:40:20'),
(2441, 26, '157.37.199.71', NULL, 1, '2019-04-05 14:43:56', '2019-04-05 14:43:56'),
(2442, 26, '157.37.199.71', NULL, 2, '2019-04-05 14:44:00', '2019-04-05 14:44:00'),
(2443, 14, '112.196.166.25', NULL, 2, '2019-04-05 14:51:25', '2019-04-05 14:51:25'),
(2444, 20, '117.247.238.221', NULL, 1, '2019-04-05 14:55:19', '2019-04-05 14:55:19'),
(2445, 24, '117.247.238.221', NULL, 1, '2019-04-05 14:55:33', '2019-04-05 14:55:33'),
(2446, 3, '117.247.238.221', NULL, 1, '2019-04-05 14:55:37', '2019-04-05 14:55:37'),
(2447, 3, '117.247.238.221', NULL, 2, '2019-04-05 14:55:44', '2019-04-05 14:55:44'),
(2448, 24, '117.247.238.221', NULL, 2, '2019-04-05 14:55:56', '2019-04-05 14:55:56'),
(2449, 21, '117.247.238.221', NULL, 1, '2019-04-05 14:56:05', '2019-04-05 14:56:05'),
(2450, 21, '117.247.238.221', NULL, 2, '2019-04-05 14:56:10', '2019-04-05 14:56:10'),
(2451, 20, '117.247.238.221', NULL, 2, '2019-04-05 14:56:12', '2019-04-05 14:56:12'),
(2452, 29, '117.247.238.221', NULL, 2, '2019-04-05 14:56:49', '2019-04-05 14:56:49'),
(2453, 28, '117.247.238.221', NULL, 1, '2019-04-05 14:59:59', '2019-04-05 14:59:59'),
(2454, 28, '117.247.238.221', NULL, 2, '2019-04-05 15:00:02', '2019-04-05 15:00:02'),
(2455, 22, '117.247.238.221', NULL, 1, '2019-04-05 15:05:27', '2019-04-05 15:05:27'),
(2456, 22, '117.247.238.221', NULL, 2, '2019-04-05 15:05:30', '2019-04-05 15:05:30'),
(2457, 27, '112.196.166.25', NULL, 1, '2019-04-05 15:12:37', '2019-04-05 15:12:37'),
(2458, 27, '112.196.166.25', NULL, 2, '2019-04-05 15:12:40', '2019-04-05 15:12:40'),
(2459, 30, '117.247.238.221', NULL, 1, '2019-04-05 15:28:16', '2019-04-05 15:28:16'),
(2460, 30, '117.247.238.221', NULL, 2, '2019-04-05 15:29:04', '2019-04-05 15:29:04'),
(2461, 10, '117.247.238.221', NULL, 1, '2019-04-05 15:46:40', '2019-04-05 15:46:40'),
(2462, 10, '117.247.238.221', NULL, 2, '2019-04-05 15:46:43', '2019-04-05 15:46:43'),
(2463, 35, '112.196.166.57', NULL, 1, '2019-04-05 16:24:35', '2019-04-05 16:24:35'),
(2464, 35, '112.196.166.57', NULL, 2, '2019-04-05 16:24:54', '2019-04-05 16:24:54'),
(2465, 13, '112.196.166.78', NULL, 1, '2019-04-05 19:30:38', '2019-04-05 19:30:38'),
(2466, 13, '112.196.166.78', NULL, 3, '2019-04-05 19:31:22', '2019-04-05 19:31:22'),
(2467, 32, '112.196.166.25', NULL, 1, '2019-04-05 20:01:01', '2019-04-05 20:01:01'),
(2468, 32, '112.196.166.25', NULL, 2, '2019-04-05 20:01:08', '2019-04-05 20:01:08'),
(2469, 8, '112.196.166.57', NULL, 1, '2019-04-05 21:01:25', '2019-04-05 21:01:25'),
(2470, 12, '112.196.166.57', NULL, 1, '2019-04-05 22:44:59', '2019-04-05 22:44:59'),
(2471, 12, '112.196.166.57', NULL, 3, '2019-04-05 22:46:11', '2019-04-05 22:46:11'),
(2472, 1, '112.196.166.25', NULL, 1, '2019-04-05 22:51:06', '2019-04-05 22:51:06'),
(2473, 3, '112.196.166.57', NULL, 1, '2019-04-05 23:19:28', '2019-04-05 23:19:28'),
(2474, 11, '1.39.240.33', NULL, 1, '2019-04-05 23:22:17', '2019-04-05 23:22:17'),
(2475, 8, '112.196.166.57', NULL, 1, '2019-04-05 23:27:03', '2019-04-05 23:27:03'),
(2476, 8, '112.196.166.57', NULL, 1, '2019-04-05 23:27:39', '2019-04-05 23:27:39'),
(2477, 7, '112.196.166.57', NULL, 3, '2019-04-06 00:02:10', '2019-04-06 00:02:10'),
(2478, 11, '112.196.166.57', NULL, 3, '2019-04-06 00:04:04', '2019-04-06 00:04:04'),
(2479, 27, '112.196.166.25', NULL, 3, '2019-04-06 00:04:36', '2019-04-06 00:04:36'),
(2480, 35, '112.196.166.57', NULL, 3, '2019-04-06 00:05:02', '2019-04-06 00:05:02'),
(2481, 22, '112.196.166.57', NULL, 3, '2019-04-06 00:05:59', '2019-04-06 00:05:59'),
(2482, 17, '112.196.166.25', NULL, 3, '2019-04-06 00:08:44', '2019-04-06 00:08:44'),
(2483, 31, '112.196.166.25', NULL, 1, '2019-04-06 00:09:50', '2019-04-06 00:09:50'),
(2484, 31, '112.196.166.25', NULL, 3, '2019-04-06 00:11:40', '2019-04-06 00:11:40'),
(2485, 15, '112.196.166.57', NULL, 3, '2019-04-06 00:15:43', '2019-04-06 00:15:43'),
(2486, 14, '112.196.166.25', NULL, 3, '2019-04-06 00:18:08', '2019-04-06 00:18:08'),
(2487, 25, '112.196.166.25', NULL, 3, '2019-04-06 00:27:26', '2019-04-06 00:27:26'),
(2488, 28, '112.196.166.57', NULL, 3, '2019-04-06 00:31:59', '2019-04-06 00:31:59'),
(2489, 26, '117.247.238.221', NULL, 3, '2019-04-06 00:35:59', '2019-04-06 00:35:59'),
(2490, 16, '112.196.166.57', NULL, 3, '2019-04-06 00:40:55', '2019-04-06 00:40:55'),
(2491, 29, '117.247.238.221', NULL, 3, '2019-04-06 00:41:37', '2019-04-06 00:41:37'),
(2492, 9, '117.247.238.221', NULL, 3, '2019-04-06 00:53:46', '2019-04-06 00:53:46'),
(2493, 23, '112.196.166.57', NULL, 3, '2019-04-06 01:03:38', '2019-04-06 01:03:38'),
(2494, 30, '112.196.166.57', NULL, 3, '2019-04-06 01:06:25', '2019-04-06 01:06:25'),
(2495, 21, '112.196.166.57', NULL, 3, '2019-04-06 01:14:01', '2019-04-06 01:14:01'),
(2496, 20, '112.196.166.57', NULL, 3, '2019-04-06 01:21:59', '2019-04-06 01:21:59'),
(2497, 10, '112.196.166.57', NULL, 3, '2019-04-06 01:27:29', '2019-04-06 01:27:29'),
(2498, 5, '112.196.166.26', NULL, 1, '2019-04-06 14:04:39', '2019-04-06 14:04:39'),
(2499, 5, '112.196.166.26', NULL, 2, '2019-04-06 14:04:43', '2019-04-06 14:04:43'),
(2500, 17, '112.196.166.26', NULL, 1, '2019-04-06 14:10:02', '2019-04-06 14:10:02'),
(2501, 17, '112.196.166.26', NULL, 2, '2019-04-06 14:10:09', '2019-04-06 14:10:09'),
(2502, 31, '112.196.166.26', NULL, 1, '2019-04-06 14:31:38', '2019-04-06 14:31:38'),
(2503, 31, '112.196.166.26', NULL, 2, '2019-04-06 14:31:45', '2019-04-06 14:31:45'),
(2504, 21, '112.196.166.57', NULL, 1, '2019-04-06 14:48:47', '2019-04-06 14:48:47'),
(2505, 21, '112.196.166.57', NULL, 2, '2019-04-06 14:48:56', '2019-04-06 14:48:56'),
(2506, 14, '112.196.166.100', NULL, 1, '2019-04-06 14:52:35', '2019-04-06 14:52:35'),
(2507, 14, '112.196.166.26', NULL, 2, '2019-04-06 14:52:38', '2019-04-06 14:52:38'),
(2508, 20, '112.196.166.57', NULL, 1, '2019-04-06 15:06:21', '2019-04-06 15:06:21'),
(2509, 20, '112.196.166.57', NULL, 2, '2019-04-06 15:06:24', '2019-04-06 15:06:24'),
(2510, 35, '112.196.166.57', NULL, 1, '2019-04-06 15:13:54', '2019-04-06 15:13:54'),
(2511, 35, '112.196.166.57', NULL, 2, '2019-04-06 15:13:59', '2019-04-06 15:13:59'),
(2512, 3, '112.196.166.57', NULL, 1, '2019-04-06 15:17:04', '2019-04-06 15:17:04'),
(2513, 3, '112.196.166.57', NULL, 2, '2019-04-06 15:17:11', '2019-04-06 15:17:11'),
(2514, 9, '117.247.238.221', NULL, 1, '2019-04-06 15:28:06', '2019-04-06 15:28:06'),
(2515, 9, '117.247.238.221', NULL, 2, '2019-04-06 15:28:19', '2019-04-06 15:28:19'),
(2516, 30, '112.196.166.57', NULL, 1, '2019-04-06 15:40:31', '2019-04-06 15:40:31'),
(2517, 30, '112.196.166.57', NULL, 2, '2019-04-06 15:40:35', '2019-04-06 15:40:35'),
(2518, 27, '112.196.166.26', NULL, 1, '2019-04-06 15:41:40', '2019-04-06 15:41:40'),
(2519, 27, '112.196.166.26', NULL, 2, '2019-04-06 15:41:50', '2019-04-06 15:41:50'),
(2520, 10, '112.196.166.57', NULL, 1, '2019-04-06 15:41:51', '2019-04-06 15:41:51'),
(2521, 10, '112.196.166.57', NULL, 2, '2019-04-06 15:41:55', '2019-04-06 15:41:55'),
(2522, 16, '112.196.166.57', NULL, 1, '2019-04-06 16:03:03', '2019-04-06 16:03:03'),
(2523, 16, '112.196.166.57', NULL, 2, '2019-04-06 16:03:13', '2019-04-06 16:03:13'),
(2524, 2, '117.247.238.221', NULL, 1, '2019-04-06 16:31:23', '2019-04-06 16:31:23'),
(2525, 25, '112.196.166.26', NULL, 1, '2019-04-06 16:42:41', '2019-04-06 16:42:41'),
(2526, 25, '112.196.166.26', NULL, 2, '2019-04-06 16:42:44', '2019-04-06 16:42:44'),
(2527, 31, '112.196.166.26', NULL, 1, '2019-04-06 16:45:15', '2019-04-06 16:45:15'),
(2528, 2, '117.247.238.221', NULL, 2, '2019-04-06 16:45:32', '2019-04-06 16:45:32'),
(2529, 35, '112.196.166.92', NULL, 3, '2019-04-06 19:05:52', '2019-04-06 19:05:52'),
(2530, 30, '112.196.166.57', NULL, 3, '2019-04-06 19:36:42', '2019-04-06 19:36:42'),
(2531, 32, '112.196.166.26', NULL, 1, '2019-04-06 20:08:54', '2019-04-06 20:08:54'),
(2532, 32, '112.196.166.97', NULL, 2, '2019-04-06 20:09:17', '2019-04-06 20:09:17'),
(2533, 1, '112.196.166.57', NULL, 1, '2019-04-06 22:21:33', '2019-04-06 22:21:33'),
(2534, 27, '112.196.166.120', NULL, 3, '2019-04-06 22:46:28', '2019-04-06 22:46:28'),
(2535, 17, '112.196.166.120', NULL, 3, '2019-04-07 00:01:29', '2019-04-07 00:01:29'),
(2536, 3, '112.196.166.57', NULL, 1, '2019-04-07 00:02:59', '2019-04-07 00:02:59'),
(2537, 31, '112.196.166.120', NULL, 3, '2019-04-07 00:11:16', '2019-04-07 00:11:16'),
(2538, 14, '112.196.166.120', NULL, 3, '2019-04-07 00:22:06', '2019-04-07 00:22:06'),
(2539, 32, '112.196.166.120', NULL, 3, '2019-04-07 00:42:51', '2019-04-07 00:42:51'),
(2540, 3, '112.196.166.57', NULL, 3, '2019-04-07 00:51:23', '2019-04-07 00:51:23'),
(2541, 1, '112.196.166.120', NULL, 1, '2019-04-07 00:56:59', '2019-04-07 00:56:59'),
(2542, 16, '112.196.166.57', NULL, 3, '2019-04-07 01:10:20', '2019-04-07 01:10:20'),
(2543, 10, '112.196.166.57', NULL, 3, '2019-04-07 01:10:47', '2019-04-07 01:10:47'),
(2544, 9, '112.196.166.57', NULL, 1, '2019-04-07 01:22:36', '2019-04-07 01:22:36'),
(2545, 9, '112.196.166.57', NULL, 3, '2019-04-07 01:23:04', '2019-04-07 01:23:04'),
(2546, 21, '112.196.166.57', NULL, 3, '2019-04-07 01:45:32', '2019-04-07 01:45:32'),
(2547, 20, '112.196.166.57', NULL, 3, '2019-04-07 01:46:26', '2019-04-07 01:46:26'),
(2548, 25, '112.196.166.108', NULL, 1, '2019-04-07 17:57:15', '2019-04-07 17:57:15'),
(2549, 25, '112.196.166.108', NULL, 2, '2019-04-07 17:58:24', '2019-04-07 17:58:24'),
(2550, 14, '112.196.166.108', NULL, 1, '2019-04-07 19:09:45', '2019-04-07 19:09:45'),
(2551, 14, '112.196.166.108', NULL, 2, '2019-04-07 19:09:49', '2019-04-07 19:09:49'),
(2552, 25, '112.196.166.108', NULL, 3, '2019-04-07 22:37:10', '2019-04-07 22:37:10'),
(2553, 14, '112.196.166.108', NULL, 3, '2019-04-07 22:50:40', '2019-04-07 22:50:40'),
(2554, 18, '112.196.166.87', NULL, 1, '2019-04-08 13:43:05', '2019-04-08 13:43:05'),
(2555, 18, '112.196.166.87', NULL, 2, '2019-04-08 13:43:13', '2019-04-08 13:43:13'),
(2556, 7, '112.196.166.87', NULL, 1, '2019-04-08 13:59:19', '2019-04-08 13:59:19'),
(2557, 7, '112.196.166.87', NULL, 2, '2019-04-08 13:59:23', '2019-04-08 13:59:23'),
(2558, 4, '112.196.166.87', NULL, 1, '2019-04-08 14:01:27', '2019-04-08 14:01:27'),
(2559, 4, '112.196.166.87', NULL, 2, '2019-04-08 14:01:38', '2019-04-08 14:01:38'),
(2560, 17, '112.196.166.60', NULL, 1, '2019-04-08 14:15:04', '2019-04-08 14:15:04'),
(2561, 17, '112.196.166.60', NULL, 2, '2019-04-08 14:15:14', '2019-04-08 14:15:14'),
(2562, 5, '112.196.166.60', NULL, 1, '2019-04-08 14:15:51', '2019-04-08 14:15:51'),
(2563, 5, '112.196.166.60', NULL, 2, '2019-04-08 14:15:55', '2019-04-08 14:15:55'),
(2564, 12, '112.196.166.87', NULL, 1, '2019-04-08 14:32:21', '2019-04-08 14:32:21'),
(2565, 11, '112.196.166.87', NULL, 1, '2019-04-08 14:32:37', '2019-04-08 14:32:37'),
(2566, 11, '112.196.166.87', NULL, 2, '2019-04-08 14:32:41', '2019-04-08 14:32:41'),
(2567, 12, '112.196.166.87', NULL, 2, '2019-04-08 14:33:23', '2019-04-08 14:33:23'),
(2568, 9, '117.247.238.221', NULL, 1, '2019-04-08 14:35:52', '2019-04-08 14:35:52'),
(2569, 15, '112.196.166.87', NULL, 1, '2019-04-08 14:36:06', '2019-04-08 14:36:06'),
(2570, 15, '112.196.166.87', NULL, 2, '2019-04-08 14:36:11', '2019-04-08 14:36:11'),
(2571, 26, '117.247.238.221', NULL, 1, '2019-04-08 14:36:20', '2019-04-08 14:36:20'),
(2572, 26, '117.247.238.221', NULL, 2, '2019-04-08 14:36:28', '2019-04-08 14:36:28'),
(2573, 9, '117.247.238.221', NULL, 2, '2019-04-08 14:37:28', '2019-04-08 14:37:28'),
(2574, 8, '112.196.166.87', NULL, 1, '2019-04-08 14:40:22', '2019-04-08 14:40:22'),
(2575, 8, '112.196.166.87', NULL, 2, '2019-04-08 14:40:26', '2019-04-08 14:40:26'),
(2576, 16, '112.196.166.87', NULL, 1, '2019-04-08 14:44:11', '2019-04-08 14:44:11'),
(2577, 16, '112.196.166.87', NULL, 2, '2019-04-08 14:44:15', '2019-04-08 14:44:15'),
(2578, 21, '112.196.166.87', NULL, 1, '2019-04-08 14:45:22', '2019-04-08 14:45:22'),
(2579, 21, '112.196.166.87', NULL, 2, '2019-04-08 14:45:27', '2019-04-08 14:45:27'),
(2580, 25, '112.196.166.60', NULL, 1, '2019-04-08 14:45:53', '2019-04-08 14:45:53'),
(2581, 25, '112.196.166.60', NULL, 2, '2019-04-08 14:45:58', '2019-04-08 14:45:58'),
(2582, 2, '112.196.166.87', NULL, 1, '2019-04-08 14:49:55', '2019-04-08 14:49:55'),
(2583, 2, '112.196.166.87', NULL, 2, '2019-04-08 14:50:03', '2019-04-08 14:50:03'),
(2584, 3, '112.196.166.87', NULL, 1, '2019-04-08 14:51:37', '2019-04-08 14:51:37'),
(2585, 3, '112.196.166.100', NULL, 2, '2019-04-08 14:51:48', '2019-04-08 14:51:48'),
(2586, 29, '117.247.238.221', NULL, 1, '2019-04-08 14:56:44', '2019-04-08 14:56:44'),
(2587, 24, '112.196.166.68', NULL, 1, '2019-04-08 14:56:46', '2019-04-08 14:56:46'),
(2588, 24, '112.196.166.87', NULL, 2, '2019-04-08 14:56:49', '2019-04-08 14:56:49'),
(2589, 29, '117.247.238.221', NULL, 1, '2019-04-08 14:57:49', '2019-04-08 14:57:49'),
(2590, 29, '117.247.238.221', NULL, 1, '2019-04-08 14:58:29', '2019-04-08 14:58:29'),
(2591, 29, '117.247.238.221', NULL, 2, '2019-04-08 14:58:35', '2019-04-08 14:58:35'),
(2592, 20, '112.196.166.87', NULL, 1, '2019-04-08 15:02:08', '2019-04-08 15:02:08'),
(2593, 20, '112.196.166.87', NULL, 2, '2019-04-08 15:02:13', '2019-04-08 15:02:13'),
(2594, 22, '112.196.166.87', NULL, 1, '2019-04-08 15:08:20', '2019-04-08 15:08:20'),
(2595, 22, '112.196.166.87', NULL, 2, '2019-04-08 15:08:24', '2019-04-08 15:08:24'),
(2596, 23, '112.196.166.87', NULL, 1, '2019-04-08 15:11:55', '2019-04-08 15:11:55'),
(2597, 23, '112.196.166.87', NULL, 2, '2019-04-08 15:11:59', '2019-04-08 15:11:59'),
(2598, 14, '112.196.166.60', NULL, 1, '2019-04-08 15:14:39', '2019-04-08 15:14:39'),
(2599, 3, '112.196.166.87', NULL, 1, '2019-04-08 15:14:54', '2019-04-08 15:14:54'),
(2600, 14, '112.196.166.60', NULL, 2, '2019-04-08 15:15:02', '2019-04-08 15:15:02'),
(2601, 27, '112.196.166.60', NULL, 1, '2019-04-08 15:16:09', '2019-04-08 15:16:09'),
(2602, 27, '112.196.166.60', NULL, 2, '2019-04-08 15:16:14', '2019-04-08 15:16:14'),
(2603, 30, '112.196.166.87', NULL, 1, '2019-04-08 15:27:05', '2019-04-08 15:27:05'),
(2604, 30, '112.196.166.87', NULL, 2, '2019-04-08 15:27:10', '2019-04-08 15:27:10'),
(2605, 10, '112.196.166.87', NULL, 1, '2019-04-08 15:31:08', '2019-04-08 15:31:08'),
(2606, 10, '112.196.166.87', NULL, 2, '2019-04-08 15:31:12', '2019-04-08 15:31:12'),
(2607, 2, '112.196.166.87', NULL, 1, '2019-04-08 16:04:03', '2019-04-08 16:04:03'),
(2608, 1, '112.196.166.87', NULL, 1, '2019-04-08 16:04:05', '2019-04-08 16:04:05'),
(2609, 28, '112.196.166.87', NULL, 1, '2019-04-08 16:08:14', '2019-04-08 16:08:14'),
(2610, 28, '112.196.166.87', NULL, 2, '2019-04-08 16:08:18', '2019-04-08 16:08:18'),
(2611, 8, '112.196.166.87', NULL, 1, '2019-04-08 19:57:49', '2019-04-08 19:57:49'),
(2612, 1, '112.196.166.87', NULL, 1, '2019-04-08 19:58:00', '2019-04-08 19:58:00'),
(2613, 1, '112.196.166.87', NULL, 1, '2019-04-08 20:00:45', '2019-04-08 20:00:45'),
(2614, 32, '112.196.166.60', NULL, 1, '2019-04-08 20:19:16', '2019-04-08 20:19:16'),
(2615, 32, '112.196.166.60', NULL, 2, '2019-04-08 20:19:25', '2019-04-08 20:19:25'),
(2616, 1, '112.196.166.87', NULL, 1, '2019-04-08 20:22:12', '2019-04-08 20:22:12'),
(2617, 1, '112.196.166.87', NULL, 1, '2019-04-08 20:30:31', '2019-04-08 20:30:31'),
(2618, 2, '112.196.166.87', NULL, 1, '2019-04-08 20:34:01', '2019-04-08 20:34:01'),
(2619, 3, '112.196.166.87', NULL, 1, '2019-04-08 21:22:21', '2019-04-08 21:22:21'),
(2620, 9, '117.247.238.221', NULL, 1, '2019-04-08 22:11:42', '2019-04-08 22:11:42'),
(2621, 20, '112.196.166.87', NULL, 3, '2019-04-08 22:36:12', '2019-04-08 22:36:12'),
(2622, 1, '112.196.166.87', NULL, 1, '2019-04-09 00:01:53', '2019-04-09 00:01:53'),
(2623, 8, '112.196.166.87', NULL, 1, '2019-04-09 00:02:10', '2019-04-09 00:02:10'),
(2624, 8, '112.196.166.87', NULL, 3, '2019-04-09 00:03:50', '2019-04-09 00:03:50'),
(2625, 7, '112.196.166.87', NULL, 3, '2019-04-09 00:04:38', '2019-04-09 00:04:38'),
(2626, 11, '112.196.166.87', NULL, 1, '2019-04-09 00:06:06', '2019-04-09 00:06:06'),
(2627, 27, '112.196.166.60', NULL, 3, '2019-04-09 00:08:02', '2019-04-09 00:08:02'),
(2628, 4, '112.196.166.87', NULL, 3, '2019-04-09 00:08:31', '2019-04-09 00:08:31'),
(2629, 17, '112.196.166.60', NULL, 3, '2019-04-09 00:09:12', '2019-04-09 00:09:12'),
(2630, 18, '112.196.166.87', NULL, 3, '2019-04-09 00:09:44', '2019-04-09 00:09:44'),
(2631, 15, '112.196.166.87', NULL, 3, '2019-04-09 00:10:05', '2019-04-09 00:10:05'),
(2632, 11, '112.196.166.87', NULL, 1, '2019-04-09 00:13:14', '2019-04-09 00:13:14'),
(2633, 11, '112.196.166.87', NULL, 3, '2019-04-09 00:15:05', '2019-04-09 00:15:05'),
(2634, 12, '112.196.166.87', NULL, 1, '2019-04-09 00:29:24', '2019-04-09 00:29:24'),
(2635, 22, '112.196.166.87', NULL, 3, '2019-04-09 00:29:27', '2019-04-09 00:29:27'),
(2636, 12, '112.196.166.87', NULL, 3, '2019-04-09 00:30:08', '2019-04-09 00:30:08'),
(2637, 26, '117.247.238.221', NULL, 3, '2019-04-09 00:33:36', '2019-04-09 00:33:36'),
(2638, 14, '112.196.166.60', NULL, 3, '2019-04-09 00:36:59', '2019-04-09 00:36:59'),
(2639, 28, '112.196.166.87', NULL, 3, '2019-04-09 00:38:44', '2019-04-09 00:38:44'),
(2640, 32, '112.196.166.60', NULL, 3, '2019-04-09 00:41:51', '2019-04-09 00:41:51'),
(2641, 23, '112.196.166.87', NULL, 1, '2019-04-09 00:43:03', '2019-04-09 00:43:03'),
(2642, 23, '112.196.166.87', NULL, 3, '2019-04-09 00:43:33', '2019-04-09 00:43:33'),
(2643, 29, '117.247.238.221', NULL, 3, '2019-04-09 00:43:54', '2019-04-09 00:43:54'),
(2644, 2, '112.196.166.87', NULL, 3, '2019-04-09 00:46:47', '2019-04-09 00:46:47'),
(2645, 3, '112.196.166.87', NULL, 3, '2019-04-09 00:46:49', '2019-04-09 00:46:49'),
(2646, 25, '112.196.166.60', NULL, 3, '2019-04-09 00:50:03', '2019-04-09 00:50:03'),
(2647, 21, '112.196.166.87', NULL, 3, '2019-04-09 00:50:58', '2019-04-09 00:50:58'),
(2648, 16, '112.196.166.87', NULL, 3, '2019-04-09 00:53:21', '2019-04-09 00:53:21'),
(2649, 24, '112.196.166.87', NULL, 3, '2019-04-09 00:53:32', '2019-04-09 00:53:32'),
(2650, 30, '112.196.166.87', NULL, 3, '2019-04-09 01:00:30', '2019-04-09 01:00:30'),
(2651, 10, '112.196.166.87', NULL, 3, '2019-04-09 01:02:03', '2019-04-09 01:02:03'),
(2652, 23, '112.196.166.9', NULL, 1, '2019-04-09 13:40:10', '2019-04-09 13:40:10'),
(2653, 23, '112.196.166.90', NULL, 2, '2019-04-09 13:40:27', '2019-04-09 13:40:27'),
(2654, 18, '112.196.166.9', NULL, 1, '2019-04-09 13:52:10', '2019-04-09 13:52:10'),
(2655, 18, '112.196.166.9', NULL, 2, '2019-04-09 13:52:14', '2019-04-09 13:52:14'),
(2656, 17, '112.196.166.14', NULL, 1, '2019-04-09 14:03:20', '2019-04-09 14:03:20'),
(2657, 17, '112.196.166.14', NULL, 2, '2019-04-09 14:05:16', '2019-04-09 14:05:16'),
(2658, 13, '112.196.166.14', NULL, 1, '2019-04-09 14:21:52', '2019-04-09 14:21:52'),
(2659, 13, '112.196.166.14', NULL, 2, '2019-04-09 14:21:55', '2019-04-09 14:21:55'),
(2660, 11, '112.196.166.9', NULL, 1, '2019-04-09 14:30:37', '2019-04-09 14:30:37'),
(2661, 11, '112.196.166.9', NULL, 2, '2019-04-09 14:30:54', '2019-04-09 14:30:54'),
(2662, 15, '112.196.166.9', NULL, 1, '2019-04-09 14:34:19', '2019-04-09 14:34:19'),
(2663, 15, '112.196.166.9', NULL, 2, '2019-04-09 14:34:24', '2019-04-09 14:34:24'),
(2664, 7, '112.196.166.9', NULL, 1, '2019-04-09 14:34:37', '2019-04-09 14:34:37'),
(2665, 7, '112.196.166.9', NULL, 2, '2019-04-09 14:34:41', '2019-04-09 14:34:41'),
(2666, 16, '112.196.166.9', NULL, 1, '2019-04-09 14:35:11', '2019-04-09 14:35:11'),
(2667, 16, '112.196.166.9', NULL, 2, '2019-04-09 14:35:16', '2019-04-09 14:35:16'),
(2668, 4, '112.196.166.9', NULL, 1, '2019-04-09 14:35:21', '2019-04-09 14:35:21'),
(2669, 4, '112.196.166.9', NULL, 2, '2019-04-09 14:35:25', '2019-04-09 14:35:25'),
(2670, 8, '112.196.166.9', NULL, 1, '2019-04-09 14:35:36', '2019-04-09 14:35:36'),
(2671, 8, '112.196.166.9', NULL, 2, '2019-04-09 14:35:39', '2019-04-09 14:35:39'),
(2672, 9, '112.196.166.114', NULL, 1, '2019-04-09 14:36:08', '2019-04-09 14:36:08'),
(2673, 9, '112.196.166.93', NULL, 2, '2019-04-09 14:36:45', '2019-04-09 14:36:45'),
(2674, 12, '112.196.166.9', NULL, 1, '2019-04-09 14:36:57', '2019-04-09 14:36:57'),
(2675, 12, '112.196.166.9', NULL, 2, '2019-04-09 14:37:05', '2019-04-09 14:37:05'),
(2676, 26, '112.196.166.9', NULL, 1, '2019-04-09 14:38:00', '2019-04-09 14:38:00'),
(2677, 26, '112.196.166.9', NULL, 2, '2019-04-09 14:38:06', '2019-04-09 14:38:06'),
(2678, 25, '112.196.166.14', NULL, 1, '2019-04-09 14:38:45', '2019-04-09 14:38:45'),
(2679, 25, '112.196.166.14', NULL, 2, '2019-04-09 14:38:49', '2019-04-09 14:38:49'),
(2680, 5, '112.196.166.14', NULL, 1, '2019-04-09 14:41:28', '2019-04-09 14:41:28'),
(2681, 5, '112.196.166.14', NULL, 2, '2019-04-09 14:41:32', '2019-04-09 14:41:32'),
(2682, 2, '112.196.166.9', NULL, 1, '2019-04-09 14:46:05', '2019-04-09 14:46:05'),
(2683, 2, '66.249.88.2', NULL, 2, '2019-04-09 14:46:11', '2019-04-09 14:46:11'),
(2684, 29, '112.196.166.9', NULL, 2, '2019-04-09 14:49:39', '2019-04-09 14:49:39'),
(2685, 24, '112.196.166.44', NULL, 1, '2019-04-09 14:51:01', '2019-04-09 14:51:01'),
(2686, 24, '112.196.166.9', NULL, 2, '2019-04-09 14:51:05', '2019-04-09 14:51:05'),
(2687, 14, '112.196.166.14', NULL, 1, '2019-04-09 14:53:51', '2019-04-09 14:53:51'),
(2688, 14, '112.196.166.14', NULL, 2, '2019-04-09 14:53:54', '2019-04-09 14:53:54'),
(2689, 21, '112.196.166.9', NULL, 1, '2019-04-09 14:59:25', '2019-04-09 14:59:25'),
(2690, 21, '112.196.166.9', NULL, 2, '2019-04-09 14:59:29', '2019-04-09 14:59:29'),
(2691, 20, '112.196.166.9', NULL, 1, '2019-04-09 15:00:46', '2019-04-09 15:00:46'),
(2692, 20, '112.196.166.9', NULL, 2, '2019-04-09 15:00:50', '2019-04-09 15:00:50'),
(2693, 3, '112.196.166.9', NULL, 1, '2019-04-09 15:02:33', '2019-04-09 15:02:33'),
(2694, 3, '112.196.166.9', NULL, 2, '2019-04-09 15:02:48', '2019-04-09 15:02:48'),
(2695, 27, '112.196.166.14', NULL, 1, '2019-04-09 15:04:09', '2019-04-09 15:04:09'),
(2696, 27, '112.196.166.14', NULL, 2, '2019-04-09 15:04:13', '2019-04-09 15:04:13'),
(2697, 28, '112.196.166.9', NULL, 1, '2019-04-09 15:09:10', '2019-04-09 15:09:10'),
(2698, 28, '112.196.166.9', NULL, 2, '2019-04-09 15:09:16', '2019-04-09 15:09:16'),
(2699, 30, '112.196.166.9', NULL, 1, '2019-04-09 15:12:03', '2019-04-09 15:12:03'),
(2700, 30, '112.196.166.9', NULL, 2, '2019-04-09 15:12:13', '2019-04-09 15:12:13'),
(2701, 10, '112.196.166.9', NULL, 1, '2019-04-09 15:28:42', '2019-04-09 15:28:42'),
(2702, 10, '112.196.166.9', NULL, 2, '2019-04-09 15:28:46', '2019-04-09 15:28:46'),
(2703, 22, '112.196.166.9', NULL, 1, '2019-04-09 15:29:18', '2019-04-09 15:29:18'),
(2704, 22, '112.196.166.9', NULL, 2, '2019-04-09 15:29:22', '2019-04-09 15:29:22'),
(2705, 2, '112.196.166.9', NULL, 1, '2019-04-09 16:41:41', '2019-04-09 16:41:41'),
(2706, 1, '112.196.166.9', NULL, 1, '2019-04-09 16:41:49', '2019-04-09 16:41:49'),
(2707, 1, '112.196.166.9', NULL, 1, '2019-04-09 17:37:40', '2019-04-09 17:37:40'),
(2708, 12, '112.196.166.9', NULL, 1, '2019-04-09 18:47:04', '2019-04-09 18:47:04'),
(2709, 12, '112.196.166.9', NULL, 1, '2019-04-09 18:56:10', '2019-04-09 18:56:10'),
(2710, 8, '112.196.166.9', NULL, 1, '2019-04-09 19:59:16', '2019-04-09 19:59:16'),
(2711, 1, '112.196.166.9', NULL, 1, '2019-04-09 20:00:43', '2019-04-09 20:00:43'),
(2712, 8, '112.196.166.9', NULL, 1, '2019-04-09 20:09:53', '2019-04-09 20:09:53'),
(2713, 1, '112.196.166.9', NULL, 1, '2019-04-09 20:20:41', '2019-04-09 20:20:41'),
(2714, 32, '112.196.166.14', NULL, 1, '2019-04-09 20:34:31', '2019-04-09 20:34:31'),
(2715, 32, '112.196.166.14', NULL, 2, '2019-04-09 20:34:37', '2019-04-09 20:34:37'),
(2716, 9, '112.196.166.9', NULL, 1, '2019-04-09 21:29:23', '2019-04-09 21:29:23'),
(2717, 12, '112.196.166.9', NULL, 1, '2019-04-09 21:33:08', '2019-04-09 21:33:08'),
(2718, 8, '112.196.166.9', NULL, 1, '2019-04-09 23:51:25', '2019-04-09 23:51:25'),
(2719, 8, '112.196.166.9', NULL, 3, '2019-04-09 23:52:06', '2019-04-09 23:52:06'),
(2720, 23, '112.196.166.9', NULL, 3, '2019-04-09 23:53:00', '2019-04-09 23:53:00'),
(2721, 21, '112.196.166.9', NULL, 3, '2019-04-10 00:00:06', '2019-04-10 00:00:06'),
(2722, 7, '112.196.166.9', NULL, 3, '2019-04-10 00:01:06', '2019-04-10 00:01:06'),
(2723, 17, '112.196.166.14', NULL, 3, '2019-04-10 00:02:20', '2019-04-10 00:02:20'),
(2724, 4, '112.196.166.9', NULL, 3, '2019-04-10 00:02:55', '2019-04-10 00:02:55'),
(2725, 18, '112.196.166.9', NULL, 3, '2019-04-10 00:03:50', '2019-04-10 00:03:50'),
(2726, 15, '112.196.166.9', NULL, 3, '2019-04-10 00:05:00', '2019-04-10 00:05:00'),
(2727, 27, '112.196.166.14', NULL, 3, '2019-04-10 00:06:39', '2019-04-10 00:06:39'),
(2728, 3, '112.196.166.75', NULL, 1, '2019-04-10 00:08:17', '2019-04-10 00:08:17'),
(2729, 16, '112.196.166.9', NULL, 3, '2019-04-10 00:10:50', '2019-04-10 00:10:50'),
(2730, 3, '112.196.166.9', NULL, 3, '2019-04-10 00:12:05', '2019-04-10 00:12:05'),
(2731, 12, '112.196.166.9', NULL, 1, '2019-04-10 00:17:35', '2019-04-10 00:17:35'),
(2732, 13, '112.196.166.14', NULL, 1, '2019-04-10 00:17:37', '2019-04-10 00:17:37'),
(2733, 12, '112.196.166.9', NULL, 3, '2019-04-10 00:18:35', '2019-04-10 00:18:35'),
(2734, 5, '112.196.166.14', NULL, 3, '2019-04-10 00:20:18', '2019-04-10 00:20:18'),
(2735, 13, '112.196.166.14', NULL, 3, '2019-04-10 00:21:57', '2019-04-10 00:21:57'),
(2736, 22, '112.196.166.9', NULL, 3, '2019-04-10 00:30:13', '2019-04-10 00:30:13'),
(2737, 28, '112.196.166.9', NULL, 3, '2019-04-10 00:32:49', '2019-04-10 00:32:49'),
(2738, 24, '112.196.166.9', NULL, 3, '2019-04-10 00:36:15', '2019-04-10 00:36:15'),
(2739, 29, '112.196.166.9', NULL, 3, '2019-04-10 00:37:09', '2019-04-10 00:37:09'),
(2740, 20, '112.196.166.9', NULL, 3, '2019-04-10 00:38:36', '2019-04-10 00:38:36'),
(2741, 2, '64.233.173.54', NULL, 3, '2019-04-10 00:38:50', '2019-04-10 00:38:50'),
(2742, 30, '112.196.166.9', NULL, 3, '2019-04-10 01:00:06', '2019-04-10 01:00:06'),
(2743, 26, '112.196.166.9', NULL, 3, '2019-04-10 01:09:28', '2019-04-10 01:09:28'),
(2744, 32, '112.196.166.14', NULL, 3, '2019-04-10 01:10:24', '2019-04-10 01:10:24'),
(2745, 25, '112.196.166.14', NULL, 1, '2019-04-10 01:31:15', '2019-04-10 01:31:15'),
(2746, 14, '112.196.166.14', NULL, 3, '2019-04-10 01:50:14', '2019-04-10 01:50:14'),
(2747, 18, '112.196.166.9', NULL, 1, '2019-04-10 13:53:20', '2019-04-10 13:53:20'),
(2748, 18, '112.196.166.9', NULL, 2, '2019-04-10 13:53:26', '2019-04-10 13:53:26'),
(2749, 23, '112.196.166.9', NULL, 1, '2019-04-10 13:54:23', '2019-04-10 13:54:23'),
(2750, 23, '112.196.166.9', NULL, 2, '2019-04-10 13:54:26', '2019-04-10 13:54:26'),
(2751, 5, '112.196.166.14', NULL, 1, '2019-04-10 14:02:37', '2019-04-10 14:02:37'),
(2752, 5, '112.196.166.14', NULL, 2, '2019-04-10 14:02:41', '2019-04-10 14:02:41'),
(2753, 17, '112.196.166.14', NULL, 1, '2019-04-10 14:06:58', '2019-04-10 14:06:58'),
(2754, 17, '112.196.166.14', NULL, 2, '2019-04-10 14:07:03', '2019-04-10 14:07:03'),
(2755, 7, '112.196.166.9', NULL, 1, '2019-04-10 14:29:19', '2019-04-10 14:29:19'),
(2756, 12, '112.196.166.9', NULL, 1, '2019-04-10 14:29:22', '2019-04-10 14:29:22'),
(2757, 7, '112.196.166.9', NULL, 2, '2019-04-10 14:29:23', '2019-04-10 14:29:23'),
(2758, 12, '112.196.166.9', NULL, 2, '2019-04-10 14:29:26', '2019-04-10 14:29:26'),
(2759, 4, '112.196.166.9', NULL, 1, '2019-04-10 14:29:56', '2019-04-10 14:29:56'),
(2760, 4, '112.196.166.9', NULL, 2, '2019-04-10 14:30:03', '2019-04-10 14:30:03'),
(2761, 11, '112.196.166.9', NULL, 1, '2019-04-10 14:32:40', '2019-04-10 14:32:40'),
(2762, 11, '112.196.166.9', NULL, 2, '2019-04-10 14:32:44', '2019-04-10 14:32:44'),
(2763, 16, '112.196.166.9', NULL, 1, '2019-04-10 14:32:50', '2019-04-10 14:32:50'),
(2764, 16, '112.196.166.9', NULL, 2, '2019-04-10 14:32:54', '2019-04-10 14:32:54'),
(2765, 26, '112.196.166.9', NULL, 1, '2019-04-10 14:35:56', '2019-04-10 14:35:56'),
(2766, 26, '112.196.166.9', NULL, 2, '2019-04-10 14:36:23', '2019-04-10 14:36:23'),
(2767, 9, '112.196.166.9', NULL, 1, '2019-04-10 14:37:06', '2019-04-10 14:37:06'),
(2768, 9, '112.196.166.9', NULL, 2, '2019-04-10 14:37:28', '2019-04-10 14:37:28'),
(2769, 2, '112.196.166.9', NULL, 1, '2019-04-10 14:38:13', '2019-04-10 14:38:13'),
(2770, 2, '64.233.173.54', NULL, 2, '2019-04-10 14:38:17', '2019-04-10 14:38:17'),
(2771, 25, '112.196.166.14', NULL, 1, '2019-04-10 14:39:00', '2019-04-10 14:39:00'),
(2772, 25, '112.196.166.14', NULL, 2, '2019-04-10 14:39:03', '2019-04-10 14:39:03'),
(2773, 14, '112.196.166.14', NULL, 1, '2019-04-10 14:39:25', '2019-04-10 14:39:25'),
(2774, 14, '112.196.166.14', NULL, 2, '2019-04-10 14:39:27', '2019-04-10 14:39:27'),
(2775, 8, '112.196.166.9', NULL, 1, '2019-04-10 14:40:08', '2019-04-10 14:40:08'),
(2776, 13, '112.196.166.14', NULL, 1, '2019-04-10 14:40:10', '2019-04-10 14:40:10'),
(2777, 8, '112.196.166.9', NULL, 2, '2019-04-10 14:40:11', '2019-04-10 14:40:11'),
(2778, 13, '112.196.166.14', NULL, 2, '2019-04-10 14:40:13', '2019-04-10 14:40:13'),
(2779, 1, '112.196.166.9', NULL, 1, '2019-04-10 14:42:40', '2019-04-10 14:42:40'),
(2780, 29, '112.196.166.9', NULL, 1, '2019-04-10 14:50:55', '2019-04-10 14:50:55'),
(2781, 24, '112.196.166.9', NULL, 1, '2019-04-10 14:51:00', '2019-04-10 14:51:00'),
(2782, 24, '112.196.166.9', NULL, 2, '2019-04-10 14:51:06', '2019-04-10 14:51:06'),
(2783, 29, '112.196.166.105', NULL, 1, '2019-04-10 14:51:30', '2019-04-10 14:51:30'),
(2784, 29, '112.196.166.9', NULL, 1, '2019-04-10 14:51:43', '2019-04-10 14:51:43'),
(2785, 29, '112.196.166.9', NULL, 2, '2019-04-10 14:51:53', '2019-04-10 14:51:53'),
(2786, 21, '112.196.166.9', NULL, 1, '2019-04-10 14:52:47', '2019-04-10 14:52:47'),
(2787, 21, '112.196.166.9', NULL, 2, '2019-04-10 14:52:52', '2019-04-10 14:52:52'),
(2788, 27, '112.196.166.14', NULL, 1, '2019-04-10 15:00:13', '2019-04-10 15:00:13'),
(2789, 27, '112.196.166.14', NULL, 2, '2019-04-10 15:00:16', '2019-04-10 15:00:16'),
(2790, 28, '112.196.166.9', NULL, 1, '2019-04-10 15:05:26', '2019-04-10 15:05:26'),
(2791, 28, '112.196.166.9', NULL, 2, '2019-04-10 15:05:29', '2019-04-10 15:05:29'),
(2792, 22, '112.196.166.9', NULL, 1, '2019-04-10 15:11:10', '2019-04-10 15:11:10'),
(2793, 22, '112.196.166.9', NULL, 2, '2019-04-10 15:11:34', '2019-04-10 15:11:34'),
(2794, 10, '112.196.166.9', NULL, 1, '2019-04-10 15:25:03', '2019-04-10 15:25:03'),
(2795, 10, '112.196.166.9', NULL, 2, '2019-04-10 15:25:08', '2019-04-10 15:25:08'),
(2796, 30, '112.196.166.9', NULL, 1, '2019-04-10 15:32:47', '2019-04-10 15:32:47'),
(2797, 30, '112.196.166.9', NULL, 2, '2019-04-10 15:32:55', '2019-04-10 15:32:55'),
(2798, 3, '112.196.166.9', NULL, 1, '2019-04-10 16:06:22', '2019-04-10 16:06:22'),
(2799, 9, '112.196.166.9', NULL, 1, '2019-04-10 16:07:38', '2019-04-10 16:07:38'),
(2800, 3, '112.196.166.9', NULL, 2, '2019-04-10 16:08:52', '2019-04-10 16:08:52'),
(2801, 3, '112.196.166.9', NULL, 1, '2019-04-10 16:20:08', '2019-04-10 16:20:08'),
(2802, 2, '157.37.247.133', NULL, 1, '2019-04-10 16:26:42', '2019-04-10 16:26:42'),
(2803, 3, '112.196.166.9', NULL, 1, '2019-04-10 16:39:05', '2019-04-10 16:39:05'),
(2804, 3, '112.196.166.9', NULL, 3, '2019-04-10 17:12:41', '2019-04-10 17:12:41'),
(2805, 13, '112.196.166.14', NULL, 1, '2019-04-10 19:36:33', '2019-04-10 19:36:33'),
(2806, 32, '112.196.166.14', NULL, 1, '2019-04-10 20:38:01', '2019-04-10 20:38:01'),
(2807, 32, '112.196.166.14', NULL, 2, '2019-04-10 20:38:11', '2019-04-10 20:38:11'),
(2808, 1, '112.196.166.9', NULL, 1, '2019-04-10 22:30:37', '2019-04-10 22:30:37'),
(2809, 27, '112.196.166.14', NULL, 3, '2019-04-11 00:01:28', '2019-04-11 00:01:28'),
(2810, 8, '112.196.166.9', NULL, 1, '2019-04-11 00:03:41', '2019-04-11 00:03:41'),
(2811, 8, '112.196.166.9', NULL, 3, '2019-04-11 00:04:39', '2019-04-11 00:04:39'),
(2812, 12, '112.196.166.9', NULL, 3, '2019-04-11 00:04:47', '2019-04-11 00:04:47'),
(2813, 16, '112.196.166.9', NULL, 3, '2019-04-11 00:11:27', '2019-04-11 00:11:27'),
(2814, 11, '112.196.166.9', NULL, 3, '2019-04-11 00:14:54', '2019-04-11 00:14:54'),
(2815, 17, '112.196.166.14', NULL, 3, '2019-04-11 00:18:08', '2019-04-11 00:18:08'),
(2816, 5, '112.196.166.14', NULL, 3, '2019-04-11 00:19:48', '2019-04-11 00:19:48'),
(2817, 7, '112.196.166.9', NULL, 3, '2019-04-11 00:22:11', '2019-04-11 00:22:11'),
(2818, 4, '112.196.166.9', NULL, 1, '2019-04-11 00:22:43', '2019-04-11 00:22:43'),
(2819, 4, '112.196.166.9', NULL, 3, '2019-04-11 00:23:59', '2019-04-11 00:23:59'),
(2820, 14, '112.196.166.14', NULL, 3, '2019-04-11 00:24:48', '2019-04-11 00:24:48'),
(2821, 22, '112.196.166.9', NULL, 3, '2019-04-11 00:30:18', '2019-04-11 00:30:18'),
(2822, 24, '112.196.166.9', NULL, 3, '2019-04-11 00:30:21', '2019-04-11 00:30:21'),
(2823, 21, '112.196.166.9', NULL, 3, '2019-04-11 00:31:02', '2019-04-11 00:31:02'),
(2824, 23, '112.196.166.9', NULL, 3, '2019-04-11 00:32:48', '2019-04-11 00:32:48'),
(2825, 1, '112.196.166.9', NULL, 1, '2019-04-11 00:41:31', '2019-04-11 00:41:31'),
(2826, 26, '112.196.166.9', NULL, 3, '2019-04-11 00:44:52', '2019-04-11 00:44:52'),
(2827, 2, '112.196.166.9', NULL, 3, '2019-04-11 00:46:14', '2019-04-11 00:46:14'),
(2828, 29, '112.196.166.9', NULL, 3, '2019-04-11 00:47:50', '2019-04-11 00:47:50'),
(2829, 32, '112.196.166.14', NULL, 3, '2019-04-11 00:56:04', '2019-04-11 00:56:04'),
(2830, 25, '112.196.166.14', NULL, 1, '2019-04-11 00:56:34', '2019-04-11 00:56:34'),
(2831, 25, '112.196.166.14', NULL, 3, '2019-04-11 00:57:07', '2019-04-11 00:57:07'),
(2832, 30, '112.196.166.9', NULL, 3, '2019-04-11 01:00:19', '2019-04-11 01:00:19'),
(2833, 1, '112.196.166.14', NULL, 1, '2019-04-11 02:00:49', '2019-04-11 02:00:49'),
(2834, 23, '112.196.166.85', NULL, 1, '2019-04-11 13:44:24', '2019-04-11 13:44:24'),
(2835, 23, '112.196.166.85', NULL, 2, '2019-04-11 13:44:28', '2019-04-11 13:44:28'),
(2836, 18, '112.196.166.85', NULL, 1, '2019-04-11 13:45:33', '2019-04-11 13:45:33'),
(2837, 18, '112.196.166.85', NULL, 2, '2019-04-11 13:45:44', '2019-04-11 13:45:44'),
(2838, 17, '112.196.166.125', NULL, 1, '2019-04-11 14:17:43', '2019-04-11 14:17:43'),
(2839, 17, '112.196.166.125', NULL, 2, '2019-04-11 14:18:31', '2019-04-11 14:18:31'),
(2840, 5, '157.47.194.37', NULL, 1, '2019-04-11 14:27:59', '2019-04-11 14:27:59'),
(2841, 5, '157.47.194.37', NULL, 2, '2019-04-11 14:28:24', '2019-04-11 14:28:24'),
(2842, 7, '112.196.166.85', NULL, 1, '2019-04-11 14:29:40', '2019-04-11 14:29:40'),
(2843, 7, '112.196.166.85', NULL, 2, '2019-04-11 14:29:43', '2019-04-11 14:29:43'),
(2844, 4, '112.196.166.85', NULL, 1, '2019-04-11 14:30:26', '2019-04-11 14:30:26'),
(2845, 4, '112.196.166.85', NULL, 2, '2019-04-11 14:30:30', '2019-04-11 14:30:30'),
(2846, 16, '112.196.166.85', NULL, 1, '2019-04-11 14:32:04', '2019-04-11 14:32:04'),
(2847, 16, '112.196.166.85', NULL, 2, '2019-04-11 14:32:07', '2019-04-11 14:32:07'),
(2848, 12, '112.196.166.85', NULL, 1, '2019-04-11 14:32:46', '2019-04-11 14:32:46'),
(2849, 12, '112.196.166.85', NULL, 2, '2019-04-11 14:33:01', '2019-04-11 14:33:01'),
(2850, 26, '112.196.166.34', NULL, 1, '2019-04-11 14:33:33', '2019-04-11 14:33:33'),
(2851, 26, '112.196.166.34', NULL, 2, '2019-04-11 14:33:39', '2019-04-11 14:33:39'),
(2852, 3, '112.196.166.85', NULL, 1, '2019-04-11 14:35:38', '2019-04-11 14:35:38'),
(2853, 3, '112.196.166.85', NULL, 2, '2019-04-11 14:35:47', '2019-04-11 14:35:47'),
(2854, 9, '112.196.166.114', NULL, 1, '2019-04-11 14:38:18', '2019-04-11 14:38:18'),
(2855, 8, '112.196.166.85', NULL, 1, '2019-04-11 14:38:21', '2019-04-11 14:38:21'),
(2856, 8, '112.196.166.85', NULL, 2, '2019-04-11 14:38:25', '2019-04-11 14:38:25'),
(2857, 9, '112.196.166.85', NULL, 2, '2019-04-11 14:38:40', '2019-04-11 14:38:40'),
(2858, 2, '112.196.166.85', NULL, 1, '2019-04-11 14:39:31', '2019-04-11 14:39:31'),
(2859, 2, '112.196.166.85', NULL, 2, '2019-04-11 14:39:35', '2019-04-11 14:39:35'),
(2860, 9, '112.196.166.44', NULL, 1, '2019-04-11 14:41:32', '2019-04-11 14:41:32'),
(2861, 1, '112.196.166.85', NULL, 1, '2019-04-11 14:44:18', '2019-04-11 14:44:18'),
(2862, 2, '112.196.166.85', NULL, 1, '2019-04-11 14:44:29', '2019-04-11 14:44:29'),
(2863, 1, '112.196.166.85', NULL, 1, '2019-04-11 14:44:39', '2019-04-11 14:44:39'),
(2864, 14, '112.196.166.125', NULL, 1, '2019-04-11 14:46:47', '2019-04-11 14:46:47'),
(2865, 14, '112.196.166.125', NULL, 2, '2019-04-11 14:46:56', '2019-04-11 14:46:56'),
(2866, 21, '112.196.166.85', NULL, 1, '2019-04-11 14:51:18', '2019-04-11 14:51:18'),
(2867, 21, '112.196.166.85', NULL, 2, '2019-04-11 14:51:21', '2019-04-11 14:51:21'),
(2868, 12, '112.196.166.85', NULL, 1, '2019-04-11 14:52:08', '2019-04-11 14:52:08'),
(2869, 27, '112.196.166.125', NULL, 1, '2019-04-11 14:57:13', '2019-04-11 14:57:13'),
(2870, 27, '112.196.166.125', NULL, 2, '2019-04-11 14:57:22', '2019-04-11 14:57:22'),
(2871, 29, '112.196.166.36', NULL, 1, '2019-04-11 15:00:07', '2019-04-11 15:00:07'),
(2872, 29, '112.196.166.41', NULL, 2, '2019-04-11 15:00:12', '2019-04-11 15:00:12'),
(2873, 24, '112.196.166.85', NULL, 1, '2019-04-11 15:00:26', '2019-04-11 15:00:26'),
(2874, 24, '112.196.166.85', NULL, 2, '2019-04-11 15:00:30', '2019-04-11 15:00:30'),
(2875, 28, '112.196.166.85', NULL, 1, '2019-04-11 15:00:45', '2019-04-11 15:00:45'),
(2876, 28, '112.196.166.85', NULL, 2, '2019-04-11 15:00:49', '2019-04-11 15:00:49'),
(2877, 22, '112.196.166.85', NULL, 1, '2019-04-11 15:09:35', '2019-04-11 15:09:35'),
(2878, 22, '112.196.166.124', NULL, 2, '2019-04-11 15:09:38', '2019-04-11 15:09:38'),
(2879, 30, '112.196.166.85', NULL, 1, '2019-04-11 15:13:25', '2019-04-11 15:13:25'),
(2880, 30, '112.196.166.85', NULL, 2, '2019-04-11 15:13:31', '2019-04-11 15:13:31'),
(2881, 13, '112.196.166.125', NULL, 1, '2019-04-11 15:26:11', '2019-04-11 15:26:11'),
(2882, 13, '112.196.166.125', NULL, 2, '2019-04-11 15:26:25', '2019-04-11 15:26:25'),
(2883, 10, '112.196.166.85', NULL, 1, '2019-04-11 15:33:50', '2019-04-11 15:33:50'),
(2884, 10, '112.196.166.85', NULL, 2, '2019-04-11 15:33:53', '2019-04-11 15:33:53'),
(2885, 13, '112.196.166.125', NULL, 1, '2019-04-11 16:00:43', '2019-04-11 16:00:43'),
(2886, 25, '112.196.166.125', NULL, 1, '2019-04-11 16:23:44', '2019-04-11 16:23:44'),
(2887, 25, '112.196.166.125', NULL, 2, '2019-04-11 16:24:45', '2019-04-11 16:24:45'),
(2888, 32, '112.196.166.125', NULL, 1, '2019-04-11 19:58:08', '2019-04-11 19:58:08'),
(2889, 32, '112.196.166.125', NULL, 2, '2019-04-11 19:58:12', '2019-04-11 19:58:12'),
(2890, 3, '112.196.166.85', NULL, 1, '2019-04-11 23:02:10', '2019-04-11 23:02:10'),
(2891, 3, '112.196.166.85', NULL, 3, '2019-04-11 23:05:22', '2019-04-11 23:05:22'),
(2892, 1, '112.196.166.85', NULL, 1, '2019-04-11 23:50:26', '2019-04-11 23:50:26'),
(2893, 12, '112.196.166.85', NULL, 1, '2019-04-11 23:51:54', '2019-04-11 23:51:54'),
(2894, 8, '112.196.166.85', NULL, 1, '2019-04-11 23:52:44', '2019-04-11 23:52:44'),
(2895, 7, '112.196.166.1', NULL, 3, '2019-04-12 00:02:33', '2019-04-12 00:02:33'),
(2896, 4, '112.196.166.85', NULL, 3, '2019-04-12 00:02:49', '2019-04-12 00:02:49'),
(2897, 12, '112.196.166.85', NULL, 3, '2019-04-12 00:03:19', '2019-04-12 00:03:19'),
(2898, 8, '112.196.166.85', NULL, 3, '2019-04-12 00:03:25', '2019-04-12 00:03:25'),
(2899, 18, '112.196.166.85', NULL, 3, '2019-04-12 00:04:37', '2019-04-12 00:04:37'),
(2900, 13, '112.196.166.125', NULL, 3, '2019-04-12 00:07:55', '2019-04-12 00:07:55'),
(2901, 16, '112.196.166.85', NULL, 3, '2019-04-12 00:09:39', '2019-04-12 00:09:39'),
(2902, 2, '112.196.166.85', NULL, 3, '2019-04-12 00:14:05', '2019-04-12 00:14:05'),
(2903, 17, '112.196.166.125', NULL, 3, '2019-04-12 00:15:56', '2019-04-12 00:15:56'),
(2904, 24, '112.196.166.85', NULL, 1, '2019-04-12 00:17:36', '2019-04-12 00:17:36'),
(2905, 9, '112.196.166.85', NULL, 3, '2019-04-12 00:18:39', '2019-04-12 00:18:39'),
(2906, 5, '112.196.166.125', NULL, 3, '2019-04-12 00:29:09', '2019-04-12 00:29:09'),
(2907, 24, '112.196.166.85', NULL, 3, '2019-04-12 00:30:02', '2019-04-12 00:30:02'),
(2908, 21, '112.196.166.85', NULL, 3, '2019-04-12 00:30:13', '2019-04-12 00:30:13'),
(2909, 23, '112.196.166.85', NULL, 3, '2019-04-12 00:32:11', '2019-04-12 00:32:11'),
(2910, 22, '112.196.166.85', NULL, 3, '2019-04-12 00:32:29', '2019-04-12 00:32:29'),
(2911, 32, '112.196.166.125', NULL, 3, '2019-04-12 00:41:45', '2019-04-12 00:41:45'),
(2912, 26, '112.196.166.85', NULL, 3, '2019-04-12 00:49:24', '2019-04-12 00:49:24'),
(2913, 14, '112.196.166.125', NULL, 3, '2019-04-12 00:52:03', '2019-04-12 00:52:03'),
(2914, 25, '112.196.166.125', NULL, 1, '2019-04-12 00:53:46', '2019-04-12 00:53:46'),
(2915, 30, '112.196.166.85', NULL, 3, '2019-04-12 00:56:16', '2019-04-12 00:56:16'),
(2916, 28, '112.196.166.85', NULL, 3, '2019-04-12 01:00:32', '2019-04-12 01:00:32'),
(2917, 10, '112.196.166.85', NULL, 3, '2019-04-12 01:01:31', '2019-04-12 01:01:31'),
(2918, 27, '112.196.166.125', NULL, 3, '2019-04-12 01:37:13', '2019-04-12 01:37:13'),
(2919, 18, '112.196.166.53', NULL, 1, '2019-04-12 13:46:25', '2019-04-12 13:46:25'),
(2920, 18, '112.196.166.53', NULL, 2, '2019-04-12 13:46:28', '2019-04-12 13:46:28'),
(2921, 23, '112.196.166.53', NULL, 1, '2019-04-12 14:04:12', '2019-04-12 14:04:12'),
(2922, 23, '112.196.166.53', NULL, 2, '2019-04-12 14:04:17', '2019-04-12 14:04:17'),
(2923, 5, '112.196.166.114', NULL, 1, '2019-04-12 14:17:07', '2019-04-12 14:17:07'),
(2924, 5, '112.196.166.114', NULL, 2, '2019-04-12 14:17:10', '2019-04-12 14:17:10'),
(2925, 2, '112.196.166.53', NULL, 1, '2019-04-12 14:29:14', '2019-04-12 14:29:14'),
(2926, 2, '112.196.166.53', NULL, 2, '2019-04-12 14:29:20', '2019-04-12 14:29:20'),
(2927, 1, '112.196.166.53', NULL, 1, '2019-04-12 14:29:45', '2019-04-12 14:29:45'),
(2928, 31, '112.196.166.114', NULL, 1, '2019-04-12 14:31:13', '2019-04-12 14:31:13'),
(2929, 4, '112.196.166.53', NULL, 1, '2019-04-12 14:31:15', '2019-04-12 14:31:15'),
(2930, 4, '112.196.166.53', NULL, 2, '2019-04-12 14:31:18', '2019-04-12 14:31:18'),
(2931, 31, '112.196.166.114', NULL, 2, '2019-04-12 14:31:21', '2019-04-12 14:31:21'),
(2932, 16, '112.196.166.53', NULL, 1, '2019-04-12 14:35:01', '2019-04-12 14:35:01'),
(2933, 16, '112.196.166.53', NULL, 2, '2019-04-12 14:35:05', '2019-04-12 14:35:05'),
(2934, 12, '112.196.166.53', NULL, 1, '2019-04-12 14:36:15', '2019-04-12 14:36:15'),
(2935, 12, '112.196.166.53', NULL, 2, '2019-04-12 14:36:20', '2019-04-12 14:36:20'),
(2936, 13, '112.196.166.114', NULL, 1, '2019-04-12 14:37:23', '2019-04-12 14:37:23'),
(2937, 13, '112.196.166.114', NULL, 2, '2019-04-12 14:37:26', '2019-04-12 14:37:26'),
(2938, 9, '112.196.166.53', NULL, 1, '2019-04-12 14:37:35', '2019-04-12 14:37:35'),
(2939, 9, '112.196.166.97', NULL, 2, '2019-04-12 14:37:55', '2019-04-12 14:37:55'),
(2940, 8, '112.196.166.53', NULL, 1, '2019-04-12 14:39:56', '2019-04-12 14:39:56'),
(2941, 8, '112.196.166.53', NULL, 2, '2019-04-12 14:39:59', '2019-04-12 14:39:59'),
(2942, 26, '112.196.166.53', NULL, 1, '2019-04-12 14:39:59', '2019-04-12 14:39:59'),
(2943, 26, '112.196.166.53', NULL, 2, '2019-04-12 14:40:03', '2019-04-12 14:40:03'),
(2944, 21, '112.196.166.53', NULL, 1, '2019-04-12 14:41:01', '2019-04-12 14:41:01'),
(2945, 21, '112.196.166.53', NULL, 2, '2019-04-12 14:41:13', '2019-04-12 14:41:13'),
(2946, 2, '112.196.166.53', NULL, 1, '2019-04-12 14:42:09', '2019-04-12 14:42:09'),
(2947, 14, '112.196.166.114', NULL, 1, '2019-04-12 14:44:25', '2019-04-12 14:44:25'),
(2948, 14, '112.196.166.114', NULL, 2, '2019-04-12 14:44:28', '2019-04-12 14:44:28'),
(2949, 1, '112.196.166.53', NULL, 1, '2019-04-12 14:54:52', '2019-04-12 14:54:52'),
(2950, 8, '112.196.166.53', NULL, 1, '2019-04-12 14:55:16', '2019-04-12 14:55:16'),
(2951, 29, '112.196.166.53', NULL, 1, '2019-04-12 15:03:21', '2019-04-12 15:03:21'),
(2952, 29, '112.196.166.53', NULL, 1, '2019-04-12 15:03:32', '2019-04-12 15:03:32'),
(2953, 29, '112.196.166.53', NULL, 1, '2019-04-12 15:03:52', '2019-04-12 15:03:52'),
(2954, 29, '112.196.166.17', NULL, 1, '2019-04-12 15:04:12', '2019-04-12 15:04:12'),
(2955, 20, '112.196.166.53', NULL, 1, '2019-04-12 15:04:17', '2019-04-12 15:04:17'),
(2956, 20, '112.196.166.53', NULL, 2, '2019-04-12 15:04:22', '2019-04-12 15:04:22'),
(2957, 29, '112.196.166.53', NULL, 1, '2019-04-12 15:04:42', '2019-04-12 15:04:42'),
(2958, 29, '112.196.166.53', NULL, 1, '2019-04-12 15:04:53', '2019-04-12 15:04:53'),
(2959, 29, '112.196.166.53', NULL, 2, '2019-04-12 15:04:59', '2019-04-12 15:04:59'),
(2960, 24, '112.196.166.53', NULL, 1, '2019-04-12 15:05:28', '2019-04-12 15:05:28'),
(2961, 24, '112.196.166.53', NULL, 2, '2019-04-12 15:05:34', '2019-04-12 15:05:34'),
(2962, 3, '112.196.166.53', NULL, 1, '2019-04-12 15:06:03', '2019-04-12 15:06:03'),
(2963, 3, '112.196.166.53', NULL, 2, '2019-04-12 15:06:19', '2019-04-12 15:06:19'),
(2964, 28, '112.196.166.53', NULL, 1, '2019-04-12 15:08:40', '2019-04-12 15:08:40'),
(2965, 28, '112.196.166.53', NULL, 2, '2019-04-12 15:08:45', '2019-04-12 15:08:45'),
(2966, 27, '112.196.166.114', NULL, 1, '2019-04-12 15:10:17', '2019-04-12 15:10:17'),
(2967, 27, '112.196.166.114', NULL, 2, '2019-04-12 15:10:21', '2019-04-12 15:10:21'),
(2968, 22, '112.196.166.53', NULL, 1, '2019-04-12 15:20:27', '2019-04-12 15:20:27'),
(2969, 22, '112.196.166.53', NULL, 2, '2019-04-12 15:20:32', '2019-04-12 15:20:32'),
(2970, 17, '112.196.166.115', NULL, 1, '2019-04-12 15:22:20', '2019-04-12 15:22:20'),
(2971, 17, '112.196.166.114', NULL, 1, '2019-04-12 15:23:12', '2019-04-12 15:23:12'),
(2972, 17, '112.196.166.114', NULL, 2, '2019-04-12 15:23:19', '2019-04-12 15:23:19'),
(2973, 30, '112.196.166.53', NULL, 1, '2019-04-12 15:29:27', '2019-04-12 15:29:27'),
(2974, 30, '112.196.166.53', NULL, 2, '2019-04-12 15:29:33', '2019-04-12 15:29:33'),
(2975, 10, '112.196.166.53', NULL, 1, '2019-04-12 15:38:34', '2019-04-12 15:38:34'),
(2976, 10, '112.196.166.53', NULL, 2, '2019-04-12 15:38:38', '2019-04-12 15:38:38'),
(2977, 24, '112.196.166.53', NULL, 3, '2019-04-12 16:08:29', '2019-04-12 16:08:29'),
(2978, 20, '112.196.166.53', NULL, 3, '2019-04-12 19:29:49', '2019-04-12 19:29:49'),
(2979, 32, '112.196.166.114', NULL, 1, '2019-04-12 20:01:03', '2019-04-12 20:01:03'),
(2980, 32, '112.196.166.114', NULL, 2, '2019-04-12 20:01:09', '2019-04-12 20:01:09'),
(2981, 1, '112.196.166.53', NULL, 1, '2019-04-12 21:51:10', '2019-04-12 21:51:10'),
(2982, 1, '157.37.246.227', NULL, 1, '2019-04-12 22:23:41', '2019-04-12 22:23:41'),
(2983, 16, '112.196.166.53', NULL, 3, '2019-04-12 23:46:03', '2019-04-12 23:46:03'),
(2984, 12, '112.196.166.53', NULL, 1, '2019-04-13 00:00:12', '2019-04-13 00:00:12'),
(2985, 4, '112.196.166.53', NULL, 3, '2019-04-13 00:02:19', '2019-04-13 00:02:19'),
(2986, 2, '112.196.166.53', NULL, 3, '2019-04-13 00:03:14', '2019-04-13 00:03:14'),
(2987, 8, '112.196.166.53', NULL, 1, '2019-04-13 00:05:51', '2019-04-13 00:05:51'),
(2988, 12, '112.196.166.53', NULL, 3, '2019-04-13 00:06:18', '2019-04-13 00:06:18'),
(2989, 8, '112.196.166.53', NULL, 3, '2019-04-13 00:08:05', '2019-04-13 00:08:05'),
(2990, 31, '112.196.166.114', NULL, 3, '2019-04-13 00:19:58', '2019-04-13 00:19:58'),
(2991, 22, '112.196.166.53', NULL, 3, '2019-04-13 00:30:12', '2019-04-13 00:30:12'),
(2992, 23, '112.196.166.53', NULL, 3, '2019-04-13 00:30:16', '2019-04-13 00:30:16'),
(2993, 18, '112.196.166.53', NULL, 3, '2019-04-13 00:33:13', '2019-04-13 00:33:13'),
(2994, 32, '112.196.166.114', NULL, 3, '2019-04-13 00:39:00', '2019-04-13 00:39:00'),
(2995, 9, '112.196.166.53', NULL, 3, '2019-04-13 00:40:41', '2019-04-13 00:40:41'),
(2996, 29, '112.196.166.53', NULL, 3, '2019-04-13 00:49:36', '2019-04-13 00:49:36'),
(2997, 17, '112.196.166.114', NULL, 3, '2019-04-13 00:51:18', '2019-04-13 00:51:18'),
(2998, 13, '112.196.166.114', NULL, 1, '2019-04-13 00:51:51', '2019-04-13 00:51:51'),
(2999, 13, '112.196.166.114', NULL, 3, '2019-04-13 00:52:39', '2019-04-13 00:52:39'),
(3000, 26, '112.196.166.53', NULL, 3, '2019-04-13 01:00:23', '2019-04-13 01:00:23'),
(3001, 30, '112.196.166.53', NULL, 3, '2019-04-13 01:01:24', '2019-04-13 01:01:24'),
(3002, 21, '112.196.166.53', NULL, 3, '2019-04-13 01:12:09', '2019-04-13 01:12:09'),
(3003, 3, '112.196.166.53', NULL, 3, '2019-04-13 01:12:55', '2019-04-13 01:12:55'),
(3004, 14, '112.196.166.114', NULL, 3, '2019-04-13 01:13:03', '2019-04-13 01:13:03'),
(3005, 27, '112.196.166.114', NULL, 3, '2019-04-13 01:18:52', '2019-04-13 01:18:52'),
(3006, 18, '112.196.166.85', NULL, 1, '2019-04-13 13:58:33', '2019-04-13 13:58:33'),
(3007, 18, '112.196.166.85', NULL, 2, '2019-04-13 13:58:38', '2019-04-13 13:58:38'),
(3008, 5, '112.196.166.18', NULL, 1, '2019-04-13 14:01:06', '2019-04-13 14:01:06'),
(3009, 5, '112.196.166.18', NULL, 2, '2019-04-13 14:01:10', '2019-04-13 14:01:10'),
(3010, 17, '112.196.166.18', NULL, 1, '2019-04-13 14:05:58', '2019-04-13 14:05:58'),
(3011, 17, '112.196.166.18', NULL, 2, '2019-04-13 14:07:13', '2019-04-13 14:07:13'),
(3012, 13, '112.196.166.18', NULL, 1, '2019-04-13 14:10:08', '2019-04-13 14:10:08'),
(3013, 13, '112.196.166.18', NULL, 2, '2019-04-13 14:10:19', '2019-04-13 14:10:19'),
(3014, 31, '112.196.166.18', NULL, 1, '2019-04-13 14:12:09', '2019-04-13 14:12:09'),
(3015, 31, '112.196.166.18', NULL, 2, '2019-04-13 14:22:42', '2019-04-13 14:22:42'),
(3016, 7, '112.196.166.85', NULL, 1, '2019-04-13 14:29:15', '2019-04-13 14:29:15'),
(3017, 7, '112.196.166.85', NULL, 2, '2019-04-13 14:29:20', '2019-04-13 14:29:20'),
(3018, 12, '112.196.166.85', NULL, 1, '2019-04-13 14:29:48', '2019-04-13 14:29:48');
INSERT INTO `logs` (`log_id`, `admin_id`, `ip_address`, `mac_address`, `work_type`, `created_at`, `updated_at`) VALUES
(3019, 12, '112.196.166.85', NULL, 2, '2019-04-13 14:29:58', '2019-04-13 14:29:58'),
(3020, 4, '112.196.166.85', NULL, 1, '2019-04-13 14:30:10', '2019-04-13 14:30:10'),
(3021, 4, '112.196.166.85', NULL, 2, '2019-04-13 14:30:20', '2019-04-13 14:30:20'),
(3022, 3, '112.196.166.85', NULL, 1, '2019-04-13 14:32:03', '2019-04-13 14:32:03'),
(3023, 11, '112.196.166.85', NULL, 1, '2019-04-13 14:32:06', '2019-04-13 14:32:06'),
(3024, 3, '112.196.166.85', NULL, 2, '2019-04-13 14:32:11', '2019-04-13 14:32:11'),
(3025, 11, '112.196.166.85', NULL, 2, '2019-04-13 14:32:12', '2019-04-13 14:32:12'),
(3026, 23, '112.196.166.85', NULL, 1, '2019-04-13 14:32:56', '2019-04-13 14:32:56'),
(3027, 23, '112.196.166.85', NULL, 2, '2019-04-13 14:33:40', '2019-04-13 14:33:40'),
(3028, 2, '112.196.166.85', NULL, 1, '2019-04-13 14:37:49', '2019-04-13 14:37:49'),
(3029, 2, '112.196.166.85', NULL, 2, '2019-04-13 14:38:02', '2019-04-13 14:38:02'),
(3030, 8, '112.196.166.85', NULL, 1, '2019-04-13 14:39:37', '2019-04-13 14:39:37'),
(3031, 8, '112.196.166.85', NULL, 2, '2019-04-13 14:39:41', '2019-04-13 14:39:41'),
(3032, 21, '112.196.166.40', NULL, 1, '2019-04-13 14:39:51', '2019-04-13 14:39:51'),
(3033, 21, '112.196.166.40', NULL, 2, '2019-04-13 14:39:54', '2019-04-13 14:39:54'),
(3034, 1, '112.196.166.85', NULL, 1, '2019-04-13 14:40:29', '2019-04-13 14:40:29'),
(3035, 26, '117.247.238.221', NULL, 1, '2019-04-13 14:43:29', '2019-04-13 14:43:29'),
(3036, 26, '117.247.238.221', NULL, 2, '2019-04-13 14:43:33', '2019-04-13 14:43:33'),
(3037, 14, '112.196.166.18', NULL, 1, '2019-04-13 15:01:00', '2019-04-13 15:01:00'),
(3038, 14, '112.196.166.18', NULL, 2, '2019-04-13 15:01:05', '2019-04-13 15:01:05'),
(3039, 22, '112.196.166.85', NULL, 1, '2019-04-13 15:05:35', '2019-04-13 15:05:35'),
(3040, 24, '112.196.166.105', NULL, 1, '2019-04-13 15:05:37', '2019-04-13 15:05:37'),
(3041, 24, '112.196.166.85', NULL, 2, '2019-04-13 15:05:39', '2019-04-13 15:05:39'),
(3042, 28, '112.196.166.85', NULL, 1, '2019-04-13 15:06:50', '2019-04-13 15:06:50'),
(3043, 28, '112.196.166.44', NULL, 2, '2019-04-13 15:07:13', '2019-04-13 15:07:13'),
(3044, 22, '112.196.166.85', NULL, 2, '2019-04-13 15:07:32', '2019-04-13 15:07:32'),
(3045, 29, '117.247.238.221', NULL, 1, '2019-04-13 15:07:41', '2019-04-13 15:07:41'),
(3046, 29, '117.247.238.221', NULL, 1, '2019-04-13 15:08:21', '2019-04-13 15:08:21'),
(3047, 29, '117.247.238.221', NULL, 1, '2019-04-13 15:08:33', '2019-04-13 15:08:33'),
(3048, 29, '117.247.238.221', NULL, 1, '2019-04-13 15:08:49', '2019-04-13 15:08:49'),
(3049, 29, '117.247.238.221', NULL, 1, '2019-04-13 15:09:04', '2019-04-13 15:09:04'),
(3050, 29, '117.247.238.221', NULL, 1, '2019-04-13 15:09:15', '2019-04-13 15:09:15'),
(3051, 28, '112.196.166.85', NULL, 1, '2019-04-13 15:09:54', '2019-04-13 15:09:54'),
(3052, 29, '117.247.238.221', NULL, 1, '2019-04-13 15:10:45', '2019-04-13 15:10:45'),
(3053, 29, '117.247.238.221', NULL, 2, '2019-04-13 15:10:54', '2019-04-13 15:10:54'),
(3054, 30, '112.196.166.85', NULL, 1, '2019-04-13 15:19:12', '2019-04-13 15:19:12'),
(3055, 30, '112.196.166.85', NULL, 2, '2019-04-13 15:19:15', '2019-04-13 15:19:15'),
(3056, 10, '112.196.166.85', NULL, 1, '2019-04-13 15:31:04', '2019-04-13 15:31:04'),
(3057, 10, '112.196.166.85', NULL, 2, '2019-04-13 15:31:07', '2019-04-13 15:31:07'),
(3058, 9, '117.247.238.221', NULL, 1, '2019-04-13 16:05:13', '2019-04-13 16:05:13'),
(3059, 9, '117.247.238.221', NULL, 2, '2019-04-13 16:05:40', '2019-04-13 16:05:40'),
(3060, 27, '112.196.166.82', NULL, 1, '2019-04-13 16:38:28', '2019-04-13 16:38:28'),
(3061, 27, '112.196.166.18', NULL, 2, '2019-04-13 16:38:34', '2019-04-13 16:38:34'),
(3062, 9, '117.247.238.221', NULL, 1, '2019-04-13 20:09:45', '2019-04-13 20:09:45'),
(3063, 32, '112.196.166.78', NULL, 1, '2019-04-13 20:11:24', '2019-04-13 20:11:24'),
(3064, 32, '112.196.166.78', NULL, 2, '2019-04-13 20:11:31', '2019-04-13 20:11:31'),
(3065, 17, '112.196.166.78', NULL, 3, '2019-04-13 20:14:33', '2019-04-13 20:14:33'),
(3066, 11, '112.196.166.85', NULL, 1, '2019-04-13 20:53:43', '2019-04-13 20:53:43'),
(3067, 21, '117.247.238.221', NULL, 3, '2019-04-13 22:02:58', '2019-04-13 22:02:58'),
(3068, 5, '112.196.166.45', NULL, 3, '2019-04-13 22:42:27', '2019-04-13 22:42:27'),
(3069, 12, '117.247.238.221', NULL, 1, '2019-04-13 23:38:30', '2019-04-13 23:38:30'),
(3070, 3, '117.247.238.221', NULL, 1, '2019-04-13 23:55:52', '2019-04-13 23:55:52'),
(3071, 8, '117.247.238.221', NULL, 1, '2019-04-14 00:00:53', '2019-04-14 00:00:53'),
(3072, 8, '117.247.238.221', NULL, 3, '2019-04-14 00:02:20', '2019-04-14 00:02:20'),
(3073, 27, '112.196.166.78', NULL, 3, '2019-04-14 00:03:38', '2019-04-14 00:03:38'),
(3074, 18, '117.247.238.221', NULL, 3, '2019-04-14 00:04:12', '2019-04-14 00:04:12'),
(3075, 12, '117.247.238.221', NULL, 3, '2019-04-14 00:05:35', '2019-04-14 00:05:35'),
(3076, 31, '112.196.166.78', NULL, 3, '2019-04-14 00:08:23', '2019-04-14 00:08:23'),
(3077, 7, '117.247.238.221', NULL, 3, '2019-04-14 00:12:30', '2019-04-14 00:12:30'),
(3078, 4, '117.247.238.221', NULL, 3, '2019-04-14 00:14:40', '2019-04-14 00:14:40'),
(3079, 26, '117.247.238.221', NULL, 3, '2019-04-14 00:15:03', '2019-04-14 00:15:03'),
(3080, 11, '117.247.238.221', NULL, 3, '2019-04-14 00:15:25', '2019-04-14 00:15:25'),
(3081, 9, '117.247.238.221', NULL, 3, '2019-04-14 00:21:50', '2019-04-14 00:21:50'),
(3082, 24, '117.247.238.221', NULL, 3, '2019-04-14 00:29:19', '2019-04-14 00:29:19'),
(3083, 22, '117.247.238.221', NULL, 3, '2019-04-14 00:30:05', '2019-04-14 00:30:05'),
(3084, 29, '117.247.238.221', NULL, 3, '2019-04-14 00:30:09', '2019-04-14 00:30:09'),
(3085, 23, '117.247.238.221', NULL, 3, '2019-04-14 00:32:14', '2019-04-14 00:32:14'),
(3086, 13, '112.196.166.78', NULL, 3, '2019-04-14 00:35:07', '2019-04-14 00:35:07'),
(3087, 14, '112.196.166.78', NULL, 3, '2019-04-14 00:35:43', '2019-04-14 00:35:43'),
(3088, 3, '112.196.166.85', NULL, 3, '2019-04-14 01:02:44', '2019-04-14 01:02:44'),
(3089, 30, '112.196.166.85', NULL, 3, '2019-04-14 01:03:49', '2019-04-14 01:03:49'),
(3090, 28, '112.196.166.85', NULL, 3, '2019-04-14 01:07:17', '2019-04-14 01:07:17'),
(3091, 10, '112.196.166.85', NULL, 3, '2019-04-14 01:09:04', '2019-04-14 01:09:04'),
(3092, 13, '112.196.166.42', NULL, 1, '2019-04-14 16:02:21', '2019-04-14 16:02:21'),
(3093, 13, '112.196.166.42', NULL, 2, '2019-04-14 16:02:24', '2019-04-14 16:02:24'),
(3094, 14, '112.196.166.42', NULL, 1, '2019-04-14 19:05:42', '2019-04-14 19:05:42'),
(3095, 14, '112.196.166.42', NULL, 2, '2019-04-14 19:05:47', '2019-04-14 19:05:47'),
(3096, 14, '112.196.166.42', NULL, 3, '2019-04-15 00:07:01', '2019-04-15 00:07:01'),
(3097, 13, '112.196.166.42', NULL, 1, '2019-04-15 00:08:38', '2019-04-15 00:08:38'),
(3098, 13, '112.196.166.42', NULL, 3, '2019-04-15 00:09:31', '2019-04-15 00:09:31'),
(3099, 18, '112.196.166.64', NULL, 1, '2019-04-15 13:34:36', '2019-04-15 13:34:36'),
(3100, 18, '112.196.166.64', NULL, 2, '2019-04-15 13:34:48', '2019-04-15 13:34:48'),
(3101, 8, '112.196.166.64', NULL, 1, '2019-04-15 14:13:42', '2019-04-15 14:13:42'),
(3102, 8, '112.196.166.64', NULL, 2, '2019-04-15 14:13:45', '2019-04-15 14:13:45'),
(3103, 17, '112.196.166.42', NULL, 1, '2019-04-15 14:13:56', '2019-04-15 14:13:56'),
(3104, 17, '112.196.166.42', NULL, 2, '2019-04-15 14:14:06', '2019-04-15 14:14:06'),
(3105, 7, '112.196.166.64', NULL, 1, '2019-04-15 14:27:22', '2019-04-15 14:27:22'),
(3106, 7, '112.196.166.64', NULL, 2, '2019-04-15 14:27:28', '2019-04-15 14:27:28'),
(3107, 4, '112.196.166.64', NULL, 1, '2019-04-15 14:28:17', '2019-04-15 14:28:17'),
(3108, 4, '112.196.166.64', NULL, 2, '2019-04-15 14:28:20', '2019-04-15 14:28:20'),
(3109, 12, '112.196.166.64', NULL, 1, '2019-04-15 14:31:45', '2019-04-15 14:31:45'),
(3110, 12, '112.196.166.64', NULL, 2, '2019-04-15 14:31:50', '2019-04-15 14:31:50'),
(3111, 13, '112.196.166.42', NULL, 1, '2019-04-15 14:32:33', '2019-04-15 14:32:33'),
(3112, 13, '112.196.166.42', NULL, 2, '2019-04-15 14:32:37', '2019-04-15 14:32:37'),
(3113, 31, '112.196.166.42', NULL, 1, '2019-04-15 14:32:52', '2019-04-15 14:32:52'),
(3114, 31, '112.196.166.42', NULL, 2, '2019-04-15 14:32:54', '2019-04-15 14:32:54'),
(3115, 26, '117.247.238.221', NULL, 1, '2019-04-15 14:33:54', '2019-04-15 14:33:54'),
(3116, 26, '117.247.238.221', NULL, 2, '2019-04-15 14:34:08', '2019-04-15 14:34:08'),
(3117, 5, '112.196.166.42', NULL, 1, '2019-04-15 14:35:51', '2019-04-15 14:35:51'),
(3118, 5, '112.196.166.42', NULL, 2, '2019-04-15 14:36:05', '2019-04-15 14:36:05'),
(3119, 9, '117.247.238.221', NULL, 1, '2019-04-15 14:36:19', '2019-04-15 14:36:19'),
(3120, 9, '117.247.238.221', NULL, 2, '2019-04-15 14:36:43', '2019-04-15 14:36:43'),
(3121, 2, '112.196.166.64', NULL, 1, '2019-04-15 14:40:04', '2019-04-15 14:40:04'),
(3122, 2, '66.249.88.5', NULL, 2, '2019-04-15 14:40:08', '2019-04-15 14:40:08'),
(3123, 2, '112.196.166.64', NULL, 1, '2019-04-15 14:41:53', '2019-04-15 14:41:53'),
(3124, 1, '112.196.166.64', NULL, 1, '2019-04-15 14:42:21', '2019-04-15 14:42:21'),
(3125, 11, '112.196.166.64', NULL, 1, '2019-04-15 14:45:02', '2019-04-15 14:45:02'),
(3126, 11, '112.196.166.64', NULL, 2, '2019-04-15 14:45:09', '2019-04-15 14:45:09'),
(3127, 14, '112.196.166.42', NULL, 1, '2019-04-15 14:53:08', '2019-04-15 14:53:08'),
(3128, 14, '112.196.166.42', NULL, 2, '2019-04-15 14:53:15', '2019-04-15 14:53:15'),
(3129, 29, '117.247.238.221', NULL, 1, '2019-04-15 14:55:41', '2019-04-15 14:55:41'),
(3130, 29, '117.247.238.221', NULL, 2, '2019-04-15 14:55:47', '2019-04-15 14:55:47'),
(3131, 28, '117.247.238.221', NULL, 1, '2019-04-15 15:01:48', '2019-04-15 15:01:48'),
(3132, 28, '117.247.238.221', NULL, 2, '2019-04-15 15:01:51', '2019-04-15 15:01:51'),
(3133, 20, '117.247.238.221', NULL, 1, '2019-04-15 15:03:27', '2019-04-15 15:03:27'),
(3134, 20, '117.247.238.221', NULL, 2, '2019-04-15 15:03:32', '2019-04-15 15:03:32'),
(3135, 24, '117.247.238.221', NULL, 1, '2019-04-15 15:05:43', '2019-04-15 15:05:43'),
(3136, 24, '117.247.238.221', NULL, 2, '2019-04-15 15:05:49', '2019-04-15 15:05:49'),
(3137, 22, '117.247.238.221', NULL, 1, '2019-04-15 15:06:54', '2019-04-15 15:06:54'),
(3138, 22, '117.247.238.221', NULL, 2, '2019-04-15 15:07:04', '2019-04-15 15:07:04'),
(3139, 10, '117.247.238.221', NULL, 1, '2019-04-15 15:34:09', '2019-04-15 15:34:09'),
(3140, 10, '117.247.238.221', NULL, 2, '2019-04-15 15:34:14', '2019-04-15 15:34:14'),
(3141, 30, '117.247.238.221', NULL, 1, '2019-04-15 15:43:47', '2019-04-15 15:43:47'),
(3142, 30, '117.247.238.221', NULL, 2, '2019-04-15 15:43:52', '2019-04-15 15:43:52'),
(3143, 16, '117.247.238.221', NULL, 1, '2019-04-15 15:55:32', '2019-04-15 15:55:32'),
(3144, 16, '117.247.238.221', NULL, 2, '2019-04-15 15:55:35', '2019-04-15 15:55:35'),
(3145, 27, '112.196.166.42', NULL, 1, '2019-04-15 15:56:30', '2019-04-15 15:56:30'),
(3146, 27, '112.196.166.42', NULL, 2, '2019-04-15 15:56:33', '2019-04-15 15:56:33'),
(3147, 13, '112.196.166.42', NULL, 1, '2019-04-15 16:56:11', '2019-04-15 16:56:11'),
(3148, 31, '112.196.166.42', NULL, 1, '2019-04-15 17:16:40', '2019-04-15 17:16:40'),
(3149, 13, '112.196.166.42', NULL, 1, '2019-04-15 17:33:59', '2019-04-15 17:33:59'),
(3150, 13, '112.196.166.42', NULL, 1, '2019-04-15 17:49:58', '2019-04-15 17:49:58'),
(3151, 1, '27.63.94.18', NULL, 1, '2019-04-15 18:30:45', '2019-04-15 18:30:45'),
(3152, 32, '112.196.166.42', NULL, 1, '2019-04-15 19:59:37', '2019-04-15 19:59:37'),
(3153, 32, '112.196.166.42', NULL, 2, '2019-04-15 19:59:41', '2019-04-15 19:59:41'),
(3154, 8, '112.196.166.64', NULL, 1, '2019-04-15 23:47:51', '2019-04-15 23:47:51'),
(3155, 8, '112.196.166.64', NULL, 3, '2019-04-15 23:48:44', '2019-04-15 23:48:44'),
(3156, 7, '112.196.166.64', NULL, 3, '2019-04-16 00:00:05', '2019-04-16 00:00:05'),
(3157, 4, '112.196.166.64', NULL, 3, '2019-04-16 00:00:10', '2019-04-16 00:00:10'),
(3158, 27, '112.196.166.42', NULL, 3, '2019-04-16 00:03:20', '2019-04-16 00:03:20'),
(3159, 5, '112.196.166.42', NULL, 3, '2019-04-16 00:05:52', '2019-04-16 00:05:52'),
(3160, 13, '112.196.166.42', NULL, 3, '2019-04-16 00:08:29', '2019-04-16 00:08:29'),
(3161, 17, '112.196.166.42', NULL, 3, '2019-04-16 00:15:48', '2019-04-16 00:15:48'),
(3162, 31, '112.196.166.42', NULL, 1, '2019-04-16 00:15:50', '2019-04-16 00:15:50'),
(3163, 31, '112.196.166.42', NULL, 3, '2019-04-16 00:16:45', '2019-04-16 00:16:45'),
(3164, 11, '112.196.166.64', NULL, 3, '2019-04-16 00:17:40', '2019-04-16 00:17:40'),
(3165, 16, '112.196.166.64', NULL, 3, '2019-04-16 00:19:06', '2019-04-16 00:19:06'),
(3166, 12, '112.196.166.64', NULL, 1, '2019-04-16 00:29:49', '2019-04-16 00:29:49'),
(3167, 24, '112.196.166.64', NULL, 3, '2019-04-16 00:30:01', '2019-04-16 00:30:01'),
(3168, 32, '112.196.166.42', NULL, 3, '2019-04-16 00:31:00', '2019-04-16 00:31:00'),
(3169, 12, '112.196.166.64', NULL, 3, '2019-04-16 00:31:43', '2019-04-16 00:31:43'),
(3170, 22, '112.196.166.64', NULL, 3, '2019-04-16 00:32:20', '2019-04-16 00:32:20'),
(3171, 18, '112.196.166.64', NULL, 3, '2019-04-16 00:32:56', '2019-04-16 00:32:56'),
(3172, 28, '112.196.166.64', NULL, 3, '2019-04-16 00:39:09', '2019-04-16 00:39:09'),
(3173, 2, '117.247.238.221', NULL, 3, '2019-04-16 00:43:01', '2019-04-16 00:43:01'),
(3174, 14, '112.196.166.42', NULL, 3, '2019-04-16 00:44:54', '2019-04-16 00:44:54'),
(3175, 26, '117.247.238.221', NULL, 3, '2019-04-16 00:46:13', '2019-04-16 00:46:13'),
(3176, 20, '112.196.166.64', NULL, 1, '2019-04-16 00:48:25', '2019-04-16 00:48:25'),
(3177, 20, '112.196.166.64', NULL, 3, '2019-04-16 00:49:56', '2019-04-16 00:49:56'),
(3178, 9, '117.247.238.221', NULL, 1, '2019-04-16 00:50:15', '2019-04-16 00:50:15'),
(3179, 9, '117.247.238.221', NULL, 3, '2019-04-16 00:51:04', '2019-04-16 00:51:04'),
(3180, 29, '157.47.144.163', NULL, 3, '2019-04-16 00:54:00', '2019-04-16 00:54:00'),
(3181, 30, '112.196.166.64', NULL, 3, '2019-04-16 01:02:44', '2019-04-16 01:02:44'),
(3182, 10, '112.196.166.64', NULL, 3, '2019-04-16 01:05:11', '2019-04-16 01:05:11'),
(3183, 18, '112.196.166.13', NULL, 1, '2019-04-16 13:47:24', '2019-04-16 13:47:24'),
(3184, 18, '112.196.166.13', NULL, 2, '2019-04-16 13:47:27', '2019-04-16 13:47:27'),
(3185, 13, '112.196.166.11', NULL, 1, '2019-04-16 13:48:03', '2019-04-16 13:48:03'),
(3186, 13, '112.196.166.11', NULL, 2, '2019-04-16 13:48:07', '2019-04-16 13:48:07'),
(3187, 5, '112.196.166.11', NULL, 1, '2019-04-16 14:03:27', '2019-04-16 14:03:27'),
(3188, 23, '112.196.166.13', NULL, 1, '2019-04-16 14:07:37', '2019-04-16 14:07:37'),
(3189, 23, '112.196.166.13', NULL, 2, '2019-04-16 14:07:40', '2019-04-16 14:07:40'),
(3190, 17, '112.196.166.11', NULL, 1, '2019-04-16 14:22:15', '2019-04-16 14:22:15'),
(3191, 17, '112.196.166.11', NULL, 2, '2019-04-16 14:23:48', '2019-04-16 14:23:48'),
(3192, 7, '112.196.166.13', NULL, 1, '2019-04-16 14:29:51', '2019-04-16 14:29:51'),
(3193, 7, '112.196.166.13', NULL, 2, '2019-04-16 14:29:54', '2019-04-16 14:29:54'),
(3194, 4, '112.196.166.13', NULL, 1, '2019-04-16 14:31:03', '2019-04-16 14:31:03'),
(3195, 4, '112.196.166.13', NULL, 2, '2019-04-16 14:31:07', '2019-04-16 14:31:07'),
(3196, 12, '112.196.166.13', NULL, 1, '2019-04-16 14:32:46', '2019-04-16 14:32:46'),
(3197, 12, '112.196.166.13', NULL, 2, '2019-04-16 14:32:50', '2019-04-16 14:32:50'),
(3198, 11, '112.196.166.13', NULL, 1, '2019-04-16 14:35:07', '2019-04-16 14:35:07'),
(3199, 11, '112.196.166.13', NULL, 2, '2019-04-16 14:35:12', '2019-04-16 14:35:12'),
(3200, 8, '112.196.166.13', NULL, 1, '2019-04-16 14:35:20', '2019-04-16 14:35:20'),
(3201, 8, '112.196.166.13', NULL, 2, '2019-04-16 14:35:24', '2019-04-16 14:35:24'),
(3202, 2, '117.247.238.221', NULL, 1, '2019-04-16 14:35:31', '2019-04-16 14:35:31'),
(3203, 2, '117.247.238.221', NULL, 2, '2019-04-16 14:35:48', '2019-04-16 14:35:48'),
(3204, 26, '117.247.238.221', NULL, 1, '2019-04-16 14:36:13', '2019-04-16 14:36:13'),
(3205, 26, '117.247.238.221', NULL, 2, '2019-04-16 14:36:20', '2019-04-16 14:36:20'),
(3206, 5, '112.196.166.11', NULL, 2, '2019-04-16 14:36:21', '2019-04-16 14:36:21'),
(3207, 16, '112.196.166.13', NULL, 1, '2019-04-16 14:36:39', '2019-04-16 14:36:39'),
(3208, 16, '112.196.166.13', NULL, 2, '2019-04-16 14:36:43', '2019-04-16 14:36:43'),
(3209, 1, '117.247.238.221', NULL, 1, '2019-04-16 14:38:56', '2019-04-16 14:38:56'),
(3210, 2, '117.247.238.221', NULL, 1, '2019-04-16 14:38:58', '2019-04-16 14:38:58'),
(3211, 9, '117.247.238.221', NULL, 1, '2019-04-16 14:39:26', '2019-04-16 14:39:26'),
(3212, 9, '117.247.238.221', NULL, 2, '2019-04-16 14:39:44', '2019-04-16 14:39:44'),
(3213, 21, '112.196.166.13', NULL, 1, '2019-04-16 14:45:18', '2019-04-16 14:45:18'),
(3214, 21, '112.196.166.13', NULL, 2, '2019-04-16 14:45:23', '2019-04-16 14:45:23'),
(3215, 31, '112.196.166.11', NULL, 1, '2019-04-16 14:45:36', '2019-04-16 14:45:36'),
(3216, 31, '112.196.166.11', NULL, 2, '2019-04-16 14:50:14', '2019-04-16 14:50:14'),
(3217, 29, '117.247.238.221', NULL, 1, '2019-04-16 14:58:28', '2019-04-16 14:58:28'),
(3218, 29, '117.247.238.221', NULL, 2, '2019-04-16 14:58:39', '2019-04-16 14:58:39'),
(3219, 24, '112.196.166.13', NULL, 1, '2019-04-16 15:00:59', '2019-04-16 15:00:59'),
(3220, 24, '112.196.166.13', NULL, 2, '2019-04-16 15:01:07', '2019-04-16 15:01:07'),
(3221, 28, '112.196.166.13', NULL, 1, '2019-04-16 15:05:50', '2019-04-16 15:05:50'),
(3222, 28, '112.196.166.13', NULL, 2, '2019-04-16 15:05:55', '2019-04-16 15:05:55'),
(3223, 27, '112.196.166.11', NULL, 1, '2019-04-16 15:07:16', '2019-04-16 15:07:16'),
(3224, 27, '112.196.166.11', NULL, 2, '2019-04-16 15:07:20', '2019-04-16 15:07:20'),
(3225, 14, '112.196.166.11', NULL, 1, '2019-04-16 15:09:59', '2019-04-16 15:09:59'),
(3226, 14, '112.196.166.11', NULL, 2, '2019-04-16 15:10:03', '2019-04-16 15:10:03'),
(3227, 20, '112.196.166.13', NULL, 1, '2019-04-16 15:10:54', '2019-04-16 15:10:54'),
(3228, 20, '112.196.166.13', NULL, 2, '2019-04-16 15:10:57', '2019-04-16 15:10:57'),
(3229, 30, '112.196.166.13', NULL, 1, '2019-04-16 15:25:44', '2019-04-16 15:25:44'),
(3230, 30, '112.196.166.13', NULL, 2, '2019-04-16 15:25:48', '2019-04-16 15:25:48'),
(3231, 10, '112.196.166.13', NULL, 1, '2019-04-16 15:26:57', '2019-04-16 15:26:57'),
(3232, 10, '112.196.166.13', NULL, 2, '2019-04-16 15:27:56', '2019-04-16 15:27:56'),
(3233, 8, '112.196.166.13', NULL, 1, '2019-04-16 15:47:09', '2019-04-16 15:47:09'),
(3234, 22, '112.196.166.13', NULL, 1, '2019-04-16 15:47:15', '2019-04-16 15:47:15'),
(3235, 22, '112.196.166.13', NULL, 2, '2019-04-16 15:47:19', '2019-04-16 15:47:19'),
(3236, 3, '112.196.166.13', NULL, 1, '2019-04-16 15:51:28', '2019-04-16 15:51:28'),
(3237, 3, '112.196.166.13', NULL, 2, '2019-04-16 15:51:35', '2019-04-16 15:51:35'),
(3238, 8, '112.196.166.13', NULL, 1, '2019-04-16 15:53:53', '2019-04-16 15:53:53'),
(3239, 1, '112.196.166.13', NULL, 1, '2019-04-16 20:06:37', '2019-04-16 20:06:37'),
(3240, 1, '112.196.166.13', NULL, 1, '2019-04-16 20:10:25', '2019-04-16 20:10:25'),
(3241, 8, '112.196.166.13', NULL, 1, '2019-04-16 20:10:35', '2019-04-16 20:10:35'),
(3242, 23, '112.196.166.13', NULL, 1, '2019-04-16 20:12:45', '2019-04-16 20:12:45'),
(3243, 1, '112.196.166.13', NULL, 1, '2019-04-16 20:25:37', '2019-04-16 20:25:37'),
(3244, 1, '112.196.166.13', NULL, 1, '2019-04-16 20:28:11', '2019-04-16 20:28:11'),
(3245, 8, '112.196.166.13', NULL, 1, '2019-04-16 20:28:19', '2019-04-16 20:28:19'),
(3246, 8, '112.196.166.13', NULL, 1, '2019-04-16 21:12:09', '2019-04-16 21:12:09'),
(3247, 30, '112.196.166.13', NULL, 1, '2019-04-16 21:13:15', '2019-04-16 21:13:15'),
(3248, 12, '112.196.166.13', NULL, 1, '2019-04-16 21:18:17', '2019-04-16 21:18:17'),
(3249, 12, '112.196.166.13', NULL, 1, '2019-04-16 21:27:21', '2019-04-16 21:27:21'),
(3250, 8, '112.196.166.7', NULL, 1, '2019-04-16 22:01:29', '2019-04-16 22:01:29'),
(3251, 16, '112.196.166.7', NULL, 1, '2019-04-16 22:05:27', '2019-04-16 22:05:27'),
(3252, 1, '112.196.166.97', NULL, 1, '2019-04-22 17:48:03', '2019-04-22 17:48:03'),
(3253, 4, '112.196.166.97', NULL, 1, '2019-04-22 22:11:06', '2019-04-22 22:11:06'),
(3254, 1, '112.196.166.97', NULL, 1, '2019-04-22 22:27:13', '2019-04-22 22:27:13'),
(3255, 1, '112.196.166.97', NULL, 1, '2019-04-22 23:53:39', '2019-04-22 23:53:39'),
(3256, 1, '112.196.166.61', NULL, 1, '2019-04-24 16:45:05', '2019-04-24 16:45:05');

-- --------------------------------------------------------

--
-- Table structure for table `migrations`
--

CREATE TABLE `migrations` (
  `id` int(10) UNSIGNED NOT NULL,
  `migration` varchar(191) COLLATE utf8mb4_unicode_ci NOT NULL,
  `batch` int(11) NOT NULL
) ENGINE=InnoDB DEFAULT CHARSET=utf8mb4 COLLATE=utf8mb4_unicode_ci;

--
-- Dumping data for table `migrations`
--

INSERT INTO `migrations` (`id`, `migration`, `batch`) VALUES
(22, '2018_12_11_065035_create_departments_table', 1),
(23, '2018_12_11_065123_create_time_slot', 1),
(24, '2018_12_11_065125_create_admins_table', 1),
(25, '2018_12_18_065534_create_attendances_table', 1),
(26, '2018_12_19_071725_create_attendancedatas_table', 1),
(27, '2018_12_21_042743_create_admin_reset_password_table', 1),
(28, '2018_12_22_082523_create_time_slot_history', 1),
(29, '2018_12_24_093130_create_project_table', 1),
(30, '2018_12_24_093629_create_platform_table', 1),
(31, '2018_12_24_094713_create_project_details_table', 1),
(32, '2018_12_24_100042_create_code_review_table', 1),
(33, '2019_01_07_052020_company_config', 1),
(34, '2019_01_07_053047_holiday_calendar', 1),
(35, '2019_01_07_053749_release_plan', 1),
(36, '2019_01_11_071003_create_events_table', 1),
(37, '2019_01_16_042658_create_release_plan_log', 1),
(38, '2019_01_21_065312_create_table_attendance_update_log', 1),
(39, '2019_01_24_113151_create_work_types_table', 1),
(40, '2019_01_24_113826_create_project_assigns_table', 1),
(41, '2019_01_24_115825_create_work_times_table', 1),
(42, '2019_01_24_120549_create_work_time_details_table', 1);

-- --------------------------------------------------------

--
-- Table structure for table `notifications`
--

CREATE TABLE `notifications` (
  `id` char(36) COLLATE utf8mb4_unicode_ci NOT NULL,
  `type` varchar(191) COLLATE utf8mb4_unicode_ci NOT NULL,
  `notifiable_id` int(10) UNSIGNED NOT NULL,
  `notifiable_type` varchar(191) COLLATE utf8mb4_unicode_ci NOT NULL,
  `data` text COLLATE utf8mb4_unicode_ci NOT NULL,
  `read_at` timestamp NULL DEFAULT NULL,
  `created_at` timestamp NULL DEFAULT NULL,
  `updated_at` timestamp NULL DEFAULT NULL
) ENGINE=InnoDB DEFAULT CHARSET=utf8mb4 COLLATE=utf8mb4_unicode_ci;

--
-- Dumping data for table `notifications`
--

INSERT INTO `notifications` (`id`, `type`, `notifiable_id`, `notifiable_type`, `data`, `read_at`, `created_at`, `updated_at`) VALUES
('04f7f8c8-a3f8-4eb1-9b71-b9a3c9742fbb', 'App\\Notifications\\Admin\\Leave', 1, 'App\\Model\\Team\\Team', '{\"data\":{\"emp_name\":\"Goutam\",\"message\":\"Apply For Early Leave\"}}', '2019-04-09 17:42:04', '2019-04-01 23:00:52', '2019-04-09 17:42:04'),
('07672b8a-c09e-48f7-a498-5297d6258f18', 'App\\Notifications\\Admin\\Leave', 1, 'App\\Model\\Team\\Team', '{\"data\":{\"emp_name\":\"Raunak Purohit\",\"message\":\"Request For Attendance\"}}', '2019-04-22 17:48:13', '2019-04-16 00:03:19', '2019-04-22 17:48:13'),
('09b85f32-fca7-4dd9-aceb-f9fda4e6b38a', 'App\\Notifications\\Admin\\Leave', 1, 'App\\Model\\Team\\Team', '{\"data\":{\"emp_name\":\"Mangu Singh\",\"message\":\"Request For Attendance\"}}', '2019-04-22 17:48:13', '2019-04-13 22:42:26', '2019-04-22 17:48:13'),
('1023ee2d-34dc-42f1-ad9f-3574b602663d', 'App\\Notifications\\Admin\\Leave', 1, 'App\\Model\\Team\\Team', '{\"data\":{\"emp_name\":\"Mahendra Kumawat\",\"message\":\"Apply For Leave\",\"reason\":\"going to home\",\"leave_date\":\"2019-03-28 to 2019-03-28\"}}', '2019-03-28 18:45:39', '2019-03-27 20:43:53', '2019-03-28 18:45:39'),
('129f51ad-8991-46ae-a205-53567cf25158', 'App\\Notifications\\Admin\\Leave', 1, 'App\\Model\\Team\\Team', '{\"data\":{\"emp_name\":\"Sumit Naruka\",\"message\":\"Apply For Leave\"}}', '2019-03-18 23:23:39', '2019-03-13 20:57:53', '2019-03-18 23:23:39'),
('155a67a0-8e88-44ab-8664-0fb0aaf5b113', 'App\\Notifications\\Admin\\Leave', 1, 'App\\Model\\Team\\Team', '{\"data\":{\"emp_name\":\"Pankaj\",\"message\":\"Apply For Leave\"}}', '2019-03-04 16:03:46', '2019-03-02 18:23:16', '2019-03-04 16:03:46'),
('16e6bab8-a377-4e8e-8225-a11d9238e5f5', 'App\\Notifications\\Admin\\Leave', 1, 'App\\Model\\Team\\Team', '{\"data\":{\"emp_name\":\"Raunak Purohit\",\"message\":\"Request For Attendance\"}}', '2019-04-09 17:42:04', '2019-04-09 00:08:01', '2019-04-09 17:42:04'),
('189c5bb1-d53e-483d-b65e-bc14199d2404', 'App\\Notifications\\Admin\\Leave', 1, 'App\\Model\\Team\\Team', '{\"data\":{\"emp_name\":\"Abdul Hameed\",\"message\":\"Request For Attendance\"}}', '2019-04-09 17:42:04', '2019-04-09 00:41:50', '2019-04-09 17:42:04'),
('26f3457c-250a-4465-aa9b-83a63fdce962', 'App\\Notifications\\Admin\\Leave', 1, 'App\\Model\\Team\\Team', '{\"data\":{\"emp_name\":\"Bhuvanesh Soni\",\"message\":\"Apply For Early Leave\"}}', '2019-03-27 17:49:09', '2019-03-22 17:58:21', '2019-03-27 17:49:09'),
('2a784675-0cbd-4ea4-8e55-8a98922cab9c', 'App\\Notifications\\Admin\\Leave', 1, 'App\\Model\\Team\\Team', '{\"data\":{\"emp_name\":\"Reema Parakh\",\"message\":\"Apply For Leave\"}}', '2019-03-01 00:48:05', '2019-03-01 00:43:13', '2019-03-01 00:48:05'),
('2ab52025-c801-4bd3-bb6e-d64401fe7900', 'App\\Notifications\\Admin\\Leave', 1, 'App\\Model\\Team\\Team', '{\"data\":{\"emp_name\":\"Umar Tazkeer\",\"message\":\"Request For Attendance\"}}', '2019-04-01 19:08:23', '2019-03-30 23:07:31', '2019-04-01 19:08:23'),
('32f68bd0-d052-42bb-ab19-3f6ed5b5894f', 'App\\Notifications\\Admin\\Leave', 1, 'App\\Model\\Team\\Team', '{\"data\":{\"emp_name\":\"Bhuvanesh Soni\",\"message\":\"Apply For Leave\"}}', '2019-03-01 00:48:05', '2019-03-01 00:40:27', '2019-03-01 00:48:05'),
('33e126fd-707b-4bc0-bfc7-4f2be029ae0b', 'App\\Notifications\\Admin\\Leave', 1, 'App\\Model\\Team\\Team', '{\"data\":{\"emp_name\":\"Ankita Mangal\",\"message\":\"Apply For Early Leave\"}}', '2019-03-20 18:06:24', '2019-03-19 16:14:28', '2019-03-20 18:06:24'),
('3a884b94-80e5-49f4-a495-8a722d083ff9', 'App\\Notifications\\Admin\\Leave', 1, 'App\\Model\\Team\\Team', '{\"data\":{\"emp_name\":\"Reema Parakh\",\"message\":\"Request For Attendance\"}}', '2019-04-09 17:42:04', '2019-04-01 22:05:18', '2019-04-09 17:42:04'),
('3aa12a33-7cc4-45ed-aab8-6f07fa8cbe32', 'App\\Notifications\\Admin\\Leave', 1, 'App\\Model\\Team\\Team', '{\"data\":{\"emp_name\":\"Sandeep Bhati\",\"message\":\"Apply For Leave\",\"reason\":\"Work at home\",\"leave_date\":\"2019-03-27 to 2019-03-27\"}}', '2019-03-27 17:49:09', '2019-03-27 15:09:05', '2019-03-27 17:49:09'),
('3ac23343-ddaa-4e90-974a-797aa4c98bab', 'App\\Notifications\\Admin\\Leave', 1, 'App\\Model\\Team\\Team', '{\"data\":{\"emp_name\":\"Asif Khan\",\"message\":\"Apply For Early Leave\"}}', '2019-04-12 15:25:10', '2019-04-11 15:06:58', '2019-04-12 15:25:10'),
('3e3cf813-0c12-4a4d-a170-b967821e2442', 'App\\Notifications\\Admin\\Leave', 1, 'App\\Model\\Team\\Team', '{\"data\":{\"emp_name\":\"Abdul Hameed\",\"message\":\"Request For Attendance\"}}', '2019-04-01 19:08:23', '2019-03-31 00:57:16', '2019-04-01 19:08:23'),
('41bc0a57-076a-49bc-9b59-065d70069a16', 'App\\Notifications\\Admin\\Leave', 1, 'App\\Model\\Team\\Team', '{\"data\":{\"emp_name\":\"Reema Parakh\",\"message\":\"Apply For Early Leave\"}}', '2019-04-09 17:42:04', '2019-04-08 16:27:07', '2019-04-09 17:42:04'),
('480808a1-c26f-4e1e-8adf-2f91d9f239bf', 'App\\Notifications\\Admin\\Leave', 1, 'App\\Model\\Team\\Team', '{\"data\":{\"emp_name\":\"Abdul Hameed\",\"message\":\"Request For Attendance\"}}', '2019-03-12 15:32:30', '2019-03-12 00:53:45', '2019-03-12 15:32:30'),
('4a7a7d83-adac-4e97-a766-e505e7fe0da1', 'App\\Notifications\\Admin\\Leave', 1, 'App\\Model\\Team\\Team', '{\"data\":{\"emp_name\":\"Abdul Hameed\",\"message\":\"Request For Attendance\"}}', '2019-03-28 18:45:39', '2019-03-28 01:22:58', '2019-03-28 18:45:39'),
('4b2871cd-eeb9-447a-a21d-5f87d5e68fe8', 'App\\Notifications\\Admin\\Leave', 1, 'App\\Model\\Team\\Team', '{\"data\":{\"emp_name\":\"Pratyush Bharti\",\"message\":\"Request For Attendance\"}}', '2019-04-09 17:42:04', '2019-04-05 22:46:10', '2019-04-09 17:42:04'),
('4bbc307c-df4f-4525-8f4a-e5add388af98', 'App\\Notifications\\Admin\\Leave', 1, 'App\\Model\\Team\\Team', '{\"data\":{\"emp_name\":\"Sweta\",\"message\":\"Request For Attendance\"}}', '2019-03-29 18:48:12', '2019-03-29 00:23:50', '2019-03-29 18:48:12'),
('4d7c3f3e-23ea-4028-a347-aa7cca8a8f5d', 'App\\Notifications\\Admin\\Leave', 1, 'App\\Model\\Team\\Team', '{\"data\":{\"emp_name\":\"Rupam Mukherjee\",\"message\":\"Request For Attendance\"}}', '2019-03-28 18:45:39', '2019-03-27 21:29:55', '2019-03-28 18:45:39'),
('4e42a7c6-d312-41a4-ac7c-b3c4bea67893', 'App\\Notifications\\Admin\\Leave', 1, 'App\\Model\\Team\\Team', '{\"data\":{\"emp_name\":\"Suraj Vaishnav\",\"message\":\"Request For Attendance\"}}', '2019-04-09 17:42:04', '2019-04-02 19:30:17', '2019-04-09 17:42:04'),
('4e9a37cb-ddc3-4fe4-92aa-853ffe0b407b', 'App\\Notifications\\Admin\\Leave', 1, 'App\\Model\\Team\\Team', '{\"data\":{\"emp_name\":\"Raunak Purohit\",\"message\":\"Request For Attendance\"}}', '2019-03-29 18:48:12', '2019-03-29 00:34:57', '2019-03-29 18:48:12'),
('4f6fc2af-2550-4988-91b0-a0c0d7cf4f1f', 'App\\Notifications\\Admin\\Leave', 1, 'App\\Model\\Team\\Team', '{\"data\":{\"emp_name\":\"Bhuvanesh Soni\",\"message\":\"Apply For Leave\",\"reason\":\"Test leave email\",\"leave_date\":\"2019-03-14 to 2019-03-14\"}}', '2019-03-18 23:23:39', '2019-03-14 22:11:52', '2019-03-18 23:23:39'),
('531668c7-b24d-4ce6-a694-2ce3268253bf', 'App\\Notifications\\Admin\\Leave', 1, 'App\\Model\\Team\\Team', '{\"data\":{\"emp_name\":\"Abdul Hameed\",\"message\":\"Request For Attendance\"}}', '2019-03-18 23:23:39', '2019-03-13 01:17:38', '2019-03-18 23:23:39'),
('5a110865-7dc7-411d-8291-4d3e441e5bdb', 'App\\Notifications\\Admin\\Leave', 1, 'App\\Model\\Team\\Team', '{\"data\":{\"emp_name\":\"Umar Tazkeer\",\"message\":\"Apply For Early Leave\"}}', '2019-04-01 19:08:23', '2019-03-30 22:36:48', '2019-04-01 19:08:23'),
('5a5ef8a7-3e5a-407b-85ae-98f7a3686732', 'App\\Notifications\\Admin\\Leave', 1, 'App\\Model\\Team\\Team', '{\"data\":{\"emp_name\":\"Bhagya Shree\",\"message\":\"Apply For Early Leave\"}}', '2019-04-12 15:25:10', '2019-04-12 15:22:03', '2019-04-12 15:25:10'),
('610395c3-014e-495c-a7bf-081ff30a3dc6', 'App\\Notifications\\Admin\\Leave', 1, 'App\\Model\\Team\\Team', '{\"data\":{\"emp_name\":\"Umar Tazkeer\",\"message\":\"Apply For Leave\",\"reason\":\"Going to Home , For Sisters Engagement.\",\"leave_date\":\"2019-04-08 to 2019-04-11\"}}', '2019-04-01 19:08:23', '2019-03-30 19:25:09', '2019-04-01 19:08:23'),
('6165c0b1-1965-4f75-a951-003a5cfc4c7f', 'App\\Notifications\\Admin\\Leave', 1, 'App\\Model\\Team\\Team', '{\"data\":{\"emp_name\":\"Abdul Hameed\",\"message\":\"Request For Attendance\"}}', '2019-03-29 18:48:12', '2019-03-29 00:32:28', '2019-03-29 18:48:12'),
('659fbebf-242a-4784-9139-193a624ba55a', 'App\\Notifications\\Admin\\Leave', 1, 'App\\Model\\Team\\Team', '{\"data\":{\"emp_name\":\"Goutam\",\"message\":\"Request For Attendance\"}}', '2019-04-09 17:42:04', '2019-04-01 23:02:38', '2019-04-09 17:42:04'),
('6b9f77bf-33f3-4639-ade6-6f16092c1855', 'App\\Notifications\\Admin\\Leave', 1, 'App\\Model\\Team\\Team', '{\"data\":{\"emp_name\":\"Sachin Rupani\",\"message\":\"Apply For Early Leave\"}}', '2019-03-27 17:49:09', '2019-03-23 19:41:14', '2019-03-27 17:49:09'),
('76e41f0e-d66c-4eb4-ab3a-a13cee4534bf', 'App\\Notifications\\Admin\\Leave', 1, 'App\\Model\\Team\\Team', '{\"data\":{\"emp_name\":\"Suraj Vaishnav\",\"message\":\"Request For Attendance\"}}', '2019-04-09 17:42:04', '2019-04-09 00:38:44', '2019-04-09 17:42:04'),
('784225bc-3fa1-45ff-867d-90f7575a1a5b', 'App\\Notifications\\Admin\\Leave', 1, 'App\\Model\\Team\\Team', '{\"data\":{\"emp_name\":\"Suraj Vaishnav\",\"message\":\"Apply For Early Leave\"}}', '2019-03-06 18:26:34', '2019-03-06 18:05:14', '2019-03-06 18:26:34'),
('79ba8ed9-7c83-473a-b569-54e0aaf913fe', 'App\\Notifications\\Admin\\Leave', 1, 'App\\Model\\Team\\Team', '{\"data\":{\"emp_name\":\"Bhagya Shree\",\"message\":\"Request For Attendance\"}}', '2019-04-12 15:25:10', '2019-04-11 23:05:22', '2019-04-12 15:25:10'),
('7a7f8bf1-cdbd-4b8c-9a30-96898314cc59', 'App\\Notifications\\Admin\\Leave', 1, 'App\\Model\\Team\\Team', '{\"data\":{\"emp_name\":\"Bhavana Gautam\",\"message\":\"Apply For Leave\",\"reason\":\"going out of station\",\"leave_date\":\"2019-04-13 to 2019-04-13\"}}', '2019-03-29 18:48:12', '2019-03-28 19:59:38', '2019-03-29 18:48:12'),
('7b58c553-c38d-4913-8dd6-30460e44c391', 'App\\Notifications\\Admin\\Leave', 1, 'App\\Model\\Team\\Team', '{\"data\":{\"emp_name\":\"Pankaj\",\"message\":\"Apply For Early Leave\"}}', '2019-04-12 15:25:10', '2019-04-10 19:37:10', '2019-04-12 15:25:10'),
('7d86f21e-e6f1-43a2-96bd-d8eed4468de5', 'App\\Notifications\\Admin\\Leave', 1, 'App\\Model\\Team\\Team', '{\"data\":{\"emp_name\":\"Suraj Vaishnav\",\"message\":\"Request For Attendance\"}}', '2019-03-28 18:45:39', '2019-03-27 19:34:24', '2019-03-28 18:45:39'),
('7e30dc96-a8bc-427f-b5a5-8502450ad85c', 'App\\Notifications\\Admin\\Leave', 1, 'App\\Model\\Team\\Team', '{\"data\":{\"emp_name\":\"Raunak Purohit\",\"message\":\"Request For Attendance\"}}', '2019-03-18 23:23:39', '2019-03-18 23:02:23', '2019-03-18 23:23:39'),
('7e3e2c68-0074-46e6-895b-b31b23364593', 'App\\Notifications\\Admin\\Leave', 1, 'App\\Model\\Team\\Team', '{\"data\":{\"emp_name\":\"Abdul Hameed\",\"message\":\"Request For Attendance\"}}', '2019-04-12 15:25:10', '2019-04-11 00:56:03', '2019-04-12 15:25:10'),
('7fe620b7-bc06-48b1-a1ee-3e093a35b762', 'App\\Notifications\\Admin\\Leave', 1, 'App\\Model\\Team\\Team', '{\"data\":{\"emp_name\":\"Amba Patel\",\"message\":\"Apply For Leave\",\"reason\":\"Some urgent work at home\",\"leave_date\":\"2019-03-27 to 2019-03-27\"}}', '2019-03-28 18:45:39', '2019-03-28 14:33:39', '2019-03-28 18:45:39'),
('7fe8f5a8-e22b-475d-ae7f-8f2ecfbf5865', 'App\\Notifications\\Admin\\Leave', 1, 'App\\Model\\Team\\Team', '{\"data\":{\"emp_name\":\"Bhuvanesh Soni\",\"message\":\"Apply For Leave\",\"reason\":\"Going for family function..\",\"leave_date\":\"2019-04-19 to 2019-04-19\"}}', '2019-04-22 17:48:13', '2019-04-16 20:18:38', '2019-04-22 17:48:13'),
('802790d2-59bf-4ac4-b7cc-568b05273249', 'App\\Notifications\\Admin\\Leave', 1, 'App\\Model\\Team\\Team', '{\"data\":{\"emp_name\":\"Asif Khan\",\"message\":\"Request For Attendance\"}}', '2019-04-09 17:42:04', '2019-04-04 00:02:20', '2019-04-09 17:42:04'),
('803d7f97-a04e-4e9d-86c5-23b85596cde0', 'App\\Notifications\\Admin\\Leave', 1, 'App\\Model\\Team\\Team', '{\"data\":{\"emp_name\":\"Bhavana Gautam\",\"message\":\"Request For Attendance\"}}', '2019-04-22 17:48:13', '2019-04-16 00:19:05', '2019-04-22 17:48:13'),
('86c10be2-a099-426b-a724-c7432a720c29', 'App\\Notifications\\Admin\\Leave', 1, 'App\\Model\\Team\\Team', '{\"data\":{\"emp_name\":\"Raunak Purohit\",\"message\":\"Request For Attendance\"}}', '2019-04-09 17:42:04', '2019-04-06 00:04:35', '2019-04-09 17:42:04'),
('86fbc715-44ef-474e-9864-d740c53939c4', 'App\\Notifications\\Admin\\Leave', 1, 'App\\Model\\Team\\Team', '{\"data\":{\"emp_name\":\"Pramod Kumar\",\"message\":\"Apply For Leave\",\"reason\":\"brother in law marriage\",\"leave_date\":\"2019-04-24 to 2019-04-30\"}}', '2019-03-28 18:45:39', '2019-03-28 15:35:41', '2019-03-28 18:45:39'),
('8b563a80-b6a1-4ae0-b019-5291bb43ea0c', 'App\\Notifications\\Admin\\Leave', 1, 'App\\Model\\Team\\Team', '{\"data\":{\"emp_name\":\"Suraj Vaishnav\",\"message\":\"Apply For Early Leave\"}}', '2019-04-12 15:25:10', '2019-04-10 19:45:40', '2019-04-12 15:25:10'),
('901b24a0-4770-4faf-91db-70e4777ff8d3', 'App\\Notifications\\Admin\\Leave', 1, 'App\\Model\\Team\\Team', '{\"data\":{\"emp_name\":\"Sandeep Bhati\",\"message\":\"Request For Attendance\"}}', '2019-03-27 17:49:09', '2019-03-20 21:49:11', '2019-03-27 17:49:09'),
('9156b799-3228-4f58-9037-5355d736d61d', 'App\\Notifications\\Admin\\Leave', 1, 'App\\Model\\Team\\Team', '{\"data\":{\"emp_name\":\"Bhuvanesh Soni\",\"message\":\"Apply For Early Leave\"}}', '2019-03-18 23:23:39', '2019-03-14 22:10:25', '2019-03-18 23:23:39'),
('985c3e90-1b96-41e7-8b1e-7e747ec1cd6f', 'App\\Notifications\\Admin\\Leave', 1, 'App\\Model\\Team\\Team', '{\"data\":{\"emp_name\":\"Brijpal\",\"message\":\"Request For Attendance\"}}', '2019-03-27 17:49:09', '2019-03-24 00:30:17', '2019-03-27 17:49:09'),
('9995004e-379d-4e6c-80c0-9718865c90f4', 'App\\Notifications\\Admin\\Leave', 1, 'App\\Model\\Team\\Team', '{\"data\":{\"emp_name\":\"Jitendra Jangid\",\"message\":\"Apply For Leave\"}}', '2019-03-12 15:32:30', '2019-03-08 16:50:31', '2019-03-12 15:32:30'),
('9a402719-a2a8-4cb0-bfd2-37002711ba2e', 'App\\Notifications\\Admin\\Leave', 1, 'App\\Model\\Team\\Team', '{\"data\":{\"emp_name\":\"Bhuvanesh Soni\",\"message\":\"Apply For Early Leave\"}}', '2019-03-27 17:49:09', '2019-03-23 16:54:38', '2019-03-27 17:49:09'),
('9c3cfda7-b2d8-426b-8295-55e75b11a184', 'App\\Notifications\\Admin\\Leave', 1, 'App\\Model\\Team\\Team', '{\"data\":{\"emp_name\":\"Bhavana Gautam\",\"message\":\"Request For Attendance\"}}', '2019-03-27 17:49:09', '2019-03-23 00:13:02', '2019-03-27 17:49:09'),
('9cad9d4c-e0ee-4a93-849e-dcbf8d3509c6', 'App\\Notifications\\Admin\\Leave', 1, 'App\\Model\\Team\\Team', '{\"data\":{\"emp_name\":\"Abdul Hameed\",\"message\":\"Request For Attendance\"}}', '2019-03-18 23:23:39', '2019-03-14 00:28:47', '2019-03-18 23:23:39'),
('9ede2fbc-37b1-40f4-a27f-c39ff288b6ff', 'App\\Notifications\\Admin\\Leave', 1, 'App\\Model\\Team\\Team', '{\"data\":{\"emp_name\":\"Abdul Hameed\",\"message\":\"Request For Attendance\"}}', '2019-03-27 17:49:09', '2019-03-26 01:02:45', '2019-03-27 17:49:09'),
('9f0d0c12-3699-4788-a4f9-948f56690b11', 'App\\Notifications\\Admin\\Leave', 1, 'App\\Model\\Team\\Team', '{\"data\":{\"emp_name\":\"Sandeep Bhati\",\"message\":\"Request For Attendance\"}}', '2019-03-29 18:48:12', '2019-03-29 00:30:17', '2019-03-29 18:48:12'),
('a1398463-ca4b-4c99-b399-382604cf0d52', 'App\\Notifications\\Admin\\Leave', 1, 'App\\Model\\Team\\Team', '{\"data\":{\"emp_name\":\"Ankita Mangal\",\"message\":\"Request For Attendance\"}}', '2019-03-29 18:48:12', '2019-03-28 23:07:34', '2019-03-29 18:48:12'),
('a15f62b1-5463-4c89-9293-3308c85113e3', 'App\\Notifications\\Admin\\Leave', 1, 'App\\Model\\Team\\Team', '{\"data\":{\"emp_name\":\"Amba Patel\",\"message\":\"Request For Attendance\"}}', '2019-03-12 15:32:30', '2019-03-07 23:22:12', '2019-03-12 15:32:30'),
('a6ee23dd-f374-49eb-b95c-371231b6898a', 'App\\Notifications\\Admin\\Leave', 1, 'App\\Model\\Team\\Team', '{\"data\":{\"emp_name\":\"Bhavana Gautam\",\"message\":\"Apply For Leave\",\"reason\":\"going hospital(2nd half)\",\"leave_date\":\"2019-03-20 to 2019-03-20\"}}', '2019-03-20 18:06:24', '2019-03-20 16:17:21', '2019-03-20 18:06:24'),
('a90c1c18-881b-46f1-9988-507028a31d7c', 'App\\Notifications\\Admin\\Leave', 1, 'App\\Model\\Team\\Team', '{\"data\":{\"emp_name\":\"Jitendra Jangid\",\"message\":\"Request For Attendance\"}}', '2019-04-22 17:48:13', '2019-04-12 19:29:48', '2019-04-22 17:48:13'),
('aa570692-67f4-4f06-b18b-3caf03d33c2a', 'App\\Notifications\\Admin\\Leave', 1, 'App\\Model\\Team\\Team', '{\"data\":{\"emp_name\":\"Abdul Hameed\",\"message\":\"Request For Attendance\"}}', '2019-04-01 19:08:23', '2019-03-30 01:05:21', '2019-04-01 19:08:23'),
('aa6c261d-4116-40fe-8cc8-f5b8613f6169', 'App\\Notifications\\Admin\\Leave', 1, 'App\\Model\\Team\\Team', '{\"data\":{\"emp_name\":\"Jitendra Jangid\",\"message\":\"Request For Attendance\"}}', '2019-04-09 17:42:04', '2019-04-08 22:36:12', '2019-04-09 17:42:04'),
('ac915b06-5b67-4446-a22a-6d3cf1d794e2', 'App\\Notifications\\Admin\\Leave', 1, 'App\\Model\\Team\\Team', '{\"data\":{\"emp_name\":\"Abdul Hameed\",\"message\":\"Request For Attendance\"}}', '2019-03-12 15:32:30', '2019-03-07 02:01:37', '2019-03-12 15:32:30'),
('aea820c2-ba8d-4dea-9c2b-f387bb6d5f73', 'App\\Notifications\\Admin\\Leave', 1, 'App\\Model\\Team\\Team', '{\"data\":{\"emp_name\":\"Bhuvanesh Soni\",\"message\":\"Apply For Early Leave\"}}', '2019-04-22 17:48:13', '2019-04-16 20:19:05', '2019-04-22 17:48:13'),
('b0ca4b83-4726-4176-ac72-7c8f5a6f0b82', 'App\\Notifications\\Admin\\Leave', 1, 'App\\Model\\Team\\Team', '{\"data\":{\"emp_name\":\"Umar Tazkeer\",\"message\":\"Apply For Leave\",\"reason\":\"Going to Home , For Sisters Engagement.\",\"leave_date\":\"2019-03-08 to 2019-03-11\"}}', '2019-04-01 19:08:23', '2019-03-30 17:00:37', '2019-04-01 19:08:23'),
('b6f857b4-824e-419c-975a-097d7b4190ab', 'App\\Notifications\\Admin\\Leave', 1, 'App\\Model\\Team\\Team', '{\"data\":{\"emp_name\":\"Sandeep Bhati\",\"message\":\"Apply For Early Leave\"}}', '2019-03-27 17:49:09', '2019-03-20 21:19:15', '2019-03-27 17:49:09'),
('bea079e1-d71e-4b5f-b971-ebe7b82d90dc', 'App\\Notifications\\Admin\\Leave', 1, 'App\\Model\\Team\\Team', '{\"data\":{\"emp_name\":\"Reema Parakh\",\"message\":\"Apply For Early Leave\"}}', '2019-04-09 17:42:04', '2019-04-01 22:04:07', '2019-04-09 17:42:04'),
('bf36b59d-8877-470a-9352-377ae3bff6cb', 'App\\Notifications\\Admin\\Leave', 1, 'App\\Model\\Team\\Team', '{\"data\":{\"emp_name\":\"Bhuvanesh Soni\",\"message\":\"Apply For Early Leave\"}}', '2019-03-18 23:23:39', '2019-03-14 22:10:21', '2019-03-18 23:23:39'),
('c13fe762-1786-4897-8046-cf248c66eedf', 'App\\Notifications\\Admin\\Leave', 1, 'App\\Model\\Team\\Team', '{\"data\":{\"emp_name\":\"Goutam\",\"message\":\"Apply For Early Leave\"}}', '2019-04-01 19:08:23', '2019-04-01 15:23:42', '2019-04-01 19:08:23'),
('c3ccd306-3d8b-4b05-8d7d-dd731a73232b', 'App\\Notifications\\Admin\\Leave', 1, 'App\\Model\\Team\\Team', '{\"data\":{\"emp_name\":\"Sumit Naruka\",\"message\":\"Apply For Early Leave\"}}', '2019-03-12 15:32:30', '2019-03-08 23:18:24', '2019-03-12 15:32:30'),
('c56aea81-21be-40bd-951f-f11ebeaa3e95', 'App\\Notifications\\Admin\\Leave', 1, 'App\\Model\\Team\\Team', '{\"data\":{\"emp_name\":\"Sumit Naruka\",\"message\":\"Request For Attendance\"}}', '2019-04-22 17:48:13', '2019-04-13 22:02:58', '2019-04-22 17:48:13'),
('c9be7ce9-2294-4864-afd7-84f954c882c9', 'App\\Notifications\\Admin\\Leave', 1, 'App\\Model\\Team\\Team', '{\"data\":{\"emp_name\":\"Bhuvanesh Soni\",\"message\":\"Apply For Early Leave\"}}', '2019-03-18 23:23:39', '2019-03-14 22:11:32', '2019-03-18 23:23:39'),
('ca9cf1c0-3652-44d7-a1b7-19845b5045c4', 'App\\Notifications\\Admin\\Leave', 1, 'App\\Model\\Team\\Team', '{\"data\":{\"emp_name\":\"Sourabh Rohila\",\"message\":\"Apply For Leave\",\"reason\":\"Need to attend brother\'s marriage.\",\"leave_date\":\"2019-04-15 to 2019-04-19\"}}', '2019-04-09 17:42:04', '2019-04-03 22:18:58', '2019-04-09 17:42:04'),
('caaf16b3-5b19-4eda-a0d2-f98c37821eeb', 'App\\Notifications\\Admin\\Leave', 1, 'App\\Model\\Team\\Team', '{\"data\":{\"emp_name\":\"Jitendra Jangid\",\"message\":\"Apply For Leave\"}}', '2019-03-12 15:32:30', '2019-03-11 15:01:50', '2019-03-12 15:32:30'),
('cd00b711-374a-4435-a6b8-cbeb54f8a607', 'App\\Notifications\\Admin\\Leave', 1, 'App\\Model\\Team\\Team', '{\"data\":{\"emp_name\":\"Amba Patel\",\"message\":\"Apply For Early Leave\"}}', '2019-03-12 15:32:30', '2019-03-07 23:18:48', '2019-03-12 15:32:30'),
('cd6cbfe0-1ee9-4497-9465-75f988f0b506', 'App\\Notifications\\Admin\\Leave', 1, 'App\\Model\\Team\\Team', '{\"data\":{\"emp_name\":\"Sachin Rupani\",\"message\":\"Apply For Early Leave\"}}', '2019-04-09 17:42:04', '2019-04-02 22:48:18', '2019-04-09 17:42:04'),
('d146aa83-7355-42a0-8885-30cb11834c99', 'App\\Notifications\\Admin\\Leave', 1, 'App\\Model\\Team\\Team', '{\"data\":{\"emp_name\":\"Raunak Purohit\",\"message\":\"Request For Attendance\"}}', '2019-04-22 17:48:13', '2019-04-14 00:03:37', '2019-04-22 17:48:13'),
('d1ea73c5-2568-4490-aa11-8ae08f56925a', 'App\\Notifications\\Admin\\Leave', 1, 'App\\Model\\Team\\Team', '{\"data\":{\"emp_name\":\"Jitendra Jangid\",\"message\":\"Apply For Leave\",\"reason\":\"Brother\'s marriage\",\"leave_date\":\"2019-05-06 to 2019-05-10\"}}', '2019-04-09 17:42:04', '2019-04-08 15:43:46', '2019-04-09 17:42:04'),
('d24f0382-7f0c-4706-bc11-53236a7c537e', 'App\\Notifications\\Admin\\Leave', 1, 'App\\Model\\Team\\Team', '{\"data\":{\"emp_name\":\"Bhuvanesh Soni\",\"message\":\"Request For Attendance\"}}', '2019-04-09 17:42:04', '2019-04-05 00:05:08', '2019-04-09 17:42:04'),
('d3068e0f-91b2-458f-a775-815e68eaeb55', 'App\\Notifications\\Admin\\Leave', 1, 'App\\Model\\Team\\Team', '{\"data\":{\"emp_name\":\"Sweta\",\"message\":\"Apply For Leave\"}}', '2019-03-12 15:32:30', '2019-03-08 15:50:46', '2019-03-12 15:32:30'),
('d5557234-5d09-4263-9784-dfdf7bdd1d0d', 'App\\Notifications\\Admin\\Leave', 1, 'App\\Model\\Team\\Team', '{\"data\":{\"emp_name\":\"Pankaj\",\"message\":\"Apply For Leave\",\"reason\":\"second half leave going town\",\"leave_date\":\"2019-04-05 to 2019-04-05\"}}', '2019-04-09 17:42:04', '2019-04-04 15:10:54', '2019-04-09 17:42:04'),
('d5c9b9a0-184f-4b2b-80fc-6351dcdd1a65', 'App\\Notifications\\Admin\\Leave', 1, 'App\\Model\\Team\\Team', '{\"data\":{\"emp_name\":\"Brijpal\",\"message\":\"Request For Attendance\"}}', '2019-03-27 17:49:09', '2019-03-20 18:33:19', '2019-03-27 17:49:09'),
('dc7ffeb4-cddc-4d49-8a7c-dda972c017e5', 'App\\Notifications\\Admin\\Leave', 1, 'App\\Model\\Team\\Team', '{\"data\":{\"emp_name\":\"Sourabh Rohila\",\"message\":\"Request For Attendance\"}}', '2019-04-09 17:42:04', '2019-04-06 00:05:02', '2019-04-09 17:42:04'),
('dd5d4ab7-ab89-4ef6-beec-38c2edd04c7b', 'App\\Notifications\\Admin\\Leave', 1, 'App\\Model\\Team\\Team', '{\"data\":{\"emp_name\":\"Ankita Mangal\",\"message\":\"Request For Attendance\"}}', '2019-03-27 17:49:09', '2019-03-23 00:09:04', '2019-03-27 17:49:09'),
('e5ef7f29-1f3d-4250-b432-28ccf940e541', 'App\\Notifications\\Admin\\Leave', 1, 'App\\Model\\Team\\Team', '{\"data\":{\"emp_name\":\"Pradeep Rai\",\"message\":\"Apply For Early Leave\"}}', '2019-04-09 17:42:04', '2019-04-03 15:07:05', '2019-04-09 17:42:04'),
('e8bc2ace-158d-4662-9bc3-482bab1f9789', 'App\\Notifications\\Admin\\Leave', 1, 'App\\Model\\Team\\Team', '{\"data\":{\"emp_name\":\"Bhuvanesh Soni\",\"message\":\"Apply For Early Leave\"}}', '2019-03-01 00:48:05', '2019-03-01 00:41:12', '2019-03-01 00:48:05'),
('e9cd9d69-e866-4e2e-8d2c-4d2eb63bcbdc', 'App\\Notifications\\Admin\\Leave', 1, 'App\\Model\\Team\\Team', '{\"data\":{\"emp_name\":\"Bhuvanesh Soni\",\"message\":\"Apply For Early Leave\"}}', '2019-03-04 16:03:46', '2019-03-02 18:10:21', '2019-03-04 16:03:46'),
('eaafadb2-1fbd-4c9b-952c-4e067b83601e', 'App\\Notifications\\Admin\\Leave', 1, 'App\\Model\\Team\\Team', '{\"data\":{\"emp_name\":\"Pankaj\",\"message\":\"Request For Attendance\"}}', '2019-03-27 17:49:09', '2019-03-26 00:18:41', '2019-03-27 17:49:09'),
('ec41c9e7-14e1-46cb-b61f-8acee0a84761', 'App\\Notifications\\Admin\\Leave', 1, 'App\\Model\\Team\\Team', '{\"data\":{\"emp_name\":\"Rupam Mukherjee\",\"message\":\"Apply For Leave\"}}', '2019-03-18 23:23:39', '2019-03-13 14:41:06', '2019-03-18 23:23:39'),
('ef97876c-caf5-4448-ab09-232c4104ac20', 'App\\Notifications\\Admin\\Leave', 1, 'App\\Model\\Team\\Team', '{\"data\":{\"emp_name\":\"Pankaj\",\"message\":\"Request For Attendance\"}}', '2019-04-12 15:25:10', '2019-04-12 00:07:54', '2019-04-12 15:25:10'),
('f82fc249-3577-4314-9b77-b7fa2d1d2eea', 'App\\Notifications\\Admin\\Leave', 1, 'App\\Model\\Team\\Team', '{\"data\":{\"emp_name\":\"Sweta\",\"message\":\"Request For Attendance\"}}', '2019-04-22 17:48:13', '2019-04-14 00:21:50', '2019-04-22 17:48:13'),
('fbcbd1f8-99d0-4d56-a5cd-ed8feb7b4e25', 'App\\Notifications\\Admin\\Leave', 1, 'App\\Model\\Team\\Team', '{\"data\":{\"emp_name\":\"Goutam\",\"message\":\"Apply For Early Leave\"}}', '2019-04-09 17:42:04', '2019-04-02 16:19:28', '2019-04-09 17:42:04');

-- --------------------------------------------------------

--
-- Table structure for table `platforms`
--

CREATE TABLE `platforms` (
  `platform_id` int(10) UNSIGNED NOT NULL,
  `platform_name` varchar(191) COLLATE utf8mb4_unicode_ci NOT NULL,
  `status` enum('0','1') COLLATE utf8mb4_unicode_ci NOT NULL DEFAULT '1',
  `created_at` timestamp NULL DEFAULT NULL,
  `updated_at` timestamp NULL DEFAULT NULL
) ENGINE=InnoDB DEFAULT CHARSET=utf8mb4 COLLATE=utf8mb4_unicode_ci;

--
-- Dumping data for table `platforms`
--

INSERT INTO `platforms` (`platform_id`, `platform_name`, `status`, `created_at`, `updated_at`) VALUES
(1, 'Android', '1', '2019-01-25 04:14:53', '2019-01-25 04:14:53'),
(2, 'IOS', '1', '2019-01-25 04:14:53', '2019-01-25 04:14:53'),
(3, 'Web', '1', '2019-01-25 04:14:53', '2019-01-25 04:14:53'),
(4, 'API', '1', '2019-01-25 04:14:53', '2019-01-25 04:14:53'),
(5, 'MEAN Stack', '1', '2019-01-25 04:14:53', '2019-01-25 04:14:53');

-- --------------------------------------------------------

--
-- Table structure for table `projects`
--

CREATE TABLE `projects` (
  `project_id` int(10) UNSIGNED NOT NULL,
  `project_name` varchar(191) COLLATE utf8mb4_unicode_ci DEFAULT NULL,
  `platform` text COLLATE utf8mb4_unicode_ci,
  `status` enum('0','1') COLLATE utf8mb4_unicode_ci NOT NULL,
  `project_owner` int(10) UNSIGNED DEFAULT NULL,
  `project_manager` int(10) UNSIGNED DEFAULT NULL,
  `project_start_date` date DEFAULT NULL,
  `project_end_date` date DEFAULT NULL,
  `project_description` text COLLATE utf8mb4_unicode_ci,
  `created_at` timestamp NULL DEFAULT NULL,
  `updated_at` timestamp NULL DEFAULT NULL
) ENGINE=InnoDB DEFAULT CHARSET=utf8mb4 COLLATE=utf8mb4_unicode_ci;

--
-- Dumping data for table `projects`
--

INSERT INTO `projects` (`project_id`, `project_name`, `platform`, `status`, `project_owner`, `project_manager`, `project_start_date`, `project_end_date`, `project_description`, `created_at`, `updated_at`) VALUES
(1, 'Gullyy & Hexaball', NULL, '1', 33, 2, '2019-03-01', '2019-03-14', 'Android, iOS and Admin', '2019-03-04 17:59:21', '2019-03-04 18:39:56'),
(2, 'PursueIt', NULL, '1', 33, 2, '2019-02-15', '2019-03-20', NULL, '2019-03-04 18:04:23', '2019-03-04 18:04:23'),
(3, 'Sstringz', NULL, '1', 33, 2, '2019-03-01', '2019-03-15', NULL, '2019-03-04 18:05:33', '2019-03-04 18:05:33'),
(4, 'Pincap', NULL, '1', 33, 2, '2019-01-01', '2019-05-31', NULL, '2019-03-04 18:07:44', '2019-03-04 18:07:44'),
(5, 'Niftytrader', NULL, '1', 33, 2, '2019-03-01', '2019-11-30', NULL, '2019-03-04 18:08:13', '2019-03-04 18:08:13'),
(6, 'Jodhpuri', NULL, '1', 34, 34, '2019-03-01', '2019-03-31', NULL, '2019-03-04 18:09:02', '2019-03-04 18:09:02'),
(7, 'V2R School Project', NULL, '1', 34, 34, '2019-03-01', '2019-03-31', NULL, '2019-03-04 18:13:28', '2019-03-04 18:13:28'),
(8, 'Academic Eye', NULL, '1', 34, 34, '2019-03-01', NULL, NULL, '2019-03-04 18:14:34', '2019-03-04 18:14:34'),
(9, 'TaxEzee', NULL, '1', 33, 2, '2018-12-01', NULL, NULL, '2019-03-04 18:14:56', '2019-03-04 18:14:56'),
(10, '1-Platform', NULL, '1', 33, 2, '2018-12-01', NULL, NULL, '2019-03-04 18:17:41', '2019-03-04 18:17:41'),
(11, 'Design Piper', NULL, '1', 33, 2, '2019-01-01', NULL, NULL, '2019-03-04 18:18:04', '2019-03-04 18:18:04'),
(12, 'Gkexam', NULL, '1', 34, 2, '2019-03-01', NULL, NULL, '2019-03-04 18:26:03', '2019-03-04 18:26:03'),
(13, 'Seajobhunt.com', NULL, '1', 34, 2, '2019-03-01', NULL, NULL, '2019-03-04 18:31:06', '2019-03-04 18:31:06'),
(14, 'WOW Airline Reviews', NULL, '1', 33, 33, '2019-03-01', NULL, NULL, '2019-03-04 18:31:32', '2019-03-04 18:31:32'),
(15, 'Mesmo', NULL, '1', 33, 2, '2018-11-15', NULL, NULL, '2019-03-04 18:32:03', '2019-03-04 18:32:03'),
(16, 'Play Glam', NULL, '1', 33, 9, '2018-10-01', NULL, NULL, '2019-03-04 18:34:22', '2019-03-04 18:34:22'),
(17, 'Promo Shifu', NULL, '1', 33, 2, '2019-01-01', NULL, NULL, '2019-03-04 18:36:19', '2019-03-04 18:36:19'),
(18, 'V2R Team Portal', NULL, '1', 33, 2, '2018-10-01', NULL, NULL, '2019-03-04 18:37:42', '2019-03-04 18:37:42'),
(19, 'V2R Solutions', NULL, '1', 33, 2, '2019-02-01', NULL, NULL, '2019-03-04 18:39:12', '2019-03-04 18:39:12'),
(20, 'GBR Loops', NULL, '1', 34, 2, '2019-03-01', NULL, NULL, '2019-03-04 18:39:37', '2019-03-04 18:39:37'),
(21, 'WsCube Tech', NULL, '1', 34, 34, '2019-01-01', NULL, NULL, '2019-03-04 18:41:04', '2019-03-04 18:41:04'),
(22, 'AWS Server Architecture', NULL, '1', 33, 2, '2019-01-01', NULL, NULL, '2019-03-04 18:42:13', '2019-03-04 18:42:13'),
(23, '360 Digital Gyan', NULL, '1', 34, 34, '2019-01-01', NULL, NULL, '2019-03-04 18:53:37', '2019-03-04 18:53:37'),
(24, 'System Administration', NULL, '1', 33, 2, '2019-03-01', NULL, NULL, '2019-03-05 00:59:55', '2019-03-05 00:59:55'),
(25, 'NB Shop', NULL, '1', 34, 34, '2019-03-01', NULL, NULL, '2019-03-05 01:25:23', '2019-03-05 01:25:23'),
(26, 'Other', NULL, '1', 33, 2, '2019-03-01', NULL, NULL, '2019-03-05 16:01:13', '2019-03-05 16:01:13'),
(27, 'CMT', NULL, '1', 34, 2, '2019-03-18', NULL, NULL, '2019-03-18 23:30:55', '2019-03-18 23:30:55'),
(28, 'ECT', NULL, '1', 34, 9, '2019-04-01', NULL, 'ECT website development', '2019-04-03 00:13:53', '2019-04-03 00:13:53'),
(29, 'Kautilya Classes', NULL, '1', 34, 2, '2019-04-01', NULL, 'kautilya classes', '2019-04-09 23:46:50', '2019-04-09 23:47:49');

-- --------------------------------------------------------

--
-- Table structure for table `project_assigns`
--

CREATE TABLE `project_assigns` (
  `project_assign_id` int(10) UNSIGNED NOT NULL,
  `project_id` int(10) UNSIGNED DEFAULT NULL,
  `admin_id` int(10) UNSIGNED DEFAULT NULL,
  `project_assign_status` enum('0','1') COLLATE utf8mb4_unicode_ci NOT NULL DEFAULT '1',
  `created_at` timestamp NULL DEFAULT NULL,
  `updated_at` timestamp NULL DEFAULT NULL
) ENGINE=InnoDB DEFAULT CHARSET=utf8mb4 COLLATE=utf8mb4_unicode_ci;

--
-- Dumping data for table `project_assigns`
--

INSERT INTO `project_assigns` (`project_assign_id`, `project_id`, `admin_id`, `project_assign_status`, `created_at`, `updated_at`) VALUES
(1, 1, 3, '1', '2019-03-04 18:01:23', '2019-03-20 01:11:39'),
(2, 1, 29, '1', '2019-03-04 18:01:23', '2019-03-20 01:11:39'),
(3, 1, 2, '1', '2019-03-04 18:01:23', '2019-03-20 01:11:39'),
(4, 1, 30, '1', '2019-03-04 18:01:23', '2019-03-20 01:11:39'),
(5, 1, 9, '1', '2019-03-04 18:01:23', '2019-03-20 01:11:39'),
(6, 2, 20, '1', '2019-03-04 18:05:08', '2019-03-04 18:12:32'),
(7, 2, 29, '1', '2019-03-04 18:05:08', '2019-03-04 18:12:32'),
(8, 2, 12, '1', '2019-03-04 18:05:08', '2019-03-04 18:12:32'),
(9, 2, 26, '1', '2019-03-04 18:05:08', '2019-03-04 18:12:32'),
(10, 2, 2, '1', '2019-03-04 18:05:08', '2019-03-04 18:12:32'),
(11, 2, 30, '1', '2019-03-04 18:05:08', '2019-03-04 18:12:32'),
(12, 2, 21, '1', '2019-03-04 18:05:08', '2019-03-04 18:12:32'),
(13, 2, 9, '1', '2019-03-04 18:05:08', '2019-03-04 18:12:32'),
(14, 3, 24, '1', '2019-03-04 18:07:16', '2019-03-04 18:07:16'),
(15, 3, 2, '1', '2019-03-04 18:07:16', '2019-03-04 18:07:16'),
(16, 3, 22, '1', '2019-03-04 18:07:16', '2019-03-04 18:07:16'),
(17, 3, 9, '1', '2019-03-04 18:07:16', '2019-03-04 18:07:16'),
(18, 4, 20, '1', '2019-03-04 18:08:24', '2019-03-04 18:08:24'),
(19, 4, 2, '1', '2019-03-04 18:08:24', '2019-03-04 18:08:24'),
(20, 4, 9, '1', '2019-03-04 18:08:24', '2019-03-04 18:08:24'),
(21, 5, 7, '1', '2019-03-04 18:11:51', '2019-03-18 23:30:21'),
(22, 5, 2, '1', '2019-03-04 18:11:51', '2019-03-18 23:30:21'),
(23, 5, 30, '1', '2019-03-04 18:11:51', '2019-03-18 23:30:21'),
(24, 6, 23, '1', '2019-03-04 18:12:18', '2019-03-04 18:12:18'),
(25, 6, 24, '1', '2019-03-04 18:12:18', '2019-03-04 18:12:18'),
(26, 6, 2, '1', '2019-03-04 18:12:18', '2019-03-04 18:12:18'),
(27, 6, 9, '1', '2019-03-04 18:12:18', '2019-03-04 18:12:18'),
(28, 2, 24, '1', '2019-03-04 18:12:32', '2019-03-04 18:12:32'),
(29, 5, 24, '1', '2019-03-04 18:12:55', '2019-03-18 23:30:21'),
(30, 7, 4, '1', '2019-03-04 18:14:27', '2019-03-04 18:16:11'),
(31, 7, 8, '1', '2019-03-04 18:14:27', '2019-03-04 18:16:11'),
(32, 7, 2, '1', '2019-03-04 18:14:27', '2019-03-04 18:16:11'),
(33, 8, 3, '1', '2019-03-04 18:15:51', '2019-04-03 00:06:13'),
(34, 8, 15, '1', '2019-03-04 18:15:51', '2019-04-03 00:06:13'),
(35, 8, 29, '1', '2019-03-04 18:15:51', '2019-04-03 00:06:13'),
(36, 8, 2, '1', '2019-03-04 18:15:51', '2019-04-03 00:06:13'),
(37, 8, 22, '1', '2019-03-04 18:15:51', '2019-04-03 00:06:13'),
(38, 8, 21, '1', '2019-03-04 18:15:51', '2019-04-03 00:06:13'),
(39, 8, 28, '1', '2019-03-04 18:15:51', '2019-04-03 00:06:13'),
(40, 8, 9, '1', '2019-03-04 18:15:51', '2019-04-03 00:06:13'),
(41, 7, 9, '1', '2019-03-04 18:16:11', '2019-03-04 18:16:11'),
(42, 5, 9, '1', '2019-03-04 18:16:19', '2019-03-18 23:30:21'),
(43, 9, 4, '1', '2019-03-04 18:17:20', '2019-04-03 00:14:50'),
(44, 9, 16, '1', '2019-03-04 18:17:20', '2019-04-03 00:14:50'),
(45, 9, 24, '1', '2019-03-04 18:17:20', '2019-04-03 00:14:50'),
(46, 9, 18, '1', '2019-03-04 18:17:20', '2019-04-03 00:14:50'),
(47, 9, 2, '1', '2019-03-04 18:17:20', '2019-04-03 00:14:50'),
(48, 9, 9, '1', '2019-03-04 18:17:20', '2019-04-03 00:14:50'),
(49, 10, 24, '1', '2019-03-04 18:18:22', '2019-03-04 18:18:22'),
(50, 10, 2, '1', '2019-03-04 18:18:22', '2019-03-04 18:18:22'),
(51, 10, 21, '1', '2019-03-04 18:18:22', '2019-03-04 18:18:22'),
(52, 10, 9, '1', '2019-03-04 18:18:22', '2019-03-04 18:18:22'),
(53, 11, 23, '1', '2019-03-04 18:26:27', '2019-03-26 00:19:28'),
(54, 11, 2, '1', '2019-03-04 18:26:27', '2019-03-26 00:19:28'),
(55, 11, 9, '1', '2019-03-04 18:26:27', '2019-03-26 00:19:28'),
(56, 12, 23, '1', '2019-03-04 18:30:40', '2019-03-27 15:09:54'),
(57, 12, 2, '1', '2019-03-04 18:30:40', '2019-03-27 15:09:54'),
(58, 12, 21, '0', '2019-03-04 18:30:40', '2019-03-27 15:09:54'),
(59, 12, 9, '1', '2019-03-04 18:30:40', '2019-03-27 15:09:54'),
(60, 13, 2, '1', '2019-03-04 18:32:13', '2019-03-04 18:32:13'),
(61, 15, 29, '1', '2019-03-04 18:32:38', '2019-03-04 18:32:38'),
(62, 15, 12, '1', '2019-03-04 18:32:38', '2019-03-04 18:32:38'),
(63, 15, 2, '1', '2019-03-04 18:32:38', '2019-03-04 18:32:38'),
(64, 15, 30, '1', '2019-03-04 18:32:38', '2019-03-04 18:32:38'),
(65, 15, 9, '1', '2019-03-04 18:32:38', '2019-03-04 18:32:38'),
(66, 14, 29, '1', '2019-03-04 18:33:04', '2019-03-04 18:33:04'),
(67, 14, 2, '1', '2019-03-04 18:33:04', '2019-03-04 18:33:04'),
(68, 14, 22, '1', '2019-03-04 18:33:04', '2019-03-04 18:33:04'),
(69, 14, 28, '1', '2019-03-04 18:33:04', '2019-03-04 18:33:04'),
(70, 14, 9, '1', '2019-03-04 18:33:04', '2019-03-04 18:33:04'),
(71, 16, 29, '1', '2019-03-04 18:34:54', '2019-03-04 18:34:54'),
(72, 16, 12, '1', '2019-03-04 18:34:54', '2019-03-04 18:34:54'),
(73, 16, 26, '1', '2019-03-04 18:34:54', '2019-03-04 18:34:54'),
(74, 16, 2, '1', '2019-03-04 18:34:54', '2019-03-04 18:34:54'),
(75, 16, 22, '1', '2019-03-04 18:34:54', '2019-03-04 18:34:54'),
(76, 16, 9, '1', '2019-03-04 18:34:54', '2019-03-04 18:34:54'),
(77, 17, 23, '1', '2019-03-04 18:36:42', '2019-03-04 18:36:42'),
(78, 17, 2, '1', '2019-03-04 18:36:42', '2019-03-04 18:36:42'),
(79, 17, 9, '1', '2019-03-04 18:36:42', '2019-03-04 18:36:42'),
(80, 18, 4, '1', '2019-03-04 18:37:58', '2019-03-04 18:37:58'),
(81, 18, 8, '1', '2019-03-04 18:37:58', '2019-03-04 18:37:58'),
(82, 18, 2, '1', '2019-03-04 18:37:58', '2019-03-04 18:37:58'),
(83, 18, 9, '1', '2019-03-04 18:37:58', '2019-03-04 18:37:58'),
(84, 19, 2, '1', '2019-03-04 18:40:28', '2019-04-04 00:07:54'),
(85, 19, 9, '1', '2019-03-04 18:40:28', '2019-04-04 00:07:54'),
(86, 20, 3, '1', '2019-03-04 18:40:42', '2019-04-10 00:25:03'),
(87, 20, 24, '1', '2019-03-04 18:40:42', '2019-04-10 00:25:03'),
(88, 20, 2, '1', '2019-03-04 18:40:42', '2019-04-10 00:25:03'),
(89, 20, 9, '1', '2019-03-04 18:40:42', '2019-04-10 00:25:03'),
(90, 21, 11, '1', '2019-03-04 18:41:20', '2019-03-04 18:41:20'),
(91, 21, 24, '1', '2019-03-04 18:41:20', '2019-03-04 18:41:20'),
(92, 22, 12, '1', '2019-03-04 18:42:38', '2019-03-04 18:42:38'),
(93, 22, 2, '1', '2019-03-04 18:42:38', '2019-03-04 18:42:38'),
(94, 22, 21, '1', '2019-03-04 18:42:38', '2019-03-04 18:42:38'),
(95, 23, 12, '1', '2019-03-04 18:54:10', '2019-03-20 01:10:24'),
(96, 23, 2, '1', '2019-03-04 18:54:10', '2019-03-20 01:10:24'),
(97, 23, 30, '1', '2019-03-04 18:54:10', '2019-03-20 01:10:24'),
(98, 23, 22, '1', '2019-03-04 18:54:10', '2019-03-20 01:10:24'),
(99, 1, 26, '1', '2019-03-04 18:54:42', '2019-03-20 01:11:39'),
(100, 24, 12, '1', '2019-03-05 01:00:13', '2019-03-05 01:00:13'),
(101, 24, 2, '1', '2019-03-05 01:00:13', '2019-03-05 01:00:13'),
(102, 24, 22, '1', '2019-03-05 01:00:13', '2019-03-05 01:00:13'),
(103, 23, 16, '1', '2019-03-05 01:00:28', '2019-03-20 01:10:24'),
(104, 25, 9, '1', '2019-03-05 01:25:33', '2019-03-05 01:25:43'),
(105, 25, 28, '1', '2019-03-05 01:25:43', '2019-03-05 01:25:43'),
(106, 26, 32, '1', '2019-03-05 16:01:23', '2019-03-05 16:01:23'),
(107, 26, 10, '1', '2019-03-05 16:01:23', '2019-03-05 16:01:23'),
(108, 26, 4, '1', '2019-03-05 16:01:23', '2019-03-05 16:01:23'),
(109, 26, 11, '1', '2019-03-05 16:01:23', '2019-03-05 16:01:23'),
(110, 26, 23, '1', '2019-03-05 16:01:23', '2019-03-05 16:01:23'),
(111, 26, 3, '1', '2019-03-05 16:01:23', '2019-03-05 16:01:23'),
(112, 26, 16, '1', '2019-03-05 16:01:23', '2019-03-05 16:01:23'),
(113, 26, 8, '1', '2019-03-05 16:01:23', '2019-03-05 16:01:23'),
(114, 26, 14, '1', '2019-03-05 16:01:23', '2019-03-05 16:01:23'),
(115, 26, 17, '1', '2019-03-05 16:01:23', '2019-03-05 16:01:23'),
(116, 26, 20, '1', '2019-03-05 16:01:23', '2019-03-05 16:01:23'),
(117, 26, 15, '1', '2019-03-05 16:01:23', '2019-03-05 16:01:23'),
(118, 26, 34, '1', '2019-03-05 16:01:23', '2019-03-05 16:01:23'),
(119, 26, 24, '1', '2019-03-05 16:01:23', '2019-03-05 16:01:23'),
(120, 26, 5, '1', '2019-03-05 16:01:23', '2019-03-05 16:01:23'),
(121, 26, 18, '1', '2019-03-05 16:01:23', '2019-03-05 16:01:23'),
(122, 26, 19, '1', '2019-03-05 16:01:23', '2019-03-05 16:01:23'),
(123, 26, 13, '1', '2019-03-05 16:01:23', '2019-03-05 16:01:23'),
(124, 26, 25, '1', '2019-03-05 16:01:23', '2019-03-05 16:01:23'),
(125, 26, 33, '1', '2019-03-05 16:01:23', '2019-03-05 16:01:23'),
(126, 26, 29, '1', '2019-03-05 16:01:23', '2019-03-05 16:01:23'),
(127, 26, 12, '1', '2019-03-05 16:01:23', '2019-03-05 16:01:23'),
(128, 26, 27, '1', '2019-03-05 16:01:23', '2019-03-05 16:01:23'),
(129, 26, 26, '1', '2019-03-05 16:01:23', '2019-03-05 16:01:23'),
(130, 26, 7, '1', '2019-03-05 16:01:23', '2019-03-05 16:01:23'),
(131, 26, 2, '1', '2019-03-05 16:01:23', '2019-03-05 16:01:23'),
(132, 26, 30, '1', '2019-03-05 16:01:23', '2019-03-05 16:01:23'),
(133, 26, 22, '1', '2019-03-05 16:01:23', '2019-03-05 16:01:23'),
(134, 26, 21, '1', '2019-03-05 16:01:23', '2019-03-05 16:01:23'),
(135, 26, 28, '1', '2019-03-05 16:01:23', '2019-03-05 16:01:23'),
(136, 26, 9, '1', '2019-03-05 16:01:23', '2019-03-05 16:01:23'),
(137, 26, 31, '1', '2019-03-05 16:01:23', '2019-03-05 16:01:23'),
(138, 5, 22, '1', '2019-03-18 23:30:21', '2019-03-18 23:30:21'),
(139, 27, 20, '1', '2019-03-18 23:31:14', '2019-03-18 23:31:14'),
(140, 27, 2, '1', '2019-03-18 23:31:14', '2019-03-18 23:31:14'),
(141, 27, 22, '1', '2019-03-18 23:31:14', '2019-03-18 23:31:14'),
(142, 23, 24, '1', '2019-03-20 01:10:24', '2019-03-20 01:10:24'),
(143, 23, 29, '1', '2019-03-20 01:10:24', '2019-03-20 01:10:24'),
(144, 11, 24, '1', '2019-03-20 01:10:45', '2019-03-26 00:19:28'),
(145, 1, 8, '1', '2019-03-20 01:11:39', '2019-03-20 01:11:39'),
(146, 1, 21, '1', '2019-03-20 01:11:39', '2019-03-20 01:11:39'),
(147, 11, 11, '1', '2019-03-26 00:19:28', '2019-03-26 00:19:28'),
(148, 12, 4, '1', '2019-03-27 15:09:54', '2019-03-27 15:09:54'),
(149, 8, 35, '1', '2019-04-03 00:06:13', '2019-04-03 00:06:13'),
(150, 28, 24, '1', '2019-04-03 00:14:34', '2019-04-03 00:14:34'),
(151, 28, 9, '1', '2019-04-03 00:14:34', '2019-04-03 00:14:34'),
(152, 9, 11, '1', '2019-04-03 00:14:50', '2019-04-03 00:14:50'),
(153, 19, 16, '1', '2019-04-04 00:07:54', '2019-04-04 00:07:54'),
(154, 29, 4, '1', '2019-04-09 23:47:34', '2019-04-09 23:47:34'),
(155, 29, 16, '1', '2019-04-09 23:47:34', '2019-04-09 23:47:34'),
(156, 20, 22, '1', '2019-04-10 00:25:03', '2019-04-10 00:25:03');

-- --------------------------------------------------------

--
-- Table structure for table `project_details`
--

CREATE TABLE `project_details` (
  `project_detail_id` int(10) UNSIGNED NOT NULL,
  `project_id` int(10) UNSIGNED DEFAULT NULL,
  `platform_id` int(10) UNSIGNED DEFAULT NULL,
  `coder_id` int(10) UNSIGNED DEFAULT NULL,
  `code_reviewer_id` int(10) UNSIGNED DEFAULT NULL,
  `frequently_code_review` varchar(191) COLLATE utf8mb4_unicode_ci DEFAULT NULL,
  `code_review_day` varchar(191) COLLATE utf8mb4_unicode_ci DEFAULT NULL,
  `created_at` timestamp NULL DEFAULT NULL,
  `updated_at` timestamp NULL DEFAULT NULL
) ENGINE=InnoDB DEFAULT CHARSET=utf8mb4 COLLATE=utf8mb4_unicode_ci;

-- --------------------------------------------------------

--
-- Table structure for table `release_plans`
--

CREATE TABLE `release_plans` (
  `release_plan_id` int(10) UNSIGNED NOT NULL,
  `admin_id` int(10) UNSIGNED DEFAULT NULL,
  `year` text COLLATE utf8mb4_unicode_ci,
  `json` text COLLATE utf8mb4_unicode_ci,
  `total` decimal(8,2) DEFAULT NULL,
  `jan` decimal(8,2) DEFAULT NULL,
  `feb` decimal(8,2) DEFAULT NULL,
  `mar` decimal(8,2) DEFAULT NULL,
  `apr` decimal(8,2) DEFAULT NULL,
  `may` decimal(8,2) DEFAULT NULL,
  `jun` decimal(8,2) DEFAULT NULL,
  `july` decimal(8,2) DEFAULT NULL,
  `aug` decimal(8,2) DEFAULT NULL,
  `sep` decimal(8,2) DEFAULT NULL,
  `oct` decimal(8,2) DEFAULT NULL,
  `nov` decimal(8,2) DEFAULT NULL,
  `dec` decimal(8,2) DEFAULT NULL,
  `utilized` double(8,2) NOT NULL DEFAULT '0.00',
  `unutilized` double(8,2) NOT NULL DEFAULT '0.00',
  `created_at` timestamp NULL DEFAULT NULL,
  `updated_at` timestamp NULL DEFAULT NULL
) ENGINE=InnoDB DEFAULT CHARSET=utf8mb4 COLLATE=utf8mb4_unicode_ci;

--
-- Dumping data for table `release_plans`
--

INSERT INTO `release_plans` (`release_plan_id`, `admin_id`, `year`, `json`, `total`, `jan`, `feb`, `mar`, `apr`, `may`, `jun`, `july`, `aug`, `sep`, `oct`, `nov`, `dec`, `utilized`, `unutilized`, `created_at`, `updated_at`) VALUES
(1, 30, '2019', NULL, 15.00, 1.00, 1.00, 1.00, 2.00, 1.00, 1.00, 1.00, 2.00, 1.00, 1.00, 1.00, 2.00, 3.00, 0.00, '2019-02-07 15:08:04', '2019-04-05 23:16:41'),
(2, 29, '2019', NULL, 15.00, 1.00, 1.00, 1.00, 2.00, 1.00, 1.00, 1.00, 2.00, 1.00, 1.00, 1.00, 2.00, 2.00, 2.00, '2019-02-07 15:08:32', '2019-04-05 23:16:41'),
(3, 28, '2019', NULL, 15.00, 1.00, 1.00, 1.00, 2.00, 1.00, 1.00, 1.00, 2.00, 1.00, 1.00, 1.00, 2.00, 1.50, 1.50, '2019-02-07 15:08:50', '2019-04-05 23:16:41'),
(4, 27, '2019', NULL, 15.00, 1.00, 1.00, 1.00, 2.00, 1.00, 1.00, 1.00, 2.00, 1.00, 1.00, 1.00, 2.00, 3.00, 0.00, '2019-02-07 15:09:07', '2019-04-05 23:16:41'),
(5, 26, '2019', NULL, 15.00, 1.00, 1.00, 1.00, 2.00, 1.00, 1.00, 1.00, 2.00, 1.00, 1.00, 1.00, 2.00, 3.00, 0.00, '2019-02-07 15:09:18', '2019-04-05 23:16:41'),
(6, 25, '2019', NULL, 15.00, 1.00, 1.00, 1.00, 2.00, 1.00, 1.00, 1.00, 2.00, 1.00, 1.00, 1.00, 2.00, 2.50, 0.50, '2019-02-07 15:09:34', '2019-04-05 23:16:41'),
(7, 24, '2019', NULL, 15.00, 1.00, 1.00, 1.00, 2.00, 1.00, 1.00, 1.00, 2.00, 1.00, 1.00, 1.00, 2.00, 3.00, 0.00, '2019-02-07 15:09:49', '2019-04-05 23:16:41'),
(8, 23, '2019', NULL, 15.00, 1.00, 1.00, 1.00, 2.00, 1.00, 1.00, 1.00, 2.00, 1.00, 1.00, 1.00, 2.00, 2.50, 0.50, '2019-02-07 15:10:06', '2019-04-05 23:16:41'),
(9, 22, '2019', NULL, 15.00, 1.00, 1.00, 1.00, 2.00, 1.00, 1.00, 1.00, 2.00, 1.00, 1.00, 1.00, 2.00, 3.00, 0.00, '2019-02-07 15:10:34', '2019-04-06 00:10:17'),
(10, 21, '2019', NULL, 15.00, 1.00, 1.00, 1.00, 2.00, 1.00, 1.00, 1.00, 2.00, 1.00, 1.00, 1.00, 2.00, 1.50, 1.50, '2019-02-07 15:10:46', '2019-04-05 23:16:41'),
(11, 20, '2019', NULL, 15.00, 1.00, 1.00, 1.00, 2.00, 1.00, 1.00, 1.00, 2.00, 1.00, 1.00, 1.00, 2.00, 3.00, 0.00, '2019-02-07 15:11:11', '2019-04-05 23:16:41'),
(12, 19, '2019', NULL, 0.00, 0.00, 0.00, 0.00, 0.00, 0.00, 0.00, 0.00, 0.00, 0.00, 0.00, 0.00, 0.00, 0.00, 0.00, '2019-02-07 15:11:30', '2019-02-07 15:11:30'),
(13, 18, '2019', NULL, 0.00, 0.00, 0.00, 0.00, 0.00, 0.00, 0.00, 0.00, 0.00, 0.00, 0.00, 0.00, 0.00, 0.00, 0.00, '2019-02-07 15:11:47', '2019-02-07 15:11:47'),
(14, 17, '2019', NULL, 0.00, 0.00, 0.00, 0.00, 0.00, 0.00, 0.00, 0.00, 0.00, 0.00, 0.00, 0.00, 0.00, 0.00, 0.00, '2019-02-07 15:11:56', '2019-02-07 15:11:56'),
(15, 16, '2019', NULL, 15.00, 1.00, 1.00, 1.00, 2.00, 1.00, 1.00, 1.00, 2.00, 1.00, 1.00, 1.00, 2.00, 3.00, 0.00, '2019-02-07 15:12:35', '2019-04-05 23:16:41'),
(16, 15, '2019', NULL, 15.00, 1.00, 1.00, 1.00, 2.00, 1.00, 1.00, 1.00, 2.00, 1.00, 1.00, 1.00, 2.00, 3.00, 1.00, '2019-02-07 15:12:51', '2019-04-05 23:16:41'),
(17, 14, '2019', NULL, 15.00, 1.00, 1.00, 1.00, 2.00, 1.00, 1.00, 1.00, 2.00, 1.00, 1.00, 1.00, 2.00, 3.00, 0.00, '2019-02-07 15:13:06', '2019-04-05 23:16:41'),
(18, 13, '2019', NULL, 15.00, 1.00, 1.00, 1.00, 2.00, 1.00, 1.00, 1.00, 2.00, 1.00, 1.00, 1.00, 2.00, 3.00, 0.00, '2019-02-07 15:13:37', '2019-04-05 23:16:41'),
(19, 12, '2019', NULL, 15.00, 1.00, 1.00, 1.00, 2.00, 1.00, 1.00, 1.00, 2.00, 1.00, 1.00, 1.00, 2.00, 3.00, 0.00, '2019-02-07 15:31:39', '2019-04-05 23:16:41'),
(20, 11, '2019', NULL, 15.00, 1.00, 1.00, 1.00, 2.00, 1.00, 1.00, 1.00, 2.00, 1.00, 1.00, 1.00, 2.00, 3.00, 0.00, '2019-02-07 15:32:16', '2019-04-05 23:16:41'),
(21, 10, '2019', NULL, 15.00, 1.00, 1.00, 1.00, 2.00, 1.00, 1.00, 1.00, 2.00, 1.00, 1.00, 1.00, 2.00, 0.00, 3.00, '2019-02-07 15:32:33', '2019-04-05 23:16:41'),
(22, 9, '2019', NULL, 15.00, 1.00, 1.00, 1.00, 2.00, 1.00, 1.00, 1.00, 2.00, 1.00, 1.00, 1.00, 2.00, 3.00, 0.00, '2019-02-07 15:32:49', '2019-04-05 23:16:41'),
(23, 8, '2019', NULL, 17.00, 1.00, 1.00, 3.00, 2.00, 1.00, 1.00, 1.00, 2.00, 1.00, 1.00, 1.00, 2.00, 5.00, 0.00, '2019-02-07 15:33:06', '2019-04-05 23:16:41'),
(24, 7, '2019', NULL, 15.00, 1.00, 1.00, 1.00, 2.00, 1.00, 1.00, 1.00, 2.00, 1.00, 1.00, 1.00, 2.00, 3.00, 0.00, '2019-02-07 15:33:19', '2019-04-05 23:16:41'),
(25, 6, '2019', NULL, 15.00, 1.00, 1.00, 1.00, 2.00, 1.00, 1.00, 1.00, 1.00, 2.00, 1.00, 1.00, 2.00, 0.00, 0.00, '2019-02-07 15:33:33', '2019-02-07 15:33:33'),
(26, 5, '2019', NULL, 15.00, 1.00, 1.00, 1.00, 2.00, 1.00, 1.00, 1.00, 2.00, 1.00, 1.00, 1.00, 2.00, 3.00, 0.00, '2019-02-07 15:33:49', '2019-04-05 23:16:41'),
(27, 4, '2019', NULL, 15.00, 1.00, 1.00, 1.00, 2.00, 1.00, 1.00, 1.00, 2.00, 1.00, 1.00, 1.00, 2.00, 3.00, 0.00, '2019-02-07 15:34:11', '2019-04-05 23:16:41'),
(28, 3, '2019', NULL, 15.00, 1.00, 1.00, 1.00, 2.00, 1.00, 1.00, 1.00, 2.00, 1.00, 1.00, 1.00, 2.00, 3.00, 0.00, '2019-02-07 15:34:28', '2019-04-05 23:16:41'),
(29, 2, '2019', NULL, 15.00, 1.00, 1.00, 1.00, 2.00, 1.00, 1.00, 1.00, 2.00, 1.00, 1.00, 1.00, 2.00, 3.00, 0.00, '2019-02-07 15:34:43', '2019-04-05 23:16:41');

-- --------------------------------------------------------

--
-- Table structure for table `release_plan_logs`
--

CREATE TABLE `release_plan_logs` (
  `release_plan_log_id` int(10) UNSIGNED NOT NULL,
  `admin_id` int(10) UNSIGNED DEFAULT NULL,
  `month_year` varchar(191) COLLATE utf8mb4_unicode_ci NOT NULL,
  `utilized` double(8,2) NOT NULL,
  `unutilized` double(8,2) NOT NULL,
  `created_at` timestamp NULL DEFAULT NULL,
  `updated_at` timestamp NULL DEFAULT NULL
) ENGINE=InnoDB DEFAULT CHARSET=utf8mb4 COLLATE=utf8mb4_unicode_ci;

--
-- Dumping data for table `release_plan_logs`
--

INSERT INTO `release_plan_logs` (`release_plan_log_id`, `admin_id`, `month_year`, `utilized`, `unutilized`, `created_at`, `updated_at`) VALUES
(1, 5, 'January 2019', 1.00, 0.00, '2019-02-07 15:35:41', '2019-03-06 18:21:16'),
(2, 2, 'January 2019', 0.00, 1.00, '2019-02-07 15:35:41', '2019-02-07 15:35:41'),
(3, 9, 'January 2019', 0.00, 1.00, '2019-02-07 15:35:41', '2019-02-07 15:35:41'),
(4, 10, 'January 2019', 0.00, 1.00, '2019-02-07 15:35:41', '2019-02-07 15:35:41'),
(5, 11, 'January 2019', 0.00, 1.00, '2019-02-07 15:35:41', '2019-02-07 15:35:41'),
(6, 12, 'January 2019', 0.00, 1.00, '2019-02-07 15:35:41', '2019-02-07 15:35:41'),
(7, 13, 'January 2019', 0.00, 1.00, '2019-02-07 15:35:41', '2019-02-07 15:35:41'),
(8, 4, 'January 2019', 0.00, 1.00, '2019-02-07 15:35:41', '2019-02-07 15:35:41'),
(9, 14, 'January 2019', 0.00, 1.00, '2019-02-07 15:35:41', '2019-02-07 15:35:41'),
(10, 7, 'January 2019', 0.00, 1.00, '2019-02-07 15:35:41', '2019-02-07 15:35:41'),
(11, 15, 'January 2019', 0.00, 1.00, '2019-02-07 15:35:41', '2019-02-07 15:35:41'),
(12, 16, 'January 2019', 0.00, 1.00, '2019-02-07 15:35:41', '2019-02-07 15:35:41'),
(13, 17, 'January 2019', 0.00, 0.00, '2019-02-07 15:35:41', '2019-02-07 15:35:41'),
(14, 18, 'January 2019', 0.00, 0.00, '2019-02-07 15:35:41', '2019-02-07 15:35:41'),
(15, 19, 'January 2019', 0.00, 0.00, '2019-02-07 15:35:41', '2019-02-07 15:35:41'),
(16, 8, 'January 2019', 0.00, 1.00, '2019-02-07 15:35:41', '2019-02-07 15:35:41'),
(17, 3, 'January 2019', 0.00, 1.00, '2019-02-07 15:35:41', '2019-02-07 15:35:41'),
(18, 20, 'January 2019', 0.00, 1.00, '2019-02-07 15:35:41', '2019-02-07 15:35:41'),
(19, 21, 'January 2019', 0.00, 1.00, '2019-02-07 15:35:41', '2019-02-07 15:35:41'),
(20, 22, 'January 2019', 0.00, 1.00, '2019-02-07 15:35:41', '2019-02-07 15:35:41'),
(21, 23, 'January 2019', 0.00, 1.00, '2019-02-07 15:35:41', '2019-02-07 15:35:41'),
(22, 24, 'January 2019', 0.00, 1.00, '2019-02-07 15:35:41', '2019-02-07 15:35:41'),
(23, 25, 'January 2019', 0.00, 1.00, '2019-02-07 15:35:41', '2019-02-07 15:35:41'),
(24, 26, 'January 2019', 0.00, 1.00, '2019-02-07 15:35:41', '2019-02-07 15:35:41'),
(25, 27, 'January 2019', 0.00, 1.00, '2019-02-07 15:35:41', '2019-02-07 15:35:41'),
(26, 28, 'January 2019', 0.00, 1.00, '2019-02-07 15:35:41', '2019-02-07 15:35:41'),
(27, 29, 'January 2019', 0.00, 1.00, '2019-02-07 15:35:41', '2019-02-07 15:35:41'),
(28, 30, 'January 2019', 0.00, 1.00, '2019-02-07 15:35:41', '2019-02-07 15:35:41'),
(29, 5, 'February 2019', 2.00, 0.00, '2019-03-06 18:21:15', '2019-04-05 23:16:41'),
(30, 2, 'February 2019', 0.50, 1.50, '2019-03-06 18:21:15', '2019-03-06 18:21:15'),
(31, 9, 'February 2019', 1.00, 1.00, '2019-03-06 18:21:15', '2019-03-06 18:21:15'),
(32, 10, 'February 2019', 0.00, 2.00, '2019-03-06 18:21:16', '2019-03-06 18:21:16'),
(33, 11, 'February 2019', 1.00, 1.00, '2019-03-06 18:21:16', '2019-03-06 18:21:16'),
(34, 12, 'February 2019', 1.00, 1.00, '2019-03-06 18:21:16', '2019-03-06 18:21:16'),
(35, 13, 'February 2019', 1.00, 1.00, '2019-03-06 18:21:16', '2019-03-06 18:21:16'),
(36, 4, 'February 2019', 1.00, 1.00, '2019-03-06 18:21:16', '2019-03-06 18:21:16'),
(37, 14, 'February 2019', 1.00, 1.00, '2019-03-06 18:21:16', '2019-03-06 18:21:16'),
(38, 7, 'February 2019', 1.00, 1.00, '2019-03-06 18:21:16', '2019-03-06 18:21:16'),
(39, 15, 'February 2019', 1.00, 1.00, '2019-03-06 18:21:16', '2019-03-06 18:21:16'),
(40, 16, 'February 2019', 1.00, 1.00, '2019-03-06 18:21:16', '2019-03-06 18:21:16'),
(41, 17, 'February 2019', 0.00, 0.00, '2019-03-06 18:21:16', '2019-03-06 18:21:16'),
(42, 18, 'February 2019', 0.00, 0.00, '2019-03-06 18:21:16', '2019-03-06 18:21:16'),
(43, 19, 'February 2019', 0.00, 0.00, '2019-03-06 18:21:16', '2019-03-06 18:21:16'),
(44, 8, 'February 2019', 0.50, 1.50, '2019-03-06 18:21:16', '2019-03-06 18:21:16'),
(45, 3, 'February 2019', 1.00, 1.00, '2019-03-06 18:21:16', '2019-03-06 18:21:16'),
(46, 20, 'February 2019', 1.00, 1.00, '2019-03-06 18:21:16', '2019-03-06 18:21:16'),
(47, 21, 'February 2019', 1.00, 1.00, '2019-03-06 18:21:16', '2019-03-06 18:21:16'),
(48, 22, 'February 2019', 1.00, 1.00, '2019-03-06 18:21:16', '2019-03-06 18:21:16'),
(49, 23, 'February 2019', 1.00, 1.00, '2019-03-06 18:21:16', '2019-03-06 18:21:16'),
(50, 24, 'February 2019', 1.00, 1.00, '2019-03-06 18:21:16', '2019-03-06 18:21:16'),
(51, 25, 'February 2019', 1.00, 1.00, '2019-03-06 18:21:16', '2019-03-06 18:21:16'),
(52, 32, 'February 2019', 0.00, 0.00, '2019-03-06 18:21:16', '2019-03-06 18:21:16'),
(53, 31, 'February 2019', 0.00, 0.00, '2019-03-06 18:21:16', '2019-03-06 18:21:16'),
(54, 26, 'February 2019', 1.00, 1.00, '2019-03-06 18:21:16', '2019-03-06 18:21:16'),
(55, 27, 'February 2019', 1.00, 1.00, '2019-03-06 18:21:16', '2019-03-06 18:21:16'),
(56, 28, 'February 2019', 0.00, 2.00, '2019-03-06 18:21:16', '2019-03-06 18:21:16'),
(57, 29, 'February 2019', 0.00, 2.00, '2019-03-06 18:21:16', '2019-03-06 18:21:16'),
(58, 30, 'February 2019', 1.00, 1.00, '2019-03-06 18:21:16', '2019-03-06 18:21:16'),
(59, 5, 'March 2019', 2.00, 1.00, '2019-04-05 23:16:41', '2019-04-05 23:16:41'),
(60, 2, 'March 2019', 2.00, 1.00, '2019-04-05 23:16:41', '2019-04-05 23:16:41'),
(61, 9, 'March 2019', 2.00, 1.00, '2019-04-05 23:16:41', '2019-04-05 23:16:41'),
(62, 10, 'March 2019', 0.00, 3.00, '2019-04-05 23:16:41', '2019-04-05 23:16:41'),
(63, 11, 'March 2019', 2.00, 1.00, '2019-04-05 23:16:41', '2019-04-05 23:16:41'),
(64, 12, 'March 2019', 2.00, 1.00, '2019-04-05 23:16:41', '2019-04-05 23:16:41'),
(65, 13, 'March 2019', 2.00, 1.00, '2019-04-05 23:16:41', '2019-04-05 23:16:41'),
(66, 4, 'March 2019', 2.00, 1.00, '2019-04-05 23:16:41', '2019-04-05 23:16:41'),
(67, 14, 'March 2019', 2.00, 1.00, '2019-04-05 23:16:41', '2019-04-05 23:16:41'),
(68, 7, 'March 2019', 2.00, 1.00, '2019-04-05 23:16:41', '2019-04-05 23:16:41'),
(69, 15, 'March 2019', 1.00, 2.00, '2019-04-05 23:16:41', '2019-04-05 23:16:41'),
(70, 16, 'March 2019', 2.00, 1.00, '2019-04-05 23:16:41', '2019-04-05 23:16:41'),
(71, 17, 'March 2019', 0.00, 0.00, '2019-04-05 23:16:41', '2019-04-05 23:16:41'),
(72, 18, 'March 2019', 0.00, 0.00, '2019-04-05 23:16:41', '2019-04-05 23:16:41'),
(73, 19, 'March 2019', 0.00, 0.00, '2019-04-05 23:16:41', '2019-04-05 23:16:41'),
(74, 8, 'March 2019', 2.00, 3.00, '2019-04-05 23:16:41', '2019-04-05 23:16:41'),
(75, 3, 'March 2019', 2.00, 1.00, '2019-04-05 23:16:41', '2019-04-05 23:16:41'),
(76, 20, 'March 2019', 2.00, 1.00, '2019-04-05 23:16:41', '2019-04-05 23:16:41'),
(77, 21, 'March 2019', 1.00, 2.00, '2019-04-05 23:16:41', '2019-04-05 23:16:41'),
(78, 22, 'March 2019', 1.50, 1.50, '2019-04-05 23:16:41', '2019-04-05 23:16:41'),
(79, 23, 'March 2019', 2.00, 1.00, '2019-04-05 23:16:41', '2019-04-05 23:16:41'),
(80, 24, 'March 2019', 2.00, 1.00, '2019-04-05 23:16:41', '2019-04-05 23:16:41'),
(81, 25, 'March 2019', 2.00, 1.00, '2019-04-05 23:16:41', '2019-04-05 23:16:41'),
(82, 32, 'March 2019', 0.00, 0.00, '2019-04-05 23:16:41', '2019-04-05 23:16:41'),
(83, 31, 'March 2019', 0.00, 0.00, '2019-04-05 23:16:41', '2019-04-05 23:16:41'),
(84, 26, 'March 2019', 2.00, 1.00, '2019-04-05 23:16:41', '2019-04-05 23:16:41'),
(85, 27, 'March 2019', 2.00, 1.00, '2019-04-05 23:16:41', '2019-04-05 23:16:41'),
(86, 28, 'March 2019', 1.00, 2.00, '2019-04-05 23:16:41', '2019-04-05 23:16:41'),
(87, 29, 'March 2019', 2.00, 2.00, '2019-04-05 23:16:41', '2019-04-05 23:16:41'),
(88, 30, 'March 2019', 2.00, 1.00, '2019-04-05 23:16:41', '2019-04-05 23:16:41');

-- --------------------------------------------------------

--
-- Table structure for table `review_check_lists`
--

CREATE TABLE `review_check_lists` (
  `review_check_id` int(10) UNSIGNED NOT NULL,
  `review_check` varchar(191) COLLATE utf8mb4_unicode_ci NOT NULL,
  `weekly_time` int(11) NOT NULL DEFAULT '0',
  `fortnightly_time` int(11) NOT NULL DEFAULT '0',
  `monthly_time` int(11) NOT NULL DEFAULT '0',
  `status` tinyint(4) NOT NULL DEFAULT '1' COMMENT '1 - Active, 0 - Inactive',
  `created_at` timestamp NULL DEFAULT NULL,
  `updated_at` timestamp NULL DEFAULT NULL
) ENGINE=InnoDB DEFAULT CHARSET=utf8mb4 COLLATE=utf8mb4_unicode_ci;

--
-- Dumping data for table `review_check_lists`
--

INSERT INTO `review_check_lists` (`review_check_id`, `review_check`, `weekly_time`, `fortnightly_time`, `monthly_time`, `status`, `created_at`, `updated_at`) VALUES
(1, 'Code Comments', 5, 10, 15, 1, '2019-04-08 17:50:17', '2019-04-08 17:50:17'),
(2, 'Coding Standards', 7, 14, 21, 1, '2019-04-08 17:50:17', '2019-04-08 17:50:17'),
(3, 'Database', 10, 13, 15, 1, '2019-04-08 17:50:17', '2019-04-08 17:50:17'),
(4, 'Logic', 10, 15, 20, 1, '2019-04-08 17:50:17', '2019-04-08 17:50:17'),
(5, 'Syntax', 5, 8, 12, 1, '2019-04-08 17:50:17', '2019-04-08 17:50:17');

-- --------------------------------------------------------

--
-- Table structure for table `time_slot`
--

CREATE TABLE `time_slot` (
  `time_slot_id` int(10) UNSIGNED NOT NULL,
  `time_slot_time` time NOT NULL,
  `created_at` timestamp NULL DEFAULT NULL,
  `updated_at` timestamp NULL DEFAULT NULL
) ENGINE=InnoDB DEFAULT CHARSET=utf8mb4 COLLATE=utf8mb4_unicode_ci;

--
-- Dumping data for table `time_slot`
--

INSERT INTO `time_slot` (`time_slot_id`, `time_slot_time`, `created_at`, `updated_at`) VALUES
(1, '09:30:00', '2019-01-25 04:14:43', '2019-01-25 04:14:43'),
(2, '10:00:00', '2019-01-25 04:14:43', '2019-01-25 04:14:43'),
(3, '10:30:00', '2019-01-25 04:14:43', '2019-01-25 04:14:43');

-- --------------------------------------------------------

--
-- Table structure for table `time_slot_history`
--

CREATE TABLE `time_slot_history` (
  `time_slot_history_id` int(10) UNSIGNED NOT NULL,
  `admin_id` int(10) UNSIGNED DEFAULT NULL,
  `time_slot_id` int(10) UNSIGNED DEFAULT NULL,
  `created_at` timestamp NULL DEFAULT NULL,
  `updated_at` timestamp NULL DEFAULT NULL
) ENGINE=InnoDB DEFAULT CHARSET=utf8mb4 COLLATE=utf8mb4_unicode_ci;

-- --------------------------------------------------------

--
-- Table structure for table `user_roles`
--

CREATE TABLE `user_roles` (
  `user_role_id` int(10) UNSIGNED NOT NULL,
  `user_role_name` varchar(191) COLLATE utf8mb4_unicode_ci DEFAULT NULL,
  `user_role_status` enum('0','1') COLLATE utf8mb4_unicode_ci NOT NULL DEFAULT '1',
  `isWorkTimeRequired` tinyint(4) NOT NULL DEFAULT '0',
  `isfixed` enum('0','1') COLLATE utf8mb4_unicode_ci NOT NULL DEFAULT '0',
  `created_at` timestamp NULL DEFAULT NULL,
  `updated_at` timestamp NULL DEFAULT NULL
) ENGINE=InnoDB DEFAULT CHARSET=utf8mb4 COLLATE=utf8mb4_unicode_ci;

--
-- Dumping data for table `user_roles`
--

INSERT INTO `user_roles` (`user_role_id`, `user_role_name`, `user_role_status`, `isWorkTimeRequired`, `isfixed`, `created_at`, `updated_at`) VALUES
(1, 'Project Owner', '1', 0, '1', '2019-01-31 07:26:44', '2019-02-07 16:52:06'),
(2, 'Project Manager', '1', 0, '1', '2019-01-31 07:26:44', '2019-02-07 16:51:52'),
(3, 'Developer', '1', 1, '0', '2019-01-31 19:15:38', '2019-03-14 23:41:59'),
(4, 'Tester', '1', 1, '0', '2019-02-07 16:51:20', '2019-03-14 23:44:02'),
(5, 'Project Lead', '1', 0, '0', '2019-02-07 16:51:37', '2019-02-07 16:51:37'),
(6, 'Designer', '1', 1, '0', '2019-02-07 16:52:21', '2019-03-14 23:43:51'),
(7, 'HR Manager', '1', 1, '0', '2019-02-13 10:44:25', '2019-03-14 23:43:43'),
(8, 'Digital Marketing Executive', '1', 1, '0', '2019-03-02 17:23:44', '2019-03-14 23:43:35'),
(9, 'Team Leader', '1', 0, '0', '2019-03-15 00:07:34', '2019-03-15 00:07:34'),
(10, 'Code Reviewer', '1', 0, '1', '2019-04-16 20:07:10', '2019-04-16 20:07:10');

-- --------------------------------------------------------

--
-- Table structure for table `user_role_responsibility_transs`
--

CREATE TABLE `user_role_responsibility_transs` (
  `user_Role_responsibility_trans_id` int(10) UNSIGNED NOT NULL,
  `user_role_id` int(10) UNSIGNED NOT NULL,
  `work_type_id` int(10) UNSIGNED NOT NULL,
  `created_at` timestamp NULL DEFAULT NULL,
  `updated_at` timestamp NULL DEFAULT NULL
) ENGINE=InnoDB DEFAULT CHARSET=utf8mb4 COLLATE=utf8mb4_unicode_ci;

--
-- Dumping data for table `user_role_responsibility_transs`
--

INSERT INTO `user_role_responsibility_transs` (`user_Role_responsibility_trans_id`, `user_role_id`, `work_type_id`, `created_at`, `updated_at`) VALUES
(56, 7, 14, '2019-02-13 10:45:57', '2019-02-13 10:45:57'),
(57, 7, 15, '2019-02-13 10:45:57', '2019-02-13 10:45:57'),
(58, 7, 16, '2019-02-13 10:45:57', '2019-02-13 10:45:57'),
(68, 2, 1, '2019-02-18 12:08:17', '2019-02-18 12:08:17'),
(69, 2, 7, '2019-02-18 12:08:17', '2019-02-18 12:08:17'),
(70, 2, 11, '2019-02-18 12:08:17', '2019-02-18 12:08:17'),
(71, 2, 12, '2019-02-18 12:08:17', '2019-02-18 12:08:17'),
(72, 2, 13, '2019-02-18 12:08:17', '2019-02-18 12:08:17'),
(73, 2, 18, '2019-02-18 12:08:17', '2019-02-18 12:08:17'),
(76, 5, 1, '2019-03-05 01:08:57', '2019-03-05 01:08:57'),
(77, 5, 2, '2019-03-05 01:08:57', '2019-03-05 01:08:57'),
(78, 5, 4, '2019-03-05 01:08:57', '2019-03-05 01:08:57'),
(79, 5, 5, '2019-03-05 01:08:57', '2019-03-05 01:08:57'),
(80, 5, 7, '2019-03-05 01:08:57', '2019-03-05 01:08:57'),
(81, 5, 8, '2019-03-05 01:08:57', '2019-03-05 01:08:57'),
(82, 5, 9, '2019-03-05 01:08:57', '2019-03-05 01:08:57'),
(83, 5, 10, '2019-03-05 01:08:57', '2019-03-05 01:08:57'),
(84, 5, 11, '2019-03-05 01:08:57', '2019-03-05 01:08:57'),
(85, 5, 13, '2019-03-05 01:08:57', '2019-03-05 01:08:57'),
(86, 5, 14, '2019-03-05 01:08:57', '2019-03-05 01:08:57'),
(87, 5, 16, '2019-03-05 01:08:57', '2019-03-05 01:08:57'),
(88, 5, 17, '2019-03-05 01:08:57', '2019-03-05 01:08:57'),
(89, 5, 18, '2019-03-05 01:08:57', '2019-03-05 01:08:57'),
(102, 4, 6, '2019-03-05 01:09:51', '2019-03-05 01:09:51'),
(103, 4, 7, '2019-03-05 01:09:51', '2019-03-05 01:09:51'),
(104, 4, 13, '2019-03-05 01:09:51', '2019-03-05 01:09:51'),
(105, 4, 18, '2019-03-05 01:09:51', '2019-03-05 01:09:51'),
(133, 8, 1, '2019-03-15 00:12:53', '2019-03-15 00:12:53'),
(134, 8, 2, '2019-03-15 00:12:53', '2019-03-15 00:12:53'),
(135, 8, 4, '2019-03-15 00:12:53', '2019-03-15 00:12:53'),
(136, 8, 7, '2019-03-15 00:12:53', '2019-03-15 00:12:53'),
(137, 8, 10, '2019-03-15 00:12:53', '2019-03-15 00:12:53'),
(138, 8, 11, '2019-03-15 00:12:53', '2019-03-15 00:12:53'),
(139, 8, 12, '2019-03-15 00:12:53', '2019-03-15 00:12:53'),
(140, 8, 13, '2019-03-15 00:12:53', '2019-03-15 00:12:53'),
(141, 8, 16, '2019-03-15 00:12:53', '2019-03-15 00:12:53'),
(142, 8, 17, '2019-03-15 00:12:53', '2019-03-15 00:12:53'),
(143, 8, 18, '2019-03-15 00:12:53', '2019-03-15 00:12:53'),
(144, 8, 19, '2019-03-15 00:12:53', '2019-03-15 00:12:53'),
(145, 6, 1, '2019-03-15 00:13:33', '2019-03-15 00:13:33'),
(146, 6, 2, '2019-03-15 00:13:33', '2019-03-15 00:13:33'),
(147, 6, 3, '2019-03-15 00:13:33', '2019-03-15 00:13:33'),
(148, 6, 6, '2019-03-15 00:13:33', '2019-03-15 00:13:33'),
(149, 6, 7, '2019-03-15 00:13:33', '2019-03-15 00:13:33'),
(150, 6, 8, '2019-03-15 00:13:33', '2019-03-15 00:13:33'),
(151, 6, 13, '2019-03-15 00:13:33', '2019-03-15 00:13:33'),
(152, 6, 16, '2019-03-15 00:13:33', '2019-03-15 00:13:33'),
(153, 6, 17, '2019-03-15 00:13:33', '2019-03-15 00:13:33'),
(154, 6, 18, '2019-03-15 00:13:33', '2019-03-15 00:13:33'),
(155, 9, 1, '2019-03-15 00:13:54', '2019-03-15 00:13:54'),
(156, 9, 2, '2019-03-15 00:13:54', '2019-03-15 00:13:54'),
(157, 9, 3, '2019-03-15 00:13:54', '2019-03-15 00:13:54'),
(158, 9, 4, '2019-03-15 00:13:54', '2019-03-15 00:13:54'),
(159, 9, 5, '2019-03-15 00:13:54', '2019-03-15 00:13:54'),
(160, 9, 6, '2019-03-15 00:13:54', '2019-03-15 00:13:54'),
(161, 9, 7, '2019-03-15 00:13:54', '2019-03-15 00:13:54'),
(162, 9, 8, '2019-03-15 00:13:54', '2019-03-15 00:13:54'),
(163, 9, 9, '2019-03-15 00:13:54', '2019-03-15 00:13:54'),
(164, 9, 10, '2019-03-15 00:13:54', '2019-03-15 00:13:54'),
(165, 9, 11, '2019-03-15 00:13:54', '2019-03-15 00:13:54'),
(166, 9, 12, '2019-03-15 00:13:54', '2019-03-15 00:13:54'),
(167, 9, 13, '2019-03-15 00:13:54', '2019-03-15 00:13:54'),
(168, 9, 14, '2019-03-15 00:13:54', '2019-03-15 00:13:54'),
(169, 9, 16, '2019-03-15 00:13:54', '2019-03-15 00:13:54'),
(170, 9, 17, '2019-03-15 00:13:54', '2019-03-15 00:13:54'),
(171, 9, 18, '2019-03-15 00:13:54', '2019-03-15 00:13:54'),
(172, 9, 19, '2019-03-15 00:13:54', '2019-03-15 00:13:54'),
(187, 3, 1, '2019-03-29 00:02:11', '2019-03-29 00:02:11'),
(188, 3, 2, '2019-03-29 00:02:11', '2019-03-29 00:02:11'),
(189, 3, 4, '2019-03-29 00:02:11', '2019-03-29 00:02:11'),
(190, 3, 5, '2019-03-29 00:02:11', '2019-03-29 00:02:11'),
(191, 3, 7, '2019-03-29 00:02:11', '2019-03-29 00:02:11'),
(192, 3, 8, '2019-03-29 00:02:11', '2019-03-29 00:02:11'),
(193, 3, 9, '2019-03-29 00:02:11', '2019-03-29 00:02:11'),
(194, 3, 12, '2019-03-29 00:02:11', '2019-03-29 00:02:11'),
(195, 3, 13, '2019-03-29 00:02:11', '2019-03-29 00:02:11'),
(196, 3, 14, '2019-03-29 00:02:12', '2019-03-29 00:02:12'),
(197, 3, 16, '2019-03-29 00:02:12', '2019-03-29 00:02:12'),
(198, 3, 17, '2019-03-29 00:02:12', '2019-03-29 00:02:12'),
(199, 3, 18, '2019-03-29 00:02:12', '2019-03-29 00:02:12'),
(200, 3, 19, '2019-03-29 00:02:12', '2019-03-29 00:02:12'),
(201, 3, 20, '2019-03-29 00:02:12', '2019-03-29 00:02:12');

-- --------------------------------------------------------

--
-- Table structure for table `work_times`
--

CREATE TABLE `work_times` (
  `work_time_id` int(10) UNSIGNED NOT NULL,
  `admin_id` int(10) UNSIGNED DEFAULT NULL,
  `work_time_date` date DEFAULT NULL,
  `total_work_time_hr` text COLLATE utf8mb4_unicode_ci,
  `created_at` timestamp NULL DEFAULT NULL,
  `updated_at` timestamp NULL DEFAULT NULL
) ENGINE=InnoDB DEFAULT CHARSET=utf8mb4 COLLATE=utf8mb4_unicode_ci;

--
-- Dumping data for table `work_times`
--

INSERT INTO `work_times` (`work_time_id`, `admin_id`, `work_time_date`, `total_work_time_hr`, `created_at`, `updated_at`) VALUES
(1, 8, '2019-03-02', '8.3', '2019-03-05 01:05:47', '2019-03-05 01:05:47'),
(2, 12, '2019-03-04', '9.5', '2019-03-05 01:06:55', '2019-03-05 01:06:55'),
(3, 8, '2019-03-04', '9', '2019-03-05 01:07:24', '2019-03-05 01:07:24'),
(4, 11, '2019-03-04', '7', '2019-03-05 01:24:52', '2019-03-05 01:24:52'),
(5, 28, '2019-03-04', '9.5', '2019-03-05 01:28:21', '2019-03-05 01:28:21'),
(6, 9, '2019-03-04', '9.3', '2019-03-05 01:29:20', '2019-03-06 17:45:55'),
(7, 8, '2019-03-05', '9', '2019-03-05 15:32:14', '2019-03-05 15:32:14'),
(8, 22, '2019-03-04', '9', '2019-03-05 19:22:21', '2019-03-05 19:26:42'),
(9, 22, '2019-03-05', '9', '2019-03-05 19:28:22', '2019-03-06 01:18:35'),
(10, 4, '2019-03-05', '9.5', '2019-03-06 01:19:09', '2019-03-06 01:19:09'),
(11, 12, '2019-03-05', '9.5', '2019-03-06 01:20:46', '2019-03-06 01:20:46'),
(12, 4, '2019-03-04', '9', '2019-03-06 01:20:59', '2019-03-06 01:20:59'),
(13, 11, '2019-03-05', '9', '2019-03-06 01:36:26', '2019-03-06 01:36:26'),
(14, 28, '2019-03-05', '9.5', '2019-03-06 01:39:11', '2019-03-06 01:39:11'),
(15, 16, '2019-03-05', '10.43', '2019-03-06 16:14:51', '2019-03-06 16:15:46'),
(16, 9, '2019-03-05', '9.75', '2019-03-06 17:50:47', '2019-03-06 17:50:47'),
(17, 22, '2019-03-06', '9', '2019-03-07 00:16:07', '2019-03-07 00:16:07'),
(18, 11, '2019-03-06', '9.5', '2019-03-07 00:47:17', '2019-03-07 00:47:17'),
(19, 12, '2019-03-06', '9.5', '2019-03-07 01:05:22', '2019-03-07 01:05:22'),
(20, 8, '2019-03-06', '9', '2019-03-07 01:07:24', '2019-03-07 01:07:24'),
(21, 16, '2019-03-06', '9.41', '2019-03-07 01:09:06', '2019-03-08 01:22:37'),
(22, 9, '2019-03-06', '9', '2019-03-07 16:25:36', '2019-03-07 16:25:36'),
(23, 16, '2019-03-07', '9.55', '2019-03-08 00:56:05', '2019-03-08 01:28:47'),
(24, 11, '2019-03-07', '9.3', '2019-03-08 00:58:16', '2019-03-08 00:58:16'),
(25, 22, '2019-03-07', '9', '2019-03-08 01:27:14', '2019-03-08 01:27:14'),
(26, 9, '2019-03-07', '9.25', '2019-03-08 15:48:41', '2019-03-08 15:48:41'),
(27, 4, '2019-03-06', '9', '2019-03-09 00:25:54', '2019-03-09 00:25:54'),
(28, 4, '2019-03-07', '7', '2019-03-09 00:29:56', '2019-03-10 00:51:42'),
(29, 4, '2019-03-08', '9', '2019-03-09 00:31:29', '2019-03-09 00:31:29'),
(30, 4, '2019-03-02', '9', '2019-03-09 00:34:59', '2019-03-09 00:34:59'),
(31, 9, '2019-03-08', '9.5', '2019-03-09 15:52:59', '2019-03-11 14:42:31'),
(32, 16, '2019-03-08', '9.53', '2019-03-09 16:14:17', '2019-03-09 16:14:17'),
(33, 4, '2019-03-09', '9', '2019-03-10 00:50:31', '2019-03-10 00:50:31'),
(34, 16, '2019-03-09', '8.94', '2019-03-11 14:38:52', '2019-03-11 14:39:47'),
(35, 9, '2019-03-09', '9.3', '2019-03-11 14:47:30', '2019-03-11 14:47:30'),
(36, 22, '2019-03-09', '9', '2019-03-11 15:33:56', '2019-03-11 15:33:56'),
(37, 11, '2019-03-11', '9', '2019-03-12 00:00:45', '2019-03-12 00:00:45'),
(38, 22, '2019-03-11', '9', '2019-03-12 00:22:15', '2019-03-12 00:22:15'),
(39, 16, '2019-03-11', '10.2', '2019-03-12 00:33:45', '2019-03-12 00:33:45'),
(40, 8, '2019-03-11', '9', '2019-03-12 00:34:58', '2019-03-12 00:34:58'),
(41, 28, '2019-03-11', '9.5', '2019-03-12 00:36:39', '2019-03-12 00:36:39'),
(42, 12, '2019-03-11', '10', '2019-03-12 00:46:18', '2019-03-12 00:46:18'),
(43, 9, '2019-03-11', '10.5', '2019-03-12 15:19:27', '2019-03-12 15:19:27'),
(44, 8, '2019-03-12', '9', '2019-03-13 00:21:01', '2019-03-13 00:21:01'),
(45, 12, '2019-03-12', '9.5', '2019-03-13 00:28:35', '2019-03-13 00:28:35'),
(46, 9, '2019-03-12', '9.25', '2019-03-13 15:38:22', '2019-03-13 15:38:22'),
(47, 8, '2019-03-13', '9', '2019-03-14 00:09:55', '2019-03-14 00:09:55'),
(48, 12, '2019-03-13', '9.5', '2019-03-14 00:19:10', '2019-03-14 00:19:10'),
(49, 22, '2019-03-12', '9', '2019-03-14 00:20:40', '2019-03-14 00:20:40'),
(50, 22, '2019-03-13', '9', '2019-03-14 00:21:28', '2019-03-14 00:21:28'),
(51, 9, '2019-03-13', '9.5', '2019-03-14 14:57:13', '2019-03-14 14:57:13'),
(52, 16, '2019-03-12', '10.18', '2019-03-14 15:10:06', '2019-03-14 15:10:06'),
(53, 16, '2019-03-13', '9.51', '2019-03-14 15:10:41', '2019-03-14 15:10:41'),
(54, 22, '2019-03-14', '9', '2019-03-14 21:53:19', '2019-03-14 21:53:19'),
(55, 4, '2019-03-11', '9', '2019-03-14 23:34:12', '2019-03-14 23:34:51'),
(56, 4, '2019-03-12', '9.2', '2019-03-14 23:37:19', '2019-03-14 23:37:30'),
(57, 4, '2019-03-13', '9', '2019-03-14 23:39:33', '2019-03-14 23:39:33'),
(58, 4, '2019-03-14', '9', '2019-03-14 23:41:06', '2019-03-14 23:41:06'),
(59, 7, '2019-03-14', '4.5', '2019-03-14 23:56:08', '2019-03-14 23:56:08'),
(60, 13, '2019-03-14', '9', '2019-03-15 00:06:43', '2019-03-15 14:05:11'),
(61, 5, '2019-03-14', '9', '2019-03-15 00:08:22', '2019-03-15 00:08:22'),
(62, 31, '2019-03-14', '9', '2019-03-15 00:09:33', '2019-03-15 00:09:33'),
(63, 27, '2019-03-14', '5', '2019-03-15 00:09:55', '2019-03-15 00:09:55'),
(64, 11, '2019-03-14', '9', '2019-03-15 00:17:18', '2019-03-15 00:17:18'),
(65, 21, '2019-03-14', '9', '2019-03-15 00:24:40', '2019-03-15 00:24:40'),
(66, 8, '2019-03-14', '9', '2019-03-15 00:27:31', '2019-03-15 00:27:31'),
(67, 26, '2019-03-14', '9.5', '2019-03-15 00:38:15', '2019-03-15 00:38:15'),
(68, 12, '2019-03-14', '9.5', '2019-03-15 00:48:20', '2019-03-15 00:48:20'),
(69, 16, '2019-03-14', '25.3', '2019-03-15 01:01:05', '2019-03-15 01:01:05'),
(70, 24, '2019-03-14', '9.5', '2019-03-15 01:03:46', '2019-03-15 01:03:46'),
(71, 23, '2019-03-14', '9', '2019-03-15 01:05:24', '2019-03-15 01:05:24'),
(72, 29, '2019-03-14', '9.5', '2019-03-15 01:05:54', '2019-03-15 01:05:54'),
(73, 30, '2019-03-14', '9.5', '2019-03-15 01:05:56', '2019-03-15 01:05:56'),
(74, 28, '2019-03-14', '9.5', '2019-03-15 01:07:00', '2019-03-15 01:07:00'),
(75, 10, '2019-03-14', '9.5', '2019-03-15 01:07:07', '2019-03-15 01:07:07'),
(76, 9, '2019-03-14', '9.5', '2019-03-15 14:49:22', '2019-03-15 14:49:22'),
(77, 13, '2019-03-15', '6', '2019-03-15 20:10:28', '2019-03-15 20:29:09'),
(78, 12, '2019-03-15', '6.5', '2019-03-15 21:03:27', '2019-03-15 21:03:27'),
(79, 12, '2019-03-15', '6.5', '2019-03-15 21:03:28', '2019-03-15 21:03:28'),
(80, 7, '2019-03-15', '9', '2019-03-15 23:57:15', '2019-03-15 23:57:15'),
(81, 24, '2019-03-15', '9', '2019-03-16 00:00:08', '2019-03-16 00:00:08'),
(82, 4, '2019-03-15', '9', '2019-03-16 00:02:34', '2019-03-16 00:02:34'),
(83, 11, '2019-03-15', '9', '2019-03-16 00:05:25', '2019-03-16 00:05:25'),
(84, 15, '2019-03-15', '9', '2019-03-16 00:05:37', '2019-03-16 00:05:37'),
(85, 22, '2019-03-15', '9', '2019-03-16 00:14:34', '2019-03-16 00:14:34'),
(86, 31, '2019-03-15', '9', '2019-03-16 00:17:02', '2019-03-16 00:17:02'),
(87, 16, '2019-03-15', '9.56', '2019-03-16 00:23:15', '2019-03-16 00:23:15'),
(88, 8, '2019-03-15', '9', '2019-03-16 00:26:17', '2019-03-16 00:26:17'),
(89, 5, '2019-03-15', '9', '2019-03-16 00:33:49', '2019-03-16 00:33:49'),
(90, 26, '2019-03-15', '10', '2019-03-16 00:36:24', '2019-03-16 00:36:24'),
(91, 28, '2019-03-15', '9.5', '2019-03-16 00:46:29', '2019-03-16 00:46:29'),
(92, 30, '2019-03-15', '9.5', '2019-03-16 01:04:15', '2019-03-16 01:04:15'),
(93, 29, '2019-03-15', '9.5', '2019-03-16 01:04:42', '2019-03-16 01:04:42'),
(94, 25, '2019-03-15', '10.3', '2019-03-16 01:09:46', '2019-03-16 01:09:46'),
(95, 23, '2019-03-15', '9', '2019-03-16 01:11:58', '2019-03-16 01:11:58'),
(96, 32, '2019-03-15', '5.5', '2019-03-16 01:37:50', '2019-03-16 01:37:50'),
(97, 27, '2019-03-15', '9', '2019-03-16 01:42:44', '2019-03-16 01:42:44'),
(98, 29, '2019-03-16', '4.2', '2019-03-16 20:31:07', '2019-03-16 20:31:07'),
(99, 30, '2019-03-16', '5', '2019-03-16 20:34:16', '2019-03-16 20:34:16'),
(100, 11, '2019-03-16', '4', '2019-03-16 21:30:32', '2019-03-16 21:30:32'),
(101, 32, '2019-03-16', '3.4', '2019-03-16 23:49:20', '2019-03-16 23:49:20'),
(102, 10, '2019-03-16', '8', '2019-03-17 00:01:47', '2019-03-17 00:01:47'),
(103, 31, '2019-03-16', '9', '2019-03-17 00:05:48', '2019-03-17 00:05:48'),
(104, 9, '2019-03-15', '9.5', '2019-03-17 00:33:00', '2019-03-17 00:33:00'),
(105, 9, '2019-03-16', '8.5', '2019-03-17 00:33:42', '2019-03-17 00:33:42'),
(106, 5, '2019-03-16', '9', '2019-03-17 00:53:31', '2019-03-17 00:53:31'),
(107, 25, '2019-03-16', '9', '2019-03-17 00:58:16', '2019-03-17 00:58:16'),
(108, 25, '2019-03-17', '5.3', '2019-03-17 23:09:45', '2019-03-17 23:09:45'),
(109, 14, '2019-03-17', '5.5', '2019-03-17 23:22:44', '2019-03-17 23:22:44'),
(110, 27, '2019-03-18', '8', '2019-03-18 23:01:44', '2019-03-18 23:01:44'),
(111, 22, '2019-03-18', '9', '2019-03-18 23:23:59', '2019-03-18 23:34:08'),
(112, 11, '2019-03-18', '9', '2019-03-18 23:47:11', '2019-03-18 23:47:11'),
(113, 8, '2019-03-18', '9', '2019-03-18 23:57:44', '2019-03-18 23:57:44'),
(114, 7, '2019-03-18', '9', '2019-03-19 00:05:47', '2019-03-19 00:05:47'),
(115, 4, '2019-03-18', '9', '2019-03-19 00:06:19', '2019-03-19 00:06:19'),
(116, 17, '2019-03-18', '9', '2019-03-19 00:10:17', '2019-03-19 00:10:17'),
(117, 31, '2019-03-18', '9', '2019-03-19 00:12:55', '2019-03-19 00:12:55'),
(118, 15, '2019-03-18', '9', '2019-03-19 00:15:47', '2019-03-19 00:15:47'),
(119, 5, '2019-03-18', '9', '2019-03-19 00:19:46', '2019-03-19 00:19:46'),
(120, 14, '2019-03-18', '9', '2019-03-19 00:19:52', '2019-03-19 00:19:52'),
(121, 26, '2019-03-18', '10', '2019-03-19 00:40:50', '2019-03-19 00:40:50'),
(122, 28, '2019-03-18', '9.5', '2019-03-19 00:41:53', '2019-03-19 00:41:53'),
(123, 23, '2019-03-18', '9', '2019-03-19 00:50:51', '2019-03-19 00:50:51'),
(124, 9, '2019-03-18', '9.5', '2019-03-19 00:52:03', '2019-03-19 00:52:03'),
(125, 21, '2019-03-18', '9', '2019-03-19 00:54:45', '2019-03-19 00:54:45'),
(126, 24, '2019-03-18', '9.5', '2019-03-19 01:02:59', '2019-03-19 01:02:59'),
(127, 10, '2019-03-18', '9.5', '2019-03-19 01:04:48', '2019-03-19 01:04:48'),
(128, 29, '2019-03-18', '9.5', '2019-03-19 01:05:16', '2019-03-19 01:05:16'),
(129, 32, '2019-03-18', '5', '2019-03-19 01:15:24', '2019-03-19 01:15:24'),
(130, 13, '2019-03-18', '10', '2019-03-19 01:15:54', '2019-03-19 01:16:28'),
(131, 25, '2019-03-18', '10.3', '2019-03-19 01:16:17', '2019-03-19 01:16:17'),
(132, 30, '2019-03-18', '10', '2019-03-19 01:32:13', '2019-03-19 01:32:13'),
(133, 8, '2019-03-19', '9', '2019-03-19 23:53:42', '2019-03-19 23:53:42'),
(134, 4, '2019-03-19', '9', '2019-03-19 23:57:56', '2019-03-19 23:57:56'),
(135, 7, '2019-03-19', '9', '2019-03-20 00:05:57', '2019-03-20 00:05:57'),
(136, 11, '2019-03-19', '7', '2019-03-20 00:06:49', '2019-03-20 00:06:49'),
(137, 31, '2019-03-19', '9', '2019-03-20 00:16:42', '2019-03-20 00:16:42'),
(138, 5, '2019-03-19', '9', '2019-03-20 00:16:45', '2019-03-20 00:16:45'),
(139, 14, '2019-03-19', '9', '2019-03-20 00:18:07', '2019-03-20 00:18:07'),
(140, 9, '2019-03-19', '9.5', '2019-03-20 00:20:34', '2019-03-20 00:20:34'),
(141, 22, '2019-03-19', '9', '2019-03-20 00:21:10', '2019-03-20 00:21:10'),
(142, 17, '2019-03-19', '9', '2019-03-20 00:23:46', '2019-03-20 00:23:46'),
(143, 28, '2019-03-19', '9.5', '2019-03-20 00:34:29', '2019-03-20 00:34:29'),
(144, 26, '2019-03-19', '10', '2019-03-20 00:36:00', '2019-03-20 00:36:00'),
(145, 26, '2019-03-19', '10', '2019-03-20 00:36:02', '2019-03-20 00:36:02'),
(146, 23, '2019-03-19', '9', '2019-03-20 00:42:31', '2019-03-20 00:42:31'),
(147, 13, '2019-03-19', '9.5', '2019-03-20 00:48:25', '2019-03-20 00:49:36'),
(148, 25, '2019-03-19', '10.3', '2019-03-20 00:59:24', '2019-03-20 00:59:24'),
(149, 27, '2019-03-19', '10', '2019-03-20 01:00:32', '2019-03-20 01:00:32'),
(150, 32, '2019-03-19', '4.5', '2019-03-20 01:00:37', '2019-03-20 01:00:37'),
(151, 10, '2019-03-19', '9.5', '2019-03-20 01:05:54', '2019-03-20 01:05:54'),
(152, 29, '2019-03-19', '9.5', '2019-03-20 01:07:48', '2019-03-20 01:07:48'),
(153, 21, '2019-03-19', '9', '2019-03-20 01:09:09', '2019-03-20 01:09:09'),
(154, 24, '2019-03-19', '9.5', '2019-03-20 01:13:02', '2019-03-20 01:13:02'),
(155, 30, '2019-03-19', '9.5', '2019-03-20 01:30:43', '2019-03-20 01:30:43'),
(156, 24, '2019-03-20', '2.5', '2019-03-20 18:01:48', '2019-03-20 18:01:48'),
(157, 14, '2019-03-20', '4', '2019-03-20 18:32:52', '2019-03-20 18:32:52'),
(158, 5, '2019-03-20', '4.3', '2019-03-20 19:29:06', '2019-03-20 19:29:06'),
(159, 16, '2019-03-20', '5.31', '2019-03-20 19:55:24', '2019-03-20 19:55:53'),
(160, 22, '2019-03-20', '6.5', '2019-03-20 21:48:43', '2019-03-20 21:48:43'),
(161, 4, '2019-03-20', '8.5', '2019-03-20 23:16:09', '2019-03-20 23:16:09'),
(162, 7, '2019-03-20', '8.5', '2019-03-20 23:26:28', '2019-03-20 23:26:28'),
(163, 11, '2019-03-20', '8', '2019-03-20 23:33:15', '2019-03-20 23:33:15'),
(164, 12, '2019-03-20', '9.5', '2019-03-21 00:04:17', '2019-03-21 00:05:31'),
(165, 8, '2019-03-20', '9', '2019-03-21 00:04:46', '2019-03-21 00:04:46'),
(166, 32, '2019-03-20', '5', '2019-03-21 00:05:13', '2019-03-21 00:05:13'),
(167, 13, '2019-03-20', '9', '2019-03-21 00:06:27', '2019-03-21 00:06:27'),
(168, 17, '2019-03-20', '9', '2019-03-21 00:07:24', '2019-03-21 00:07:24'),
(169, 9, '2019-03-20', '9', '2019-03-21 00:07:32', '2019-03-21 00:07:32'),
(170, 31, '2019-03-20', '9', '2019-03-21 00:16:22', '2019-03-21 00:16:22'),
(171, 26, '2019-03-20', '10', '2019-03-21 00:16:39', '2019-03-21 00:16:39'),
(172, 23, '2019-03-20', '9', '2019-03-21 00:33:25', '2019-03-21 00:33:25'),
(173, 28, '2019-03-20', '9.5', '2019-03-21 00:51:00', '2019-03-21 00:51:00'),
(174, 29, '2019-03-20', '9.5', '2019-03-21 00:56:53', '2019-03-21 00:56:53'),
(175, 25, '2019-03-20', '10', '2019-03-21 00:57:36', '2019-03-21 00:57:36'),
(176, 30, '2019-03-20', '9.5', '2019-03-21 01:01:36', '2019-03-21 01:01:36'),
(177, 10, '2019-03-20', '9.5', '2019-03-21 01:03:31', '2019-03-21 01:03:31'),
(178, 21, '2019-03-20', '9', '2019-03-21 01:24:55', '2019-03-21 01:24:55'),
(179, 4, '2019-03-22', '9', '2019-03-22 23:55:27', '2019-03-22 23:55:27'),
(180, 7, '2019-03-22', '9', '2019-03-22 23:57:52', '2019-03-22 23:57:52'),
(181, 15, '2019-03-22', '9', '2019-03-23 00:00:51', '2019-03-23 00:00:51'),
(182, 8, '2019-03-22', '9', '2019-03-23 00:03:34', '2019-03-23 00:03:34'),
(183, 11, '2019-03-22', '8', '2019-03-23 00:05:11', '2019-03-23 00:05:29'),
(184, 13, '2019-03-22', '9', '2019-03-23 00:06:36', '2019-03-23 00:07:19'),
(185, 16, '2019-03-22', '7.5', '2019-03-23 00:11:08', '2019-03-23 00:11:08'),
(186, 17, '2019-03-22', '9', '2019-03-23 00:17:38', '2019-03-23 00:17:38'),
(187, 23, '2019-03-22', '9', '2019-03-23 00:19:46', '2019-03-23 00:19:46'),
(188, 26, '2019-03-22', '10', '2019-03-23 00:20:42', '2019-03-23 00:20:42'),
(189, 22, '2019-03-22', '9', '2019-03-23 00:26:37', '2019-03-23 00:26:37'),
(190, 12, '2019-03-22', '10', '2019-03-23 00:30:22', '2019-03-23 00:30:22'),
(191, 9, '2019-03-22', '9.5', '2019-03-23 00:37:37', '2019-03-23 00:37:37'),
(192, 28, '2019-03-22', '9.5', '2019-03-23 00:42:16', '2019-03-23 00:42:16'),
(193, 21, '2019-03-22', '9', '2019-03-23 00:42:23', '2019-03-23 00:42:23'),
(194, 20, '2019-03-22', '9', '2019-03-23 00:46:46', '2019-03-23 00:46:46'),
(195, 32, '2019-03-22', '4.42', '2019-03-23 00:50:09', '2019-03-23 00:50:09'),
(196, 5, '2019-03-22', '9', '2019-03-23 00:54:53', '2019-03-23 00:54:53'),
(197, 29, '2019-03-22', '9.5', '2019-03-23 00:57:25', '2019-03-23 00:57:25'),
(198, 25, '2019-03-22', '10.3', '2019-03-23 00:57:29', '2019-03-23 00:57:29'),
(199, 3, '2019-03-22', '10.5', '2019-03-23 01:15:56', '2019-03-23 01:15:56'),
(200, 30, '2019-03-22', '9.5', '2019-03-23 01:21:34', '2019-03-23 01:21:34'),
(201, 10, '2019-03-22', '9.5', '2019-03-23 01:23:14', '2019-03-23 01:23:14'),
(202, 5, '2019-03-23', '9', '2019-03-23 23:24:09', '2019-03-23 23:24:09'),
(203, 22, '2019-03-23', '9', '2019-03-23 23:44:10', '2019-03-23 23:44:10'),
(204, 11, '2019-03-23', '9.5', '2019-03-23 23:51:45', '2019-03-23 23:51:45'),
(205, 8, '2019-03-23', '9', '2019-03-23 23:52:16', '2019-03-23 23:52:16'),
(206, 4, '2019-03-23', '9', '2019-03-23 23:53:34', '2019-03-23 23:53:34'),
(207, 7, '2019-03-23', '9', '2019-03-24 00:02:27', '2019-03-24 00:02:27'),
(208, 31, '2019-03-23', '9', '2019-03-24 00:03:20', '2019-03-24 00:03:20'),
(209, 16, '2019-03-23', '9.3', '2019-03-24 00:04:31', '2019-03-24 00:04:31'),
(210, 18, '2019-03-23', '9.5', '2019-03-24 00:06:10', '2019-03-24 00:06:10'),
(211, 15, '2019-03-23', '9', '2019-03-24 00:08:17', '2019-03-24 00:08:17'),
(212, 9, '2019-03-23', '9', '2019-03-24 00:08:53', '2019-03-24 00:08:53'),
(213, 21, '2019-03-23', '9', '2019-03-24 00:09:54', '2019-03-24 00:09:54'),
(214, 13, '2019-03-23', '9', '2019-03-24 00:12:15', '2019-03-24 00:12:15'),
(215, 17, '2019-03-23', '9', '2019-03-24 00:12:51', '2019-03-24 00:12:51'),
(216, 26, '2019-03-23', '10', '2019-03-24 00:18:02', '2019-03-24 00:18:02'),
(217, 23, '2019-03-23', '9', '2019-03-24 00:19:22', '2019-03-24 00:19:22'),
(218, 14, '2019-03-23', '7', '2019-03-24 00:28:56', '2019-03-24 00:28:56'),
(219, 28, '2019-03-23', '9.5', '2019-03-24 00:35:58', '2019-03-24 00:35:58'),
(220, 32, '2019-03-23', '4.5', '2019-03-24 00:42:54', '2019-03-24 00:42:54'),
(221, 25, '2019-03-23', '10.05', '2019-03-24 00:43:57', '2019-03-24 00:43:57'),
(222, 10, '2019-03-23', '9.5', '2019-03-24 01:01:27', '2019-03-24 01:01:27'),
(223, 30, '2019-03-23', '7', '2019-03-24 01:02:07', '2019-03-24 01:02:07'),
(224, 29, '2019-03-23', '9.5', '2019-03-24 01:02:59', '2019-03-24 01:03:15'),
(225, 12, '2019-03-23', '10.5', '2019-03-24 01:05:21', '2019-03-24 01:05:21'),
(226, 25, '2019-03-24', '5.3', '2019-03-24 23:09:40', '2019-03-24 23:09:40'),
(227, 13, '2019-03-24', '6.5', '2019-03-24 23:10:31', '2019-03-24 23:10:31'),
(228, 14, '2019-03-24', '5.5', '2019-03-24 23:16:42', '2019-03-24 23:16:42'),
(229, 25, '2019-03-25', '6', '2019-03-25 14:44:28', '2019-03-25 14:44:28'),
(230, 4, '2019-03-25', '9', '2019-03-25 23:53:49', '2019-03-25 23:53:49'),
(231, 7, '2019-03-25', '9', '2019-03-25 23:55:34', '2019-03-25 23:55:34'),
(232, 8, '2019-03-25', '9', '2019-03-26 00:00:45', '2019-03-26 00:00:45'),
(233, 18, '2019-03-25', '9.5', '2019-03-26 00:02:17', '2019-03-26 00:02:17'),
(234, 12, '2019-03-25', '9.5', '2019-03-26 00:06:43', '2019-03-26 00:06:43'),
(235, 27, '2019-03-25', '9', '2019-03-26 00:07:25', '2019-03-26 00:07:25'),
(236, 31, '2019-03-25', '9', '2019-03-26 00:09:20', '2019-03-26 00:09:20'),
(237, 5, '2019-03-25', '9', '2019-03-26 00:09:23', '2019-03-26 00:09:23'),
(238, 11, '2019-03-25', '9.5', '2019-03-26 00:11:38', '2019-03-26 00:11:38'),
(239, 16, '2019-03-25', '9.41', '2019-03-26 00:14:30', '2019-03-26 00:14:30'),
(240, 25, '2019-03-26', '9.3', '2019-03-26 00:15:10', '2019-03-26 00:15:10'),
(241, 3, '2019-03-25', '9', '2019-03-26 00:17:06', '2019-03-26 00:17:06'),
(242, 17, '2019-03-25', '9', '2019-03-26 00:17:10', '2019-03-26 00:17:10'),
(243, 13, '2019-03-25', '8.5', '2019-03-26 00:18:10', '2019-03-26 00:18:10'),
(244, 15, '2019-03-25', '9', '2019-03-26 00:18:20', '2019-03-26 00:18:20'),
(245, 22, '2019-03-25', '9', '2019-03-26 00:20:32', '2019-03-26 00:20:32'),
(246, 14, '2019-03-25', '9', '2019-03-26 00:24:47', '2019-03-26 00:24:47'),
(247, 23, '2019-03-25', '9', '2019-03-26 00:31:03', '2019-03-26 00:31:03'),
(248, 21, '2019-03-25', '9', '2019-03-26 00:33:00', '2019-03-26 00:33:00'),
(249, 28, '2019-03-25', '9.5', '2019-03-26 00:33:50', '2019-03-26 00:33:50'),
(250, 26, '2019-03-25', '10', '2019-03-26 00:43:15', '2019-03-26 00:43:15'),
(251, 24, '2019-03-25', '9', '2019-03-26 00:58:58', '2019-03-26 00:58:58'),
(252, 10, '2019-03-25', '9.5', '2019-03-26 01:01:49', '2019-03-26 01:01:49'),
(253, 29, '2019-03-25', '9.5', '2019-03-26 01:02:20', '2019-03-26 01:02:20'),
(254, 32, '2019-03-25', '4', '2019-03-26 01:02:23', '2019-03-26 01:02:23'),
(255, 8, '2019-03-26', '9', '2019-03-26 23:59:29', '2019-03-26 23:59:29'),
(256, 4, '2019-03-26', '9', '2019-03-27 00:00:48', '2019-03-29 00:04:49'),
(257, 7, '2019-03-26', '9', '2019-03-27 00:01:07', '2019-03-27 00:01:07'),
(258, 18, '2019-03-26', '9.5', '2019-03-27 00:01:30', '2019-03-27 00:01:30'),
(259, 27, '2019-03-04', '9', '2019-03-27 00:16:43', '2019-03-27 00:16:43'),
(260, 27, '2019-03-26', '9', '2019-03-27 00:17:17', '2019-03-27 00:17:17'),
(261, 17, '2019-03-26', '10', '2019-03-27 00:20:02', '2019-03-27 00:20:45'),
(262, 21, '2019-03-26', '9', '2019-03-27 00:20:54', '2019-03-27 00:20:54'),
(263, 15, '2019-03-26', '9', '2019-03-27 00:22:08', '2019-03-27 00:22:08'),
(264, 31, '2019-03-26', '9', '2019-03-27 00:22:36', '2019-03-27 00:22:36'),
(265, 13, '2019-03-26', '9.5', '2019-03-27 00:23:46', '2019-03-27 00:24:20'),
(266, 12, '2019-03-26', '9.5', '2019-03-27 00:23:53', '2019-03-27 00:23:53'),
(267, 28, '2019-03-26', '9.5', '2019-03-27 00:26:26', '2019-03-27 00:26:26'),
(268, 16, '2019-03-26', '9.56', '2019-03-27 00:29:05', '2019-03-27 00:29:05'),
(269, 23, '2019-03-26', '9', '2019-03-27 00:30:01', '2019-03-29 00:22:35'),
(270, 14, '2019-03-26', '9', '2019-03-27 00:30:56', '2019-03-27 00:30:56'),
(271, 22, '2019-03-26', '9', '2019-03-27 00:33:30', '2019-03-27 00:33:30'),
(272, 26, '2019-03-26', '10', '2019-03-27 00:35:50', '2019-03-27 00:35:50'),
(273, 11, '2019-03-26', '9.5', '2019-03-27 00:43:24', '2019-03-27 00:43:24'),
(274, 3, '2019-03-26', '9.5', '2019-03-27 00:47:29', '2019-03-27 00:47:29'),
(275, 20, '2019-03-26', '9.5', '2019-03-27 00:51:57', '2019-03-27 00:51:57'),
(276, 24, '2019-03-26', '9.5', '2019-03-27 00:53:54', '2019-03-27 00:53:54'),
(277, 29, '2019-03-26', '9.5', '2019-03-27 00:59:20', '2019-03-27 00:59:20'),
(278, 10, '2019-03-26', '9.5', '2019-03-27 01:07:46', '2019-03-27 01:07:46'),
(279, 30, '2019-03-26', '9.5', '2019-03-27 01:10:10', '2019-03-27 01:10:10'),
(280, 28, '2019-03-27', '4.5', '2019-03-27 19:33:44', '2019-03-27 19:33:44'),
(281, 23, '2019-03-27', '4.5', '2019-03-27 19:36:12', '2019-03-27 19:36:12'),
(282, 22, '2019-03-27', '5', '2019-03-27 20:19:16', '2019-03-27 20:19:16'),
(283, 11, '2019-03-27', '9.5', '2019-03-27 23:40:49', '2019-03-27 23:40:49'),
(284, 8, '2019-03-27', '9', '2019-03-27 23:40:57', '2019-03-27 23:40:57'),
(285, 15, '2019-03-27', '9', '2019-03-27 23:51:39', '2019-03-27 23:51:39'),
(286, 7, '2019-03-27', '9', '2019-03-28 00:03:05', '2019-03-28 00:03:05'),
(287, 16, '2019-03-27', '9.28', '2019-03-28 00:03:43', '2019-03-28 00:04:10'),
(288, 5, '2019-03-27', '9', '2019-03-28 00:05:24', '2019-03-28 00:05:24'),
(289, 31, '2019-03-27', '9', '2019-03-28 00:06:34', '2019-03-28 00:06:34'),
(290, 18, '2019-03-27', '9.5', '2019-03-28 00:10:10', '2019-03-28 00:10:10'),
(291, 17, '2019-03-27', '10', '2019-03-28 00:21:10', '2019-03-28 00:21:10'),
(292, 25, '2019-03-27', '9.4', '2019-03-28 00:21:13', '2019-03-28 00:21:13'),
(293, 13, '2019-03-27', '9.5', '2019-03-28 00:21:18', '2019-03-28 00:21:18'),
(294, 26, '2019-03-27', '10', '2019-03-28 00:26:11', '2019-03-28 00:26:11'),
(295, 21, '2019-03-27', '9', '2019-03-28 00:27:46', '2019-03-28 00:27:46'),
(296, 12, '2019-03-27', '9.5', '2019-03-28 00:29:36', '2019-03-28 00:29:36'),
(297, 20, '2019-03-27', '9', '2019-03-28 00:29:38', '2019-03-28 00:29:38'),
(298, 24, '2019-03-27', '9', '2019-03-28 00:37:48', '2019-03-28 00:37:48'),
(299, 14, '2019-03-27', '9', '2019-03-28 00:47:56', '2019-03-28 00:47:56'),
(300, 29, '2019-03-27', '9.5', '2019-03-28 01:06:19', '2019-03-28 01:06:19'),
(301, 30, '2019-03-27', '9.5', '2019-03-28 01:09:55', '2019-03-28 01:09:55'),
(302, 10, '2019-03-27', '9.5', '2019-03-28 01:12:34', '2019-03-28 01:12:34'),
(303, 32, '2019-03-27', '4', '2019-03-28 01:22:33', '2019-03-28 01:22:33'),
(304, 11, '2019-03-28', '8.5', '2019-03-28 23:06:58', '2019-03-28 23:06:58'),
(305, 8, '2019-03-28', '9', '2019-03-28 23:33:54', '2019-03-28 23:33:54'),
(306, 17, '2019-03-28', '9.3', '2019-03-28 23:53:24', '2019-03-28 23:53:24'),
(307, 31, '2019-03-28', '9', '2019-03-28 23:57:42', '2019-03-28 23:57:42'),
(308, 16, '2019-03-28', '9.22', '2019-03-29 00:01:08', '2019-03-29 00:01:08'),
(309, 15, '2019-03-28', '9', '2019-03-29 00:01:20', '2019-03-29 00:01:20'),
(310, 18, '2019-03-28', '9.5', '2019-03-29 00:01:54', '2019-03-29 00:01:54'),
(311, 13, '2019-03-28', '9', '2019-03-29 00:02:08', '2019-03-29 00:02:08'),
(312, 4, '2019-03-28', '9', '2019-03-29 00:03:10', '2019-03-29 00:03:10'),
(313, 12, '2019-03-28', '9.5', '2019-03-29 00:07:23', '2019-03-29 00:07:23'),
(314, 12, '2019-03-28', '9.5', '2019-03-29 00:07:24', '2019-03-29 00:07:24'),
(315, 7, '2019-03-28', '9', '2019-03-29 00:12:13', '2019-03-29 00:12:13'),
(316, 5, '2019-03-28', '9', '2019-03-29 00:15:04', '2019-03-29 00:15:04'),
(317, 23, '2019-03-28', '9', '2019-03-29 00:22:08', '2019-03-29 00:22:08'),
(318, 9, '2019-03-28', '7.5', '2019-03-29 00:22:19', '2019-03-29 00:22:19'),
(319, 21, '2019-03-28', '9', '2019-03-29 00:26:47', '2019-03-29 00:26:47'),
(320, 22, '2019-03-28', '9', '2019-03-29 00:28:51', '2019-03-29 00:28:51'),
(321, 32, '2019-03-28', '8.5', '2019-03-29 00:32:12', '2019-03-29 00:32:12'),
(322, 27, '2019-03-28', '8', '2019-03-29 00:32:32', '2019-03-29 00:33:54'),
(323, 28, '2019-03-28', '9.5', '2019-03-29 00:37:38', '2019-03-29 00:37:38'),
(324, 25, '2019-03-29', '10', '2019-03-29 00:39:42', '2019-03-29 00:39:42'),
(325, 14, '2019-03-28', '9', '2019-03-29 00:41:06', '2019-03-29 00:41:06'),
(326, 26, '2019-03-28', '10', '2019-03-29 00:47:56', '2019-03-29 00:47:56'),
(327, 29, '2019-03-28', '9.5', '2019-03-29 00:59:18', '2019-03-29 00:59:18'),
(328, 30, '2019-03-28', '9.5', '2019-03-29 01:00:15', '2019-03-29 01:00:15'),
(329, 10, '2019-03-28', '9.5', '2019-03-29 01:03:00', '2019-03-29 01:03:00'),
(330, 11, '2019-03-29', '9.5', '2019-03-29 23:31:23', '2019-03-29 23:31:23'),
(331, 7, '2019-03-29', '9', '2019-03-30 00:02:02', '2019-03-30 00:02:02'),
(332, 5, '2019-03-29', '9', '2019-03-30 00:02:34', '2019-03-30 00:03:04'),
(333, 8, '2019-03-29', '9', '2019-03-30 00:02:34', '2019-03-30 00:02:34'),
(334, 27, '2019-03-29', '9', '2019-03-30 00:05:37', '2019-03-30 00:05:37'),
(335, 27, '2019-03-29', '9', '2019-03-30 00:05:39', '2019-03-30 00:05:39'),
(336, 18, '2019-03-29', '9.5', '2019-03-30 00:09:06', '2019-03-30 00:09:06'),
(337, 4, '2019-03-29', '9.2', '2019-03-30 00:10:00', '2019-03-30 23:21:35'),
(338, 17, '2019-03-29', '9', '2019-03-30 00:14:52', '2019-03-30 00:14:52'),
(339, 22, '2019-03-29', '9', '2019-03-30 00:19:31', '2019-03-30 00:19:31'),
(340, 31, '2019-03-29', '9', '2019-03-30 00:25:42', '2019-03-30 00:25:42'),
(341, 26, '2019-03-29', '10', '2019-03-30 00:25:57', '2019-03-30 00:25:57'),
(342, 15, '2019-03-29', '9', '2019-03-30 00:28:33', '2019-03-30 00:28:33'),
(343, 16, '2019-03-29', '9.6', '2019-03-30 00:33:15', '2019-03-30 00:33:15'),
(344, 21, '2019-03-29', '9', '2019-03-30 00:34:32', '2019-03-30 00:34:32'),
(345, 23, '2019-03-29', '9', '2019-03-30 00:37:36', '2019-03-30 00:37:36'),
(346, 28, '2019-03-29', '9.5', '2019-03-30 00:38:50', '2019-03-30 00:38:50'),
(347, 3, '2019-03-29', '9', '2019-03-30 00:39:03', '2019-03-30 15:35:16'),
(348, 9, '2019-03-29', '10', '2019-03-30 00:40:22', '2019-03-30 00:40:22'),
(349, 12, '2019-03-29', '10', '2019-03-30 00:48:42', '2019-03-30 00:48:42'),
(350, 14, '2019-03-29', '9', '2019-03-30 00:56:25', '2019-03-30 00:56:25'),
(351, 29, '2019-03-29', '9.5', '2019-03-30 01:00:05', '2019-03-30 01:00:05'),
(352, 24, '2019-03-29', '9', '2019-03-30 01:02:00', '2019-03-30 01:02:00'),
(353, 32, '2019-03-29', '9', '2019-03-30 01:04:56', '2019-03-30 01:04:56'),
(354, 13, '2019-03-29', '9.5', '2019-03-30 01:05:28', '2019-03-30 01:05:28'),
(355, 10, '2019-03-29', '9.5', '2019-03-30 01:19:27', '2019-03-30 01:19:27'),
(356, 30, '2019-03-29', '10', '2019-03-30 01:32:05', '2019-03-30 01:32:05'),
(357, 31, '2019-03-30', '8', '2019-03-30 23:04:31', '2019-03-30 23:04:31'),
(358, 4, '2019-03-30', '9', '2019-03-30 23:20:17', '2019-03-30 23:20:17'),
(359, 7, '2019-03-30', '9', '2019-03-30 23:51:54', '2019-03-30 23:51:54'),
(360, 8, '2019-03-30', '9', '2019-03-31 00:02:41', '2019-03-31 00:02:41'),
(361, 16, '2019-03-30', '9.29', '2019-03-31 00:06:56', '2019-03-31 00:09:30'),
(362, 15, '2019-03-30', '9', '2019-03-31 00:10:33', '2019-03-31 00:10:33'),
(363, 18, '2019-03-30', '9.5', '2019-03-31 00:14:56', '2019-03-31 00:14:56'),
(364, 17, '2019-03-30', '10', '2019-03-31 00:16:41', '2019-03-31 00:16:41'),
(365, 21, '2019-03-30', '9', '2019-03-31 00:21:47', '2019-03-31 00:21:47'),
(366, 22, '2019-03-30', '9', '2019-03-31 00:26:16', '2019-03-31 00:26:16'),
(367, 3, '2019-03-30', '9', '2019-03-31 00:37:07', '2019-03-31 00:37:07'),
(368, 20, '2019-03-30', '9', '2019-03-31 00:38:55', '2019-03-31 00:38:55'),
(369, 9, '2019-03-30', '10', '2019-03-31 00:42:06', '2019-03-31 00:42:06'),
(370, 23, '2019-03-30', '9', '2019-03-31 00:46:27', '2019-03-31 00:46:27'),
(371, 28, '2019-03-30', '9.5', '2019-03-31 00:46:40', '2019-03-31 00:46:40'),
(372, 5, '2019-03-30', '10.5', '2019-03-31 00:49:37', '2019-03-31 00:49:37'),
(373, 27, '2019-03-30', '9', '2019-03-31 00:50:02', '2019-03-31 00:50:02'),
(374, 12, '2019-03-30', '10', '2019-03-31 00:51:56', '2019-03-31 00:51:56'),
(375, 32, '2019-03-30', '8', '2019-03-31 00:56:59', '2019-03-31 00:56:59'),
(376, 10, '2019-03-30', '9.5', '2019-03-31 00:58:51', '2019-03-31 00:58:51'),
(377, 13, '2019-03-30', '10.5', '2019-03-31 01:03:20', '2019-03-31 01:03:20'),
(378, 25, '2019-03-30', '10.3', '2019-03-31 01:03:20', '2019-03-31 01:03:20'),
(379, 29, '2019-03-30', '9.5', '2019-03-31 01:05:01', '2019-03-31 01:05:01'),
(380, 30, '2019-03-30', '9.5', '2019-03-31 01:05:09', '2019-03-31 01:05:09'),
(381, 14, '2019-03-30', '9', '2019-03-31 01:08:02', '2019-03-31 01:08:02'),
(382, 5, '2019-03-31', '6', '2019-03-31 20:37:45', '2019-03-31 20:37:45'),
(383, 14, '2019-03-31', '5', '2019-03-31 23:11:34', '2019-03-31 23:11:34'),
(384, 7, '2019-04-01', '7', '2019-04-01 22:04:42', '2019-04-01 22:04:42'),
(385, 17, '2019-04-01', '8.3', '2019-04-01 23:02:06', '2019-04-01 23:02:06'),
(386, 8, '2019-04-01', '9', '2019-04-01 23:39:26', '2019-04-01 23:39:26'),
(387, 11, '2019-04-01', '9.5', '2019-04-01 23:46:15', '2019-04-01 23:46:15'),
(388, 15, '2019-04-01', '9', '2019-04-02 00:02:06', '2019-04-02 00:02:06'),
(389, 31, '2019-04-01', '9', '2019-04-02 00:02:45', '2019-04-02 00:02:45'),
(390, 18, '2019-04-01', '9.5', '2019-04-02 00:04:40', '2019-04-02 00:04:40'),
(391, 4, '2019-04-01', '9', '2019-04-02 00:10:53', '2019-04-02 00:10:53'),
(392, 5, '2019-04-01', '9', '2019-04-02 00:10:56', '2019-04-02 00:10:56'),
(393, 21, '2019-04-01', '9', '2019-04-02 00:25:00', '2019-04-02 00:25:00'),
(394, 12, '2019-04-01', '9.5', '2019-04-02 00:27:46', '2019-04-02 00:27:46'),
(395, 16, '2019-04-01', '9.53', '2019-04-02 00:28:11', '2019-04-02 00:28:11'),
(396, 3, '2019-04-01', '9.5', '2019-04-02 00:29:36', '2019-04-02 00:29:36'),
(397, 9, '2019-04-01', '9.5', '2019-04-02 00:30:33', '2019-04-02 00:30:33'),
(398, 13, '2019-04-01', '10', '2019-04-02 00:30:41', '2019-04-02 00:30:41'),
(399, 25, '2019-04-01', '9.51', '2019-04-02 00:31:06', '2019-04-02 00:31:06'),
(400, 28, '2019-04-01', '8.5', '2019-04-02 00:31:49', '2019-04-02 00:31:49'),
(401, 14, '2019-04-01', '9', '2019-04-02 00:32:14', '2019-04-02 00:32:14'),
(402, 22, '2019-04-01', '9', '2019-04-02 00:32:37', '2019-04-02 00:32:37'),
(403, 20, '2019-04-01', '9', '2019-04-02 00:32:44', '2019-04-02 00:32:44'),
(404, 27, '2019-04-01', '9', '2019-04-02 00:35:24', '2019-04-02 00:35:24'),
(405, 24, '2019-04-01', '9', '2019-04-02 00:38:26', '2019-04-02 00:38:26'),
(406, 29, '2019-04-01', '9.5', '2019-04-02 00:40:05', '2019-04-02 00:40:05'),
(407, 32, '2019-04-01', '5', '2019-04-02 00:57:49', '2019-04-02 00:57:49'),
(408, 10, '2019-04-01', '9.5', '2019-04-02 01:04:57', '2019-04-02 01:04:57'),
(409, 23, '2019-04-01', '9', '2019-04-02 01:04:59', '2019-04-02 01:04:59'),
(410, 30, '2019-04-01', '9.5', '2019-04-02 01:05:56', '2019-04-02 01:05:56'),
(411, 28, '2019-04-02', '4.5', '2019-04-02 19:27:50', '2019-04-02 19:27:50'),
(412, 30, '2019-04-02', '8.5', '2019-04-02 23:32:09', '2019-04-02 23:32:09'),
(413, 8, '2019-04-02', '9', '2019-04-02 23:32:37', '2019-04-02 23:32:37'),
(414, 4, '2019-04-02', '9', '2019-04-02 23:49:44', '2019-04-02 23:49:44'),
(415, 22, '2019-04-02', '9', '2019-04-02 23:58:44', '2019-04-02 23:58:44'),
(416, 18, '2019-04-02', '9.5', '2019-04-03 00:00:37', '2019-04-03 00:00:37'),
(417, 7, '2019-04-02', '9', '2019-04-03 00:00:41', '2019-04-03 00:00:41'),
(418, 12, '2019-04-02', '9.5', '2019-04-03 00:02:41', '2019-04-03 00:02:41'),
(419, 27, '2019-04-02', '9', '2019-04-03 00:07:36', '2019-04-03 00:07:36'),
(420, 35, '2019-04-02', '9.5', '2019-04-03 00:07:38', '2019-04-03 00:07:38'),
(421, 15, '2019-04-02', '9', '2019-04-03 00:09:38', '2019-04-03 00:09:38'),
(422, 17, '2019-04-02', '8', '2019-04-03 00:14:44', '2019-04-03 00:14:44'),
(423, 11, '2019-04-02', '9.5', '2019-04-03 00:15:53', '2019-04-03 00:15:53'),
(424, 31, '2019-04-02', '9', '2019-04-03 00:21:23', '2019-04-03 00:21:23'),
(425, 14, '2019-04-02', '9', '2019-04-03 00:26:12', '2019-04-03 00:26:12'),
(426, 13, '2019-04-02', '10', '2019-04-03 00:26:20', '2019-04-03 00:26:20'),
(427, 9, '2019-04-02', '9.5', '2019-04-03 00:26:43', '2019-04-03 00:26:43'),
(428, 16, '2019-04-02', '9.52', '2019-04-03 00:27:58', '2019-04-03 00:27:58'),
(429, 25, '2019-04-02', '9.8', '2019-04-03 00:28:23', '2019-04-03 00:34:21'),
(430, 3, '2019-04-02', '9.5', '2019-04-03 00:29:17', '2019-04-03 00:29:17'),
(431, 23, '2019-04-02', '9', '2019-04-03 00:30:40', '2019-04-03 00:30:40'),
(432, 29, '2019-04-02', '9.5', '2019-04-03 00:33:14', '2019-04-03 00:33:14'),
(433, 21, '2019-04-02', '9', '2019-04-03 00:33:43', '2019-04-03 00:33:43'),
(434, 24, '2019-04-02', '9', '2019-04-03 00:34:49', '2019-04-03 00:34:49'),
(435, 20, '2019-04-02', '9', '2019-04-03 00:41:41', '2019-04-03 00:41:41'),
(436, 10, '2019-04-02', '9.5', '2019-04-03 00:43:50', '2019-04-03 00:43:50'),
(437, 5, '2019-04-02', '11', '2019-04-03 00:53:37', '2019-04-03 00:53:37'),
(438, 32, '2019-04-02', '4.5', '2019-04-03 01:07:14', '2019-04-03 01:07:14'),
(439, 25, '2019-04-03', '6', '2019-04-03 20:26:32', '2019-04-03 20:26:32'),
(440, 8, '2019-04-03', '9', '2019-04-03 23:36:37', '2019-04-03 23:36:37'),
(441, 7, '2019-04-03', '9', '2019-04-03 23:50:23', '2019-04-03 23:50:23'),
(442, 4, '2019-04-03', '9', '2019-04-03 23:59:47', '2019-04-03 23:59:47'),
(443, 23, '2019-04-03', '9', '2019-04-04 00:01:47', '2019-04-04 00:01:47'),
(444, 15, '2019-04-03', '9', '2019-04-04 00:03:18', '2019-04-04 00:03:18'),
(445, 35, '2019-04-03', '9.26', '2019-04-04 00:05:19', '2019-04-04 00:05:19'),
(446, 11, '2019-04-03', '9.5', '2019-04-04 00:05:20', '2019-04-04 00:05:20'),
(447, 11, '2019-04-03', '9.5', '2019-04-04 00:05:21', '2019-04-04 00:05:21'),
(448, 31, '2019-04-03', '9', '2019-04-04 00:10:34', '2019-04-04 00:10:34'),
(449, 17, '2019-04-03', '10', '2019-04-04 00:10:55', '2019-04-04 00:10:55'),
(450, 18, '2019-04-03', '9.5', '2019-04-04 00:11:35', '2019-04-04 00:11:35'),
(451, 5, '2019-04-03', '9', '2019-04-04 00:12:16', '2019-04-04 00:12:16'),
(452, 13, '2019-04-03', '9.5', '2019-04-04 00:18:43', '2019-04-04 00:18:43'),
(453, 16, '2019-04-03', '9.42', '2019-04-04 00:20:40', '2019-04-04 00:20:40'),
(454, 14, '2019-04-03', '9', '2019-04-04 00:21:37', '2019-04-04 00:21:37'),
(455, 21, '2019-04-03', '9', '2019-04-04 00:24:21', '2019-04-04 00:24:21'),
(456, 22, '2019-04-03', '9', '2019-04-04 00:24:36', '2019-04-04 00:24:36'),
(457, 20, '2019-04-03', '9', '2019-04-04 00:29:11', '2019-04-04 00:29:11'),
(458, 3, '2019-04-03', '9.5', '2019-04-04 00:29:55', '2019-04-04 00:29:55'),
(459, 12, '2019-04-03', '9.5', '2019-04-04 00:34:29', '2019-04-04 00:34:29'),
(460, 9, '2019-04-03', '9.5', '2019-04-04 00:34:48', '2019-04-04 00:34:48'),
(461, 28, '2019-04-03', '9.5', '2019-04-04 00:35:09', '2019-04-04 00:35:09'),
(462, 24, '2019-04-03', '9', '2019-04-04 00:36:03', '2019-04-04 00:36:03'),
(463, 32, '2019-04-03', '4.5', '2019-04-04 00:39:31', '2019-04-04 00:39:31'),
(464, 10, '2019-04-03', '9.5', '2019-04-04 01:00:41', '2019-04-04 01:00:41'),
(465, 30, '2019-04-03', '10', '2019-04-04 01:35:57', '2019-04-04 01:35:57'),
(466, 23, '2019-04-04', '4.5', '2019-04-04 19:46:21', '2019-04-04 19:46:21'),
(467, 22, '2019-04-04', '9', '2019-04-04 23:34:05', '2019-04-04 23:34:05'),
(468, 7, '2019-04-04', '9', '2019-04-04 23:35:59', '2019-04-04 23:35:59'),
(469, 4, '2019-04-04', '9', '2019-04-05 00:01:23', '2019-04-05 00:01:23'),
(470, 18, '2019-04-04', '9.5', '2019-04-05 00:01:35', '2019-04-05 00:01:35'),
(471, 8, '2019-04-04', '9', '2019-04-05 00:03:43', '2019-04-05 00:03:43'),
(472, 35, '2019-04-04', '9.28', '2019-04-05 00:06:26', '2019-04-05 00:06:26'),
(473, 11, '2019-04-04', '9.5', '2019-04-05 00:08:29', '2019-04-05 00:08:29'),
(474, 31, '2019-04-04', '9', '2019-04-05 00:08:32', '2019-04-05 00:08:32'),
(475, 5, '2019-04-04', '9', '2019-04-05 00:16:26', '2019-04-05 00:16:26'),
(476, 13, '2019-04-04', '9.5', '2019-04-05 00:17:33', '2019-04-05 00:17:33'),
(477, 14, '2019-04-04', '9', '2019-04-05 00:18:57', '2019-04-05 00:18:57'),
(478, 17, '2019-04-04', '10', '2019-04-05 00:19:02', '2019-04-05 00:19:02'),
(479, 16, '2019-04-04', '9.53', '2019-04-05 00:28:36', '2019-04-05 00:28:36'),
(480, 15, '2019-04-04', '9', '2019-04-05 00:30:18', '2019-04-05 00:30:18'),
(481, 3, '2019-04-04', '9.5', '2019-04-05 00:30:19', '2019-04-05 00:30:19'),
(482, 32, '2019-04-04', '4.5', '2019-04-05 00:34:04', '2019-04-05 00:34:04'),
(483, 21, '2019-04-04', '9', '2019-04-05 00:37:22', '2019-04-05 00:37:22'),
(484, 28, '2019-04-04', '9.5', '2019-04-05 00:49:37', '2019-04-05 00:49:37'),
(485, 20, '2019-04-04', '9', '2019-04-05 00:50:57', '2019-04-05 00:50:57'),
(486, 9, '2019-04-04', '10', '2019-04-05 00:56:44', '2019-04-05 00:56:44'),
(487, 24, '2019-04-04', '9', '2019-04-05 00:56:59', '2019-04-05 00:56:59'),
(488, 12, '2019-04-04', '10', '2019-04-05 01:07:12', '2019-04-05 01:07:12'),
(489, 10, '2019-04-04', '9.5', '2019-04-05 01:08:07', '2019-04-05 01:08:07'),
(490, 30, '2019-04-04', '9.5', '2019-04-05 01:15:17', '2019-04-05 01:15:17'),
(491, 29, '2019-04-04', '9.5', '2019-04-05 02:17:39', '2019-04-05 02:17:39'),
(492, 13, '2019-04-05', '5', '2019-04-05 19:31:13', '2019-04-05 19:31:13'),
(493, 12, '2019-04-05', '8', '2019-04-05 22:45:37', '2019-04-05 22:45:37'),
(494, 11, '2019-04-05', '9.5', '2019-04-05 23:50:12', '2019-04-05 23:50:12'),
(495, 35, '2019-04-05', '9.3', '2019-04-05 23:51:01', '2019-04-06 00:03:24'),
(496, 22, '2019-04-05', '8.5', '2019-04-05 23:58:40', '2019-04-05 23:58:40'),
(497, 7, '2019-04-05', '9', '2019-04-06 00:02:04', '2019-04-06 00:02:04'),
(498, 27, '2019-04-05', '8', '2019-04-06 00:04:02', '2019-04-06 00:04:02'),
(499, 17, '2019-04-05', '9.36', '2019-04-06 00:08:25', '2019-04-06 00:08:25'),
(500, 31, '2019-04-05', '9', '2019-04-06 00:10:12', '2019-04-06 00:10:12'),
(501, 15, '2019-04-05', '9', '2019-04-06 00:13:29', '2019-04-06 00:13:29'),
(502, 18, '2019-04-05', '9.5', '2019-04-06 00:16:02', '2019-04-06 00:16:02'),
(503, 14, '2019-04-05', '9', '2019-04-06 00:18:02', '2019-04-06 00:18:02'),
(504, 25, '2019-04-05', '10', '2019-04-06 00:27:16', '2019-04-06 00:27:16'),
(505, 28, '2019-04-05', '9.5', '2019-04-06 00:31:52', '2019-04-06 00:31:52'),
(506, 16, '2019-04-05', '10.3', '2019-04-06 00:40:44', '2019-04-06 00:40:44'),
(507, 29, '2019-04-05', '1.5', '2019-04-06 00:41:30', '2019-04-06 00:41:30'),
(508, 32, '2019-04-05', '4.5', '2019-04-06 00:47:30', '2019-04-06 00:47:30'),
(509, 9, '2019-04-05', '10.5', '2019-04-06 00:53:36', '2019-04-06 00:53:36'),
(510, 23, '2019-04-05', '9', '2019-04-06 01:03:24', '2019-04-06 01:03:24'),
(511, 30, '2019-04-05', '9.5', '2019-04-06 01:06:15', '2019-04-06 01:06:15'),
(512, 3, '2019-04-05', '9', '2019-04-06 01:07:05', '2019-04-06 01:07:05'),
(513, 21, '2019-04-05', '9', '2019-04-06 01:13:54', '2019-04-06 01:13:54'),
(514, 24, '2019-04-05', '9', '2019-04-06 01:14:22', '2019-04-06 01:14:22'),
(515, 20, '2019-04-05', '9', '2019-04-06 01:21:48', '2019-04-06 01:21:48'),
(516, 10, '2019-04-05', '9.5', '2019-04-06 01:27:21', '2019-04-06 01:27:21'),
(517, 35, '2019-04-06', '3.51', '2019-04-06 19:05:37', '2019-04-06 19:05:37'),
(518, 30, '2019-04-06', '4', '2019-04-06 19:36:28', '2019-04-06 19:36:28'),
(519, 27, '2019-04-06', '7', '2019-04-06 22:46:21', '2019-04-06 22:46:21'),
(520, 17, '2019-04-06', '9.5', '2019-04-07 00:01:00', '2019-04-07 00:01:00'),
(521, 31, '2019-04-06', '9', '2019-04-07 00:04:33', '2019-04-07 00:04:33'),
(522, 25, '2019-04-06', '7.22', '2019-04-07 00:05:20', '2019-04-07 00:05:20'),
(523, 14, '2019-04-06', '9', '2019-04-07 00:21:55', '2019-04-07 00:21:55'),
(524, 32, '2019-04-06', '4.5', '2019-04-07 00:42:32', '2019-04-07 00:42:32'),
(525, 3, '2019-04-06', '8', '2019-04-07 00:50:32', '2019-04-07 00:50:32'),
(526, 16, '2019-04-06', '9.3', '2019-04-07 01:10:13', '2019-04-07 01:10:13'),
(527, 10, '2019-04-06', '9.5', '2019-04-07 01:10:40', '2019-04-07 01:10:40'),
(528, 9, '2019-04-06', '10', '2019-04-07 01:22:55', '2019-04-07 01:22:55'),
(529, 21, '2019-04-06', '10', '2019-04-07 01:45:21', '2019-04-07 01:45:21'),
(530, 20, '2019-04-06', '10', '2019-04-07 01:46:17', '2019-04-07 01:46:17'),
(531, 25, '2019-04-07', '4.38', '2019-04-07 22:37:04', '2019-04-07 22:37:04'),
(532, 14, '2019-04-07', '3.4', '2019-04-07 22:50:33', '2019-04-07 22:50:33'),
(533, 20, '2019-04-08', '7', '2019-04-08 22:35:14', '2019-04-08 22:35:14'),
(534, 8, '2019-04-08', '9', '2019-04-09 00:02:54', '2019-04-09 00:03:44'),
(535, 7, '2019-04-08', '9.5', '2019-04-09 00:04:08', '2019-04-09 00:04:31'),
(536, 27, '2019-04-08', '9', '2019-04-09 00:07:25', '2019-04-09 00:07:25'),
(537, 4, '2019-04-08', '9.6', '2019-04-09 00:08:17', '2019-04-09 00:08:17'),
(538, 18, '2019-04-08', '9.5', '2019-04-09 00:08:43', '2019-04-09 00:08:43'),
(539, 17, '2019-04-08', '9.5', '2019-04-09 00:08:54', '2019-04-09 00:08:54'),
(540, 15, '2019-04-08', '9', '2019-04-09 00:10:00', '2019-04-09 00:10:00'),
(541, 11, '2019-04-08', '9.8', '2019-04-09 00:14:57', '2019-04-09 00:14:57'),
(542, 9, '2019-04-08', '10', '2019-04-09 00:16:06', '2019-04-09 00:16:06'),
(543, 22, '2019-04-08', '9', '2019-04-09 00:25:51', '2019-04-09 00:25:51'),
(544, 12, '2019-04-08', '9.5', '2019-04-09 00:29:55', '2019-04-09 00:29:55'),
(545, 28, '2019-04-08', '8.5', '2019-04-09 00:34:38', '2019-04-09 00:34:38'),
(546, 3, '2019-04-08', '9', '2019-04-09 00:36:30', '2019-04-09 00:36:30'),
(547, 14, '2019-04-08', '9', '2019-04-09 00:36:50', '2019-04-09 00:36:50'),
(548, 32, '2019-04-08', '4.5', '2019-04-09 00:40:35', '2019-04-09 00:40:35'),
(549, 23, '2019-04-08', '9', '2019-04-09 00:43:28', '2019-04-09 00:43:28'),
(550, 29, '2019-04-08', '9.5', '2019-04-09 00:43:35', '2019-04-09 00:43:35'),
(551, 25, '2019-04-08', '10.03', '2019-04-09 00:49:41', '2019-04-09 00:49:41'),
(552, 21, '2019-04-08', '9', '2019-04-09 00:50:51', '2019-04-09 00:50:51'),
(553, 16, '2019-04-08', '10.8', '2019-04-09 00:53:13', '2019-04-09 00:53:13'),
(554, 24, '2019-04-08', '9', '2019-04-09 00:53:25', '2019-04-09 00:53:25'),
(555, 30, '2019-04-08', '9.5', '2019-04-09 00:58:43', '2019-04-09 00:58:43'),
(556, 10, '2019-04-08', '9.5', '2019-04-09 01:01:56', '2019-04-09 01:01:56'),
(557, 22, '2019-04-09', '9', '2019-04-09 18:26:24', '2019-04-10 00:23:54'),
(558, 8, '2019-04-09', '9', '2019-04-09 23:51:58', '2019-04-09 23:51:58'),
(559, 23, '2019-04-09', '9', '2019-04-09 23:52:47', '2019-04-09 23:52:47'),
(560, 21, '2019-04-09', '9', '2019-04-09 23:56:07', '2019-04-09 23:56:07'),
(561, 4, '2019-04-09', '9', '2019-04-09 23:57:17', '2019-04-09 23:57:17'),
(562, 7, '2019-04-09', '9', '2019-04-09 23:59:49', '2019-04-09 23:59:49'),
(563, 15, '2019-04-09', '9', '2019-04-10 00:01:47', '2019-04-10 00:01:47'),
(564, 17, '2019-04-09', '9.75', '2019-04-10 00:02:01', '2019-04-10 00:02:01'),
(565, 18, '2019-04-09', '9.5', '2019-04-10 00:03:34', '2019-04-10 00:03:34'),
(566, 27, '2019-04-09', '9', '2019-04-10 00:06:25', '2019-04-10 00:06:25'),
(567, 16, '2019-04-09', '9.34', '2019-04-10 00:10:28', '2019-04-10 00:10:28'),
(568, 3, '2019-04-09', '4', '2019-04-10 00:11:58', '2019-04-10 00:11:58'),
(569, 12, '2019-04-09', '9.5', '2019-04-10 00:18:00', '2019-04-10 00:18:00'),
(570, 5, '2019-04-09', '8', '2019-04-10 00:19:54', '2019-04-10 00:19:54'),
(571, 13, '2019-04-09', '9.5', '2019-04-10 00:21:38', '2019-04-10 00:21:38'),
(572, 28, '2019-04-09', '9.5', '2019-04-10 00:32:42', '2019-04-10 00:32:42'),
(573, 24, '2019-04-09', '9', '2019-04-10 00:35:56', '2019-04-10 00:35:56'),
(574, 29, '2019-04-09', '9.5', '2019-04-10 00:37:01', '2019-04-10 00:37:01'),
(575, 20, '2019-04-09', '9', '2019-04-10 00:38:25', '2019-04-10 00:38:25'),
(576, 30, '2019-04-09', '9.5', '2019-04-10 00:59:48', '2019-04-10 00:59:48'),
(577, 10, '2019-04-09', '9.5', '2019-04-10 01:10:06', '2019-04-10 01:10:06'),
(578, 32, '2019-04-09', '4.5', '2019-04-10 01:10:12', '2019-04-10 01:10:12'),
(579, 25, '2019-04-09', '11', '2019-04-10 01:47:54', '2019-04-10 01:47:54'),
(580, 14, '2019-04-09', '10', '2019-04-10 01:50:01', '2019-04-10 01:50:01'),
(581, 9, '2019-04-09', '10.5', '2019-04-10 16:09:41', '2019-04-10 16:09:41'),
(582, 3, '2019-04-10', '1', '2019-04-10 17:12:28', '2019-04-10 17:12:28'),
(583, 27, '2019-04-10', '9', '2019-04-11 00:01:21', '2019-04-11 00:01:21'),
(584, 8, '2019-04-10', '9', '2019-04-11 00:04:21', '2019-04-11 00:04:21'),
(585, 12, '2019-04-10', '9', '2019-04-11 00:04:22', '2019-04-11 00:04:22'),
(586, 16, '2019-04-10', '9.35', '2019-04-11 00:11:21', '2019-04-11 00:11:21'),
(587, 11, '2019-04-10', '9.5', '2019-04-11 00:14:39', '2019-04-11 00:14:39'),
(588, 17, '2019-04-10', '10', '2019-04-11 00:17:57', '2019-04-11 00:17:57'),
(589, 5, '2019-04-10', '9', '2019-04-11 00:19:41', '2019-04-11 00:19:41'),
(590, 23, '2019-04-10', '9', '2019-04-11 00:21:31', '2019-04-11 00:21:31'),
(591, 7, '2019-04-10', '9.4', '2019-04-11 00:22:04', '2019-04-11 00:22:04'),
(592, 4, '2019-04-10', '9.4', '2019-04-11 00:23:19', '2019-04-11 00:23:19'),
(593, 14, '2019-04-10', '9', '2019-04-11 00:23:29', '2019-04-11 00:23:29'),
(594, 24, '2019-04-10', '9', '2019-04-11 00:27:53', '2019-04-11 00:27:53'),
(595, 22, '2019-04-10', '9', '2019-04-11 00:29:12', '2019-04-11 00:29:12'),
(596, 21, '2019-04-10', '9', '2019-04-11 00:30:44', '2019-04-11 00:30:44'),
(597, 29, '2019-04-10', '9.5', '2019-04-11 00:47:41', '2019-04-11 00:47:41'),
(598, 30, '2019-04-10', '9.5', '2019-04-11 00:53:57', '2019-04-11 00:53:57'),
(599, 25, '2019-04-10', '10.15', '2019-04-11 00:55:07', '2019-04-11 00:55:07'),
(600, 32, '2019-04-10', '4.5', '2019-04-11 00:55:46', '2019-04-11 00:55:46'),
(601, 9, '2019-04-10', '10', '2019-04-11 00:59:41', '2019-04-11 00:59:41'),
(602, 10, '2019-04-10', '9.5', '2019-04-11 01:01:15', '2019-04-11 01:01:15'),
(603, 3, '2019-04-11', '8', '2019-04-11 23:03:12', '2019-04-11 23:03:12'),
(604, 4, '2019-04-11', '9', '2019-04-11 23:53:11', '2019-04-11 23:53:11'),
(605, 8, '2019-04-11', '9', '2019-04-11 23:53:46', '2019-04-11 23:53:46'),
(606, 7, '2019-04-11', '9', '2019-04-12 00:00:40', '2019-04-12 00:00:40'),
(607, 12, '2019-04-11', '9', '2019-04-12 00:03:11', '2019-04-12 00:03:11'),
(608, 18, '2019-04-11', '9.5', '2019-04-12 00:04:27', '2019-04-12 00:04:27'),
(609, 13, '2019-04-11', '9.5', '2019-04-12 00:07:20', '2019-04-12 00:07:20'),
(610, 16, '2019-04-11', '9.37', '2019-04-12 00:09:31', '2019-04-12 00:09:31'),
(611, 22, '2019-04-11', '9', '2019-04-12 00:10:15', '2019-04-12 00:10:15'),
(612, 17, '2019-04-11', '9', '2019-04-12 00:15:43', '2019-04-12 00:15:43'),
(613, 21, '2019-04-11', '9', '2019-04-12 00:18:21', '2019-04-12 00:18:21'),
(614, 9, '2019-04-11', '9.5', '2019-04-12 00:18:27', '2019-04-12 00:18:27'),
(615, 24, '2019-04-11', '9', '2019-04-12 00:27:49', '2019-04-12 00:27:49'),
(616, 5, '2019-04-11', '9.5', '2019-04-12 00:28:59', '2019-04-12 00:28:59'),
(617, 5, '2019-04-11', '9.5', '2019-04-12 00:29:00', '2019-04-12 00:29:00'),
(618, 5, '2019-04-11', '9.5', '2019-04-12 00:29:02', '2019-04-12 00:29:02'),
(619, 23, '2019-04-11', '9', '2019-04-12 00:31:41', '2019-04-12 00:31:41'),
(620, 32, '2019-04-11', '4.5', '2019-04-12 00:41:38', '2019-04-12 00:41:38'),
(621, 29, '2019-04-11', '9.5', '2019-04-12 00:42:42', '2019-04-12 00:42:42'),
(622, 14, '2019-04-11', '9', '2019-04-12 00:51:58', '2019-04-12 00:51:58'),
(623, 25, '2019-04-11', '10.3', '2019-04-12 00:54:41', '2019-04-12 00:54:41'),
(624, 30, '2019-04-11', '9.5', '2019-04-12 00:54:43', '2019-04-12 00:54:43'),
(625, 28, '2019-04-11', '8.5', '2019-04-12 01:00:19', '2019-04-12 01:00:19'),
(626, 10, '2019-04-11', '9.5', '2019-04-12 01:01:20', '2019-04-12 01:01:20'),
(627, 27, '2019-04-11', '9', '2019-04-12 01:37:04', '2019-04-12 01:37:04'),
(628, 24, '2019-04-12', '1', '2019-04-12 16:08:04', '2019-04-12 16:08:04'),
(629, 20, '2019-04-12', '4', '2019-04-12 19:29:32', '2019-04-12 19:29:32'),
(630, 4, '2019-04-12', '9', '2019-04-12 23:29:16', '2019-04-12 23:29:16'),
(631, 16, '2019-04-12', '9.1', '2019-04-12 23:45:56', '2019-04-12 23:45:56'),
(632, 12, '2019-04-12', '9', '2019-04-13 00:00:34', '2019-04-13 00:00:34'),
(633, 8, '2019-04-12', '9', '2019-04-13 00:06:30', '2019-04-13 00:06:30'),
(634, 5, '2019-04-12', '10', '2019-04-13 00:11:04', '2019-04-13 00:11:04'),
(635, 5, '2019-04-12', '10', '2019-04-13 00:11:04', '2019-04-13 00:11:04'),
(636, 22, '2019-04-12', '9', '2019-04-13 00:15:09', '2019-04-13 00:15:09'),
(637, 31, '2019-04-12', '9', '2019-04-13 00:19:50', '2019-04-13 00:19:50'),
(638, 23, '2019-04-12', '9', '2019-04-13 00:27:07', '2019-04-13 00:27:07'),
(639, 18, '2019-04-12', '9.5', '2019-04-13 00:33:00', '2019-04-13 00:33:00'),
(640, 32, '2019-04-12', '4.5', '2019-04-13 00:38:54', '2019-04-13 00:38:54'),
(641, 9, '2019-04-12', '10', '2019-04-13 00:40:33', '2019-04-13 00:40:33'),
(642, 29, '2019-04-12', '9.5', '2019-04-13 00:49:23', '2019-04-13 00:49:23'),
(643, 17, '2019-04-12', '9', '2019-04-13 00:51:02', '2019-04-13 00:51:02'),
(644, 13, '2019-04-12', '10', '2019-04-13 00:52:33', '2019-04-13 00:52:33'),
(645, 28, '2019-04-12', '9.5', '2019-04-13 00:59:51', '2019-04-13 00:59:51'),
(646, 30, '2019-04-12', '9.5', '2019-04-13 01:01:13', '2019-04-13 01:01:13'),
(647, 21, '2019-04-12', '9', '2019-04-13 01:06:08', '2019-04-13 01:06:08'),
(648, 10, '2019-04-12', '9.5', '2019-04-13 01:11:59', '2019-04-13 01:11:59'),
(649, 10, '2019-04-12', '9.5', '2019-04-13 01:12:00', '2019-04-13 01:12:00'),
(650, 3, '2019-04-12', '10', '2019-04-13 01:12:50', '2019-04-13 01:12:50'),
(651, 14, '2019-04-12', '10', '2019-04-13 01:12:54', '2019-04-13 01:12:54'),
(652, 27, '2019-04-12', '10', '2019-04-13 01:18:42', '2019-04-13 01:18:42'),
(653, 17, '2019-04-13', '5.5', '2019-04-13 20:14:19', '2019-04-13 20:14:19'),
(654, 21, '2019-04-13', '7', '2019-04-13 22:01:38', '2019-04-13 22:01:38'),
(655, 5, '2019-04-13', '8.5', '2019-04-13 22:42:06', '2019-04-13 22:42:06'),
(656, 12, '2019-04-13', '9.5', '2019-04-13 23:42:08', '2019-04-13 23:42:27'),
(657, 4, '2019-04-13', '9', '2019-04-13 23:58:55', '2019-04-13 23:58:55'),
(658, 8, '2019-04-13', '9', '2019-04-14 00:02:11', '2019-04-14 00:02:11'),
(659, 27, '2019-04-13', '7', '2019-04-14 00:03:12', '2019-04-14 00:03:12'),
(660, 18, '2019-04-13', '9.5', '2019-04-14 00:04:01', '2019-04-14 00:04:01'),
(661, 31, '2019-04-13', '9', '2019-04-14 00:08:05', '2019-04-14 00:08:05'),
(662, 7, '2019-04-13', '9', '2019-04-14 00:10:46', '2019-04-14 00:10:46'),
(663, 11, '2019-04-13', '9.5', '2019-04-14 00:15:05', '2019-04-14 00:15:05'),
(664, 22, '2019-04-13', '9', '2019-04-14 00:20:05', '2019-04-14 00:20:05'),
(665, 9, '2019-04-13', '7', '2019-04-14 00:21:19', '2019-04-14 00:21:19'),
(666, 24, '2019-04-13', '9', '2019-04-14 00:27:06', '2019-04-14 00:27:06'),
(667, 29, '2019-04-13', '9.5', '2019-04-14 00:28:31', '2019-04-14 00:28:31'),
(668, 23, '2019-04-13', '9', '2019-04-14 00:32:07', '2019-04-14 00:32:07');
INSERT INTO `work_times` (`work_time_id`, `admin_id`, `work_time_date`, `total_work_time_hr`, `created_at`, `updated_at`) VALUES
(669, 13, '2019-04-13', '10', '2019-04-14 00:35:01', '2019-04-14 00:35:01'),
(670, 14, '2019-04-13', '9', '2019-04-14 00:35:30', '2019-04-14 00:35:30'),
(671, 32, '2019-04-13', '4.5', '2019-04-14 00:41:56', '2019-04-14 00:41:56'),
(672, 3, '2019-04-13', '4', '2019-04-14 01:02:37', '2019-04-14 01:02:37'),
(673, 30, '2019-04-13', '9.5', '2019-04-14 01:03:42', '2019-04-14 01:03:42'),
(674, 28, '2019-04-13', '10', '2019-04-14 01:06:22', '2019-04-14 01:06:22'),
(675, 10, '2019-04-13', '9.5', '2019-04-14 01:08:56', '2019-04-14 01:08:56'),
(676, 14, '2019-04-14', '5', '2019-04-15 00:06:39', '2019-04-15 00:06:39'),
(677, 13, '2019-04-14', '8', '2019-04-15 00:09:26', '2019-04-15 00:09:26'),
(678, 8, '2019-04-15', '9', '2019-04-15 23:48:34', '2019-04-15 23:48:34'),
(679, 7, '2019-04-15', '9', '2019-04-15 23:51:16', '2019-04-15 23:51:16'),
(680, 4, '2019-04-15', '9', '2019-04-15 23:53:35', '2019-04-15 23:53:35'),
(681, 27, '2019-04-15', '8', '2019-04-16 00:03:03', '2019-04-16 00:03:03'),
(682, 5, '2019-04-15', '9.5', '2019-04-16 00:05:43', '2019-04-16 00:05:43'),
(683, 5, '2019-04-15', '9.5', '2019-04-16 00:05:44', '2019-04-16 00:05:44'),
(684, 13, '2019-04-15', '9', '2019-04-16 00:08:21', '2019-04-16 00:08:21'),
(685, 11, '2019-04-15', '9.5', '2019-04-16 00:10:34', '2019-04-16 00:10:34'),
(686, 17, '2019-04-15', '9.5', '2019-04-16 00:14:09', '2019-04-16 00:14:09'),
(687, 31, '2019-04-15', '9', '2019-04-16 00:16:28', '2019-04-16 00:16:28'),
(688, 16, '2019-04-15', '8.25', '2019-04-16 00:18:12', '2019-04-16 00:18:12'),
(689, 24, '2019-04-15', '9', '2019-04-16 00:25:10', '2019-04-16 00:25:10'),
(690, 22, '2019-04-15', '9', '2019-04-16 00:25:18', '2019-04-16 00:25:18'),
(691, 32, '2019-04-15', '4.5', '2019-04-16 00:30:42', '2019-04-16 00:30:42'),
(692, 12, '2019-04-15', '9', '2019-04-16 00:31:16', '2019-04-16 00:31:16'),
(693, 18, '2019-04-15', '9.5', '2019-04-16 00:31:56', '2019-04-16 00:31:56'),
(694, 28, '2019-04-15', '9.5', '2019-04-16 00:36:05', '2019-04-16 00:36:05'),
(695, 14, '2019-04-15', '9.5', '2019-04-16 00:44:41', '2019-04-16 00:44:41'),
(696, 20, '2019-04-15', '9', '2019-04-16 00:49:49', '2019-04-16 00:49:49'),
(697, 9, '2019-04-15', '10', '2019-04-16 00:50:57', '2019-04-16 00:50:57'),
(698, 29, '2019-04-15', '9.5', '2019-04-16 00:53:54', '2019-04-16 00:53:54'),
(699, 30, '2019-04-15', '9.5', '2019-04-16 01:01:40', '2019-04-16 01:01:40'),
(700, 10, '2019-04-15', '9.5', '2019-04-16 01:05:03', '2019-04-16 01:05:03'),
(701, 8, '2019-04-16', '7.5', '2019-04-16 20:22:05', '2019-04-16 20:22:05');

-- --------------------------------------------------------

--
-- Table structure for table `work_time_details`
--

CREATE TABLE `work_time_details` (
  `work_time_detail_id` int(10) UNSIGNED NOT NULL,
  `project_id` int(10) UNSIGNED NOT NULL,
  `work_time_id` int(10) UNSIGNED NOT NULL,
  `work_type_id` int(10) UNSIGNED NOT NULL,
  `work_time_detail_hrs` text COLLATE utf8mb4_unicode_ci,
  `work_time_detail_description` text COLLATE utf8mb4_unicode_ci,
  `created_at` timestamp NULL DEFAULT NULL,
  `updated_at` timestamp NULL DEFAULT NULL
) ENGINE=InnoDB DEFAULT CHARSET=utf8mb4 COLLATE=utf8mb4_unicode_ci;

--
-- Dumping data for table `work_time_details`
--

INSERT INTO `work_time_details` (`work_time_detail_id`, `project_id`, `work_time_id`, `work_type_id`, `work_time_detail_hrs`, `work_time_detail_description`, `created_at`, `updated_at`) VALUES
(1, 7, 1, 4, '6.3', '1.) Complete Time Table\r\n2.) Done testing of flow of project\r\n3.) Resolve Bugs  of testing\r\n4.) Make different view for view exam and add exam', '2019-03-05 01:05:47', '2019-03-05 01:05:47'),
(2, 18, 1, 2, '2', '1.) Resolve bug of attendance project', '2019-03-05 01:05:47', '2019-03-05 01:05:47'),
(3, 2, 2, 4, '9.5', 'Admin Theme Set for Super Admin\r\nBasic functionality like login,forgot password ,edit profile and change password.', '2019-03-05 01:06:55', '2019-03-05 01:06:55'),
(4, 7, 3, 4, '9', '1.) Resolve Bugs of last testing\r\n2.) Update Time table view \r\n3.) Discussion with amba madam regarding time table condition\r\n4.) Add Print and excel import option for view marks \r\n5.) Meeting with Rupam Sir', '2019-03-05 01:07:24', '2019-03-05 01:07:24'),
(5, 21, 4, 4, '7', 'Mobile responsive with check in mobile\r\n1.Home Page\r\n2.About us Page \r\n3.Why us Page\r\n4.Services Pages\r\n5.Training  Pages\r\n6.Contact Us Page', '2019-03-05 01:24:52', '2019-03-05 01:24:52'),
(6, 25, 5, 4, '9.5', '1. Admin app- Cancel option in Order screen is not working.\r\n2. Customer app- \r\na. should have option to cancel order. On click they should enter reason and order cancel email should be sent to customer and admin.\r\nb. Shop by category panel in app- check spacing\r\nc. Push notification not receiving.\r\nd. Notification screen- reduce size of image, on click of notifiaction show large image in popup', '2019-03-05 01:28:21', '2019-03-05 01:28:21'),
(7, 2, 6, 13, '5', 'Understanding and Testing of Service Provider Dashboard', '2019-03-05 01:29:20', '2019-03-06 17:45:55'),
(8, 8, 6, 13, '1', 'Testing of Fee and Task module in app. Discussion regarding status.', '2019-03-05 01:29:20', '2019-03-05 01:29:20'),
(9, 7, 7, 5, '2.5', '1.) Test school diary project\r\n2.) setup test environment on online server', '2019-03-05 15:32:14', '2019-03-06 00:10:05'),
(10, 18, 7, 2, '4.5', '1.) Show popup when employee mark out for attendance\r\n2.) Show date formate for add project work time in Y/m/d\r\n3.) Resolve employee out issues\r\n4.) Resolve key problem of attendance register', '2019-03-05 15:32:14', '2019-03-05 20:48:59'),
(11, 25, 6, 7, '0.3', 'Explaining points to Suraj, follow up.', '2019-03-05 15:47:16', '2019-03-05 15:47:16'),
(12, 8, 8, 17, '1.5', 'Serching option add on google map', '2019-03-05 19:22:21', '2019-03-05 19:22:21'),
(13, 8, 8, 4, '4.5', 'Inventory Module Smoke Testing \r\nDevelopment on Transport Module', '2019-03-05 19:22:21', '2019-03-05 19:22:21'),
(14, 26, 8, 13, '3', '1. Internet issue resolve on downstairs office and alloted to some specefic systems.\r\n\r\n2. Student Class (2 Batches)', '2019-03-05 19:22:21', '2019-03-05 19:26:42'),
(15, 3, 9, 13, '.40', 'Excel Files  check for discussion', '2019-03-05 19:28:22', '2019-03-05 19:34:36'),
(16, 3, 9, 1, '.10', NULL, '2019-03-05 19:28:22', '2019-03-05 19:28:22'),
(17, 23, 9, 4, '1', 'Changes in admin panel files for notifications', '2019-03-05 19:30:40', '2019-03-05 19:34:36'),
(18, 26, 9, 19, '2', 'Student 2 Batches', '2019-03-05 19:30:40', '2019-03-05 19:30:40'),
(19, 7, 7, 13, '1.5', '1.) upload code and setup\r\n2.) test code and check project flow', '2019-03-06 00:10:05', '2019-03-06 00:10:05'),
(20, 26, 7, 13, '.5', 'Discussion with bhagya shree madam about gully project', '2019-03-06 00:10:05', '2019-03-06 00:10:05'),
(21, 8, 9, 2, '5.5', 'Api Changes and admin Changes', '2019-03-06 01:18:35', '2019-03-06 01:18:35'),
(22, 7, 10, 4, '8', '(1) Checked Roll no module and fixed isses\r\n(2) Working on fee view page', '2019-03-06 01:19:09', '2019-03-06 01:19:09'),
(23, 18, 10, 18, '1.5', '(1)Discussion with Bhuvanesh related  to new isses\r\n(2) Helped to resolve issues', '2019-03-06 01:19:09', '2019-03-09 00:37:26'),
(24, 2, 11, 4, '9.5', '1.Category Module\r\n-- Add Category\r\n-- View Category\r\n-- Add Sub Category\r\n-- View Sub Category\r\n\r\nCode Set on New Staging Server', '2019-03-06 01:20:46', '2019-03-06 01:20:46'),
(25, 7, 12, 4, '6', 'tesst', '2019-03-06 01:20:59', '2019-03-06 01:20:59'),
(26, 9, 12, 8, '3', 'gr', '2019-03-06 01:20:59', '2019-03-06 01:20:59'),
(27, 21, 13, 4, '8', 'Mobile responsive with check in mobile\r\nDesign Pages\r\nOther Services', '2019-03-06 01:36:26', '2019-03-06 01:36:26'),
(28, 26, 13, 4, '1', 'Add schedule matches on tez', '2019-03-06 01:36:26', '2019-03-06 01:36:26'),
(29, 8, 14, 2, '9.5', 'client feedback, bugs fixes and improvements', '2019-03-06 01:39:11', '2019-03-06 01:39:11'),
(30, 23, 15, 4, '10.43', '1)home-page(design)\r\n2)feedback complete', '2019-03-06 16:14:51', '2019-03-06 16:15:46'),
(31, 26, 6, 13, '3', 'Search for Asp. Net candidates, discussions.', '2019-03-06 17:45:55', '2019-03-06 17:45:55'),
(32, 2, 16, 13, '8', 'Testing of Service Provider Dashboard on desktop, android, IOS and Mac.\r\nDiscussion with Sumit regarding points and cross check points.', '2019-03-06 17:50:47', '2019-03-06 17:50:47'),
(33, 26, 16, 13, '1.75', 'Discussions with Pauli and Akib regarding logo, to and fro etc. \r\n\r\nDiscussion with Aayush, team and KSir.\r\n\r\nCoordination for Interview, check status.\r\n\r\nPrepare proposal for Job Portal Website.\r\n\r\nDiscussion for Academic eye client points.', '2019-03-06 17:50:47', '2019-03-06 17:50:47'),
(34, 8, 17, 4, '7', 'Examination Module', '2019-03-07 00:16:07', '2019-03-07 00:16:07'),
(35, 8, 17, 13, '1.5', 'Api Changes', '2019-03-07 00:16:07', '2019-03-07 00:16:07'),
(36, 8, 17, 13, '.5', 'Help Khushboo', '2019-03-07 00:16:07', '2019-03-07 00:16:07'),
(37, 21, 18, 4, '9.5', '1.Feedback\r\n2.Mobile Responsive', '2019-03-07 00:47:17', '2019-03-07 00:47:17'),
(38, 2, 19, 4, '9.5', 'Worked on following module\r\n1. Manage City\r\n2. Become Partner Enquiry\r\n3. Manage Customer\r\n4. Manage Provider', '2019-03-07 01:05:22', '2019-03-07 01:05:22'),
(39, 7, 20, 4, '5', '1.) Test School diary module\r\n2.) Change in side manu\r\n3.) Update menu sequence', '2019-03-07 01:07:24', '2019-03-07 01:07:24'),
(40, 18, 20, 2, '4', '1.) Change request on live server of team portel\r\n2.) Change in In, Out, Leave and early leave process if user session expire it will be redirect to login page\r\n3.) Increase session time on live server', '2019-03-07 01:07:24', '2019-03-07 01:07:24'),
(41, 23, 21, 4, '9.41', '1)feedback-complete\r\n2)practice-quiz page\r\n1)slice-images(3)', '2019-03-07 01:09:06', '2019-03-08 01:22:37'),
(43, 1, 22, 13, '1.5', 'Testing of client points', '2019-03-07 16:25:36', '2019-03-07 16:25:36'),
(44, 2, 22, 18, '2', 'Discussion regarding client feedbacks.', '2019-03-07 16:25:36', '2019-03-07 16:25:36'),
(45, 6, 22, 18, '0.5', 'Discussion with client, team, Akib.', '2019-03-07 16:25:36', '2019-03-07 16:25:36'),
(46, 8, 22, 13, '2', 'Testing of apps, discussions etc.', '2019-03-07 16:25:36', '2019-03-07 16:26:16'),
(47, 26, 22, 13, '3', 'Search for candidates, discussions etc.\r\n\r\nManage hosting quota, create Hosting for ect.', '2019-03-07 16:25:36', '2019-03-07 16:26:16'),
(48, 23, 23, 4, '9.55', '1)Key terms page\r\n2)vedio tutorial page\r\n3)view vedio page', '2019-03-08 00:56:05', '2019-03-08 01:28:47'),
(49, 21, 24, 4, '9.30', '1.Check Page Speed', '2019-03-08 00:58:16', '2019-03-08 00:58:16'),
(50, 8, 25, 2, '6.5', '--> Feedback on Exam Module.\r\n--> Feedback on Task Manager Module.\r\n--> Feedback on Transport Module. \r\n--> Api Changes', '2019-03-08 01:27:14', '2019-03-08 01:27:14'),
(51, 16, 25, 2, '2.5', '--> Api Changes', '2019-03-08 01:27:14', '2019-03-08 01:27:14'),
(52, 6, 26, 13, '0.75', 'Discussion with client and team regarding points.', '2019-03-08 15:48:41', '2019-03-08 15:48:41'),
(53, 8, 26, 13, '4', 'Testing of Admin panel. Discussion with BS of Fees module and issues found.', '2019-03-08 15:48:41', '2019-03-08 15:48:41'),
(54, 26, 26, 13, '4.5', 'Finding candidates and discussions with them.\r\n\r\nDiscussion with Pauli regarding project.\r\n\r\nDiscussion with Akib regarding tasks.\r\n\r\nDiscussion with Suraj and Nath regarding project status.', '2019-03-08 15:48:41', '2019-03-08 15:48:41'),
(55, 7, 27, 4, '5', '(1) Completed view fee\r\n(2) Assigned  menu update task to bhuvanesh\r\n(3) Started working on add fee(auto adjust case)', '2019-03-09 00:25:54', '2019-03-09 00:25:54'),
(56, 18, 27, 17, '4', '(1) Resolved errors like in-out inactivity case\r\n(2) Increased session time-out', '2019-03-09 00:25:54', '2019-03-09 00:25:54'),
(57, 7, 28, 4, '1', '(1)Working on Pay fee UI correction', '2019-03-09 00:29:56', '2019-03-10 00:51:42'),
(58, 18, 28, 4, '1', '(1) Checked attendace isse (fixed incorrect working hour issue )', '2019-03-09 00:29:56', '2019-03-09 00:29:56'),
(59, 26, 28, 17, '5', '(1) Created live event account on youtube and R&D about\r\n(2) Created account on Dacast and went through its documentation\r\n(3) Read Api documentation and its flow', '2019-03-09 00:29:56', '2019-03-09 00:31:48'),
(60, 7, 29, 4, '5', '(1) Completed pay fee UI\r\n(2) Added transport fee summary  in View', '2019-03-09 00:31:29', '2019-03-09 00:31:29'),
(61, 26, 29, 17, '4', '(1)Created api for video live streaming\r\n(2) Created and tested live event in youtube', '2019-03-09 00:31:29', '2019-03-09 00:31:29'),
(62, 7, 30, 4, '9', '(1) Worked on enter subject marks\r\n(2) working on marks view\r\n(3) Assigned task to bhuvanesh related exam module testing', '2019-03-09 00:34:59', '2019-03-09 00:34:59'),
(63, 6, 31, 18, '2.5', 'Discussions with client, ksir. \r\nShared stats of work done till now, explained data entry work to Priyanka.', '2019-03-09 15:52:59', '2019-03-09 15:52:59'),
(64, 8, 31, 13, '3.75', 'Discussion with Suraj regarding testing report, status.\r\n\r\nTesting of admin app.', '2019-03-09 15:52:59', '2019-03-09 15:52:59'),
(65, 26, 31, 18, '3.25', 'Discussion with Pauli regarding all content and designs.\r\n\r\nDiscussion with candidates and schedule interviews.\r\n\r\nDiscussion with Akib.\r\n\r\nSearch for antivirus.', '2019-03-09 15:52:59', '2019-03-09 15:52:59'),
(66, 23, 32, 4, '9.53', '1)question-page\r\n2)answer-page', '2019-03-09 16:14:17', '2019-03-09 16:14:17'),
(67, 7, 33, 4, '4', '(1) Stared working on add employee with new fileds \r\n(2)Meeting with K sir (Discussed Staff module)', '2019-03-10 00:50:31', '2019-03-10 00:50:31'),
(68, 18, 33, 4, '1', '(1) Resolved extra Sat issue on local and live', '2019-03-10 00:50:31', '2019-03-10 00:50:31'),
(69, 26, 33, 17, '4', 'YouTube Live Streaming\r\n(1)Online video live streaming\'s demo with K sir (YouTube)\r\n(2) Created Unlisted events and checked thier API.', '2019-03-10 00:50:31', '2019-03-10 00:50:31'),
(70, 23, 34, 4, '8.45', '1)question popup\r\n2)answer popup\r\n3)login popup', '2019-03-11 14:38:52', '2019-03-11 14:38:52'),
(71, 26, 34, 13, '0.49', '1)jodhpuri-excel sheet work\r\n2)folder on drive', '2019-03-11 14:38:52', '2019-03-11 14:39:47'),
(72, 6, 35, 13, '0.3', 'Discussion with Bhavna for product upload task. Check and share with client.\r\n\r\nDiscussion regarding PayU.', '2019-03-11 14:47:30', '2019-03-11 14:47:30'),
(73, 8, 35, 13, '5.5', 'Testing of Admin App, discussion with BS for issues and understanding flow.', '2019-03-11 14:47:30', '2019-03-11 14:53:22'),
(74, 16, 35, 13, '0.5', 'Discussion with Nath regarding status, doubts etc.', '2019-03-11 14:47:30', '2019-03-11 14:47:30'),
(75, 26, 35, 13, '3', 'Search candidates, follow up and assign tasks,\r\nDiscussion for Abhay interview status.\r\n\r\nExplain Akib ECT design task, share all content.\r\n\r\nPrepare TaxEzee ppt.', '2019-03-11 14:47:30', '2019-03-11 14:53:22'),
(76, 8, 36, 2, '8', '--> Feedback on Communication Module.\r\n--> Api Changes.', '2019-03-11 15:33:56', '2019-03-11 15:33:56'),
(77, 16, 36, 2, '.5', '--> Api Changes', '2019-03-11 15:33:56', '2019-03-11 15:33:56'),
(78, 26, 36, 13, '.5', 'Help', '2019-03-11 15:33:56', '2019-03-11 15:33:56'),
(79, 21, 37, 4, '9', '.wscubetech\r\n->Convert PSD\r\n->Page speed', '2019-03-12 00:00:45', '2019-03-12 00:00:45'),
(80, 8, 38, 2, '9', '--> Feedback on Transport Module.\r\n--> Api Changes \r\n--> Help Khushboo.', '2019-03-12 00:22:15', '2019-03-12 00:22:15'),
(81, 23, 39, 4, '10.2', '1)all competition exams\r\n2)test grammar knowledge page\r\n3)login -popup responsive\r\n1)slice ect-4page', '2019-03-12 00:33:45', '2019-03-12 00:33:45'),
(82, 7, 40, 4, '4.5', '1.) Update School project Side menu\r\n2.) Start Employee Leave module in School Project', '2019-03-12 00:34:58', '2019-03-12 00:34:58'),
(83, 18, 40, 2, '4', '1.) Change request in Team portal', '2019-03-12 00:34:58', '2019-03-12 00:34:58'),
(84, 26, 40, 13, '.5', '1.) Discussion with BhagyaShree madam about Gully Project', '2019-03-12 00:34:58', '2019-03-12 00:34:58'),
(85, 8, 41, 2, '9.5', 'student and parent testing report resolved just a minor things need to check\r\nsome of the testing point resolved admin app', '2019-03-12 00:36:39', '2019-03-12 00:36:39'),
(86, 2, 42, 4, '10', 'Admin panel\r\nSome API changes', '2019-03-12 00:46:18', '2019-03-12 00:46:18'),
(87, 8, 43, 13, '5', 'Testing of Admin app, discussion with Suraj.', '2019-03-12 15:19:27', '2019-03-12 15:19:27'),
(88, 16, 43, 13, '1', 'Begin testing of IOS app, discuss issues with NAth.', '2019-03-12 15:19:27', '2019-03-12 15:19:27'),
(89, 26, 43, 13, '4.5', 'Check resumes at hr, call and revert. \r\n\r\nUnderstanding Online Exam features by KSir and prepare proposal.\r\n\r\nDiscussion with Pauli and Akib for designs.', '2019-03-12 15:19:27', '2019-03-12 15:19:27'),
(90, 7, 44, 4, '4.5', '1.) Complete Leave Module\r\n2.) Resolve Bugs\r\n3.) Upload code on test server', '2019-03-13 00:21:01', '2019-03-13 00:21:01'),
(91, 18, 44, 4, '2', '1.) Start work on IN-OUT module. (When user not fill today\'s work time then it will redirect to work time module)', '2019-03-13 00:21:01', '2019-03-13 00:21:01'),
(92, 26, 44, 13, '2.5', '1.) Visual Studio Software Installation on other system\r\n2.) Discussion with Bhagya Shree madam about gully project.', '2019-03-13 00:21:01', '2019-03-13 00:21:01'),
(93, 2, 45, 4, '9.5', 'Admin Panel\r\nAPI changes', '2019-03-13 00:28:35', '2019-03-13 00:28:35'),
(94, 10, 46, 1, '1.25', 'Call with client', '2019-03-13 15:38:22', '2019-03-13 15:38:22'),
(95, 16, 46, 13, '3', 'Testing of Ios app and discussion with Nath.', '2019-03-13 15:38:22', '2019-03-13 15:38:22'),
(96, 26, 46, 18, '5', 'Discussion with Akib, Pauli for feedback. \r\nDiscussion with Suraj for Academic eye testing points.\r\nDiscussion with KSir for HR and GBrloop design.\r\n\r\nCheck and search candidates.\r\nCheck task and share status of Sourabh. \r\n\r\nCheck client feedback on PursueIT test case.', '2019-03-13 15:38:22', '2019-03-13 15:38:22'),
(97, 7, 47, 5, '1', '1.) School project Upload code on server', '2019-03-14 00:09:55', '2019-03-14 00:09:55'),
(98, 18, 47, 2, '7', '1.) Complete Change Request Work on Team portel\r\n2.) Complete edit functionality in IN-OUT Module\r\n3.) Upload code on server and test it', '2019-03-14 00:09:55', '2019-03-14 00:09:55'),
(99, 26, 47, 13, '1', '1.) Software installation on system (.net)', '2019-03-14 00:09:55', '2019-03-14 00:09:55'),
(100, 2, 48, 4, '9.5', NULL, '2019-03-14 00:19:10', '2019-03-14 00:19:10'),
(101, 8, 49, 4, '9', '--> Cronjobs Implementation.\r\n--> Feedback On Inventory Module.\r\n--> Api Changes', '2019-03-14 00:20:40', '2019-03-14 00:20:40'),
(102, 8, 50, 2, '7', '--> Api Changes', '2019-03-14 00:21:28', '2019-03-14 00:21:28'),
(103, 16, 50, 2, '2', '--> Api Changes', '2019-03-14 00:21:28', '2019-03-14 00:21:28'),
(104, 2, 51, 13, '4', 'Check client feedback for Customer app test cases.\r\n\r\nBegin SP test cases, discussion regarding feedback.', '2019-03-14 14:57:13', '2019-03-14 14:57:13'),
(105, 8, 51, 13, '2.5', 'Testing of Admin modules.', '2019-03-14 14:57:14', '2019-03-14 14:57:14'),
(106, 26, 51, 13, '3', 'Discussion with Akib regarding tasks.\r\nDiscussion with Playglam team for points.\r\n\r\nDiscussion regarding Nitin and Abhay status and share.\r\nCheck and revert to candidates.\r\n\r\nDiscussion regarding Jodhpuri editing.\r\n\r\nCall with Alex for Jayride.', '2019-03-14 14:57:14', '2019-03-14 14:57:14'),
(107, 23, 52, 4, '10.18', '\"work on:360\r\n1)feedback complete\r\n2)finding spotting page\r\n\r\nother-\r\n1)slice pages(10 min)', '2019-03-14 15:10:06', '2019-03-14 15:10:06'),
(108, 23, 53, 4, '9.51', '\"\r\nwork on:360\r\n1)feedback complete\r\n\r\nother-\r\n1)slice pages\r\n\"', '2019-03-14 15:10:41', '2019-03-14 15:10:41'),
(109, 8, 54, 4, '5', NULL, '2019-03-14 21:53:19', '2019-03-14 21:53:19'),
(110, 8, 54, 2, '4', NULL, '2019-03-14 21:53:19', '2019-03-14 21:53:19'),
(111, 7, 55, 4, '8', NULL, '2019-03-14 23:34:12', '2019-03-14 23:34:12'),
(112, 26, 55, 14, '1', NULL, '2019-03-14 23:34:12', '2019-03-14 23:34:51'),
(113, 7, 56, 4, '7', NULL, '2019-03-14 23:37:19', '2019-03-14 23:37:30'),
(114, 7, 56, 16, '1', NULL, '2019-03-14 23:37:19', '2019-03-14 23:37:19'),
(115, 26, 56, 14, '1.2', NULL, '2019-03-14 23:37:19', '2019-03-14 23:37:19'),
(116, 7, 57, 4, '8.5', NULL, '2019-03-14 23:39:33', '2019-03-14 23:39:33'),
(117, 18, 57, 18, '.5', NULL, '2019-03-14 23:39:33', '2019-03-14 23:39:33'),
(118, 7, 58, 4, '8', NULL, '2019-03-14 23:41:06', '2019-03-14 23:41:06'),
(119, 18, 58, 18, '1', NULL, '2019-03-14 23:41:06', '2019-03-14 23:41:06'),
(120, 26, 58, 18, NULL, NULL, '2019-03-14 23:41:06', '2019-03-14 23:41:06'),
(121, 5, 59, 4, '3.5', NULL, '2019-03-14 23:56:08', '2019-03-14 23:56:08'),
(122, 5, 59, 2, '1', NULL, '2019-03-14 23:56:08', '2019-03-14 23:56:08'),
(123, 26, 60, 17, '2', NULL, '2019-03-15 00:06:43', '2019-03-15 00:06:43'),
(124, 26, 60, 19, '5', NULL, '2019-03-15 00:06:43', '2019-03-15 00:06:43'),
(125, 26, 60, 4, '2', NULL, '2019-03-15 00:06:43', '2019-03-15 00:06:43'),
(126, 26, 61, 3, '5', NULL, '2019-03-15 00:08:22', '2019-03-15 00:08:22'),
(127, 26, 61, 13, '3', NULL, '2019-03-15 00:08:22', '2019-03-15 00:08:22'),
(128, 26, 61, 13, '1', NULL, '2019-03-15 00:08:22', '2019-03-15 00:08:22'),
(129, 26, 62, 13, '9', NULL, '2019-03-15 00:09:33', '2019-03-15 00:09:33'),
(130, 26, 63, 19, '5', NULL, '2019-03-15 00:09:55', '2019-03-15 00:09:55'),
(131, 26, 63, 18, '2', NULL, '2019-03-15 00:09:55', '2019-03-15 00:09:55'),
(132, 26, 63, 17, '1', NULL, '2019-03-15 00:09:55', '2019-03-15 00:09:55'),
(133, 21, 64, 4, '9', NULL, '2019-03-15 00:17:18', '2019-03-15 00:17:18'),
(134, 2, 65, 4, '4.5', NULL, '2019-03-15 00:24:40', '2019-03-15 00:24:40'),
(135, 22, 65, 4, '4.5', NULL, '2019-03-15 00:24:40', '2019-03-15 00:24:40'),
(136, 7, 66, 5, '.5', NULL, '2019-03-15 00:27:31', '2019-03-15 00:27:31'),
(137, 18, 66, 4, '7', NULL, '2019-03-15 00:27:31', '2019-03-15 00:27:31'),
(138, 18, 66, 2, '1', NULL, '2019-03-15 00:27:31', '2019-03-15 00:27:31'),
(139, 26, 66, 13, '.5', NULL, '2019-03-15 00:27:31', '2019-03-15 00:27:31'),
(140, 16, 67, 8, '7.5', NULL, '2019-03-15 00:38:15', '2019-03-15 00:38:15'),
(141, 16, 67, 12, '2', NULL, '2019-03-15 00:38:15', '2019-03-15 00:38:15'),
(142, 2, 68, 4, '9.5', NULL, '2019-03-15 00:48:20', '2019-03-15 00:48:20'),
(143, 23, 69, 4, '10.30', NULL, '2019-03-15 01:01:05', '2019-03-15 01:01:05'),
(144, 26, 69, 13, '15.00', NULL, '2019-03-15 01:01:05', '2019-03-15 01:01:05'),
(145, 5, 70, 4, '6.5', NULL, '2019-03-15 01:03:46', '2019-03-15 01:03:46'),
(146, 26, 70, 13, '3', NULL, '2019-03-15 01:03:46', '2019-03-15 01:03:46'),
(147, 12, 71, 13, '9', NULL, '2019-03-15 01:05:24', '2019-03-15 01:05:24'),
(148, 2, 72, 4, '6.5', NULL, '2019-03-15 01:05:54', '2019-03-15 01:07:22'),
(149, 2, 73, 4, '2', NULL, '2019-03-15 01:05:56', '2019-03-15 01:05:56'),
(150, 8, 74, 2, '9.5', NULL, '2019-03-15 01:07:00', '2019-03-15 01:07:00'),
(151, 26, 75, 3, '9.5', NULL, '2019-03-15 01:07:07', '2019-03-15 01:07:07'),
(152, 1, 72, 4, '3', NULL, '2019-03-15 01:07:22', '2019-03-15 01:07:22'),
(153, 8, 76, 13, '3.5', NULL, '2019-03-15 14:49:22', '2019-03-15 14:49:22'),
(154, 26, 76, 13, '6', NULL, '2019-03-15 14:49:22', '2019-03-15 14:49:22'),
(155, 26, 77, 19, '3', NULL, '2019-03-15 20:10:28', '2019-03-15 20:10:28'),
(156, 26, 77, 4, '3', NULL, '2019-03-15 20:10:28', '2019-03-15 20:29:09'),
(157, 2, 78, 4, '6.5', NULL, '2019-03-15 21:03:28', '2019-03-15 21:03:28'),
(158, 2, 79, 4, '6.5', NULL, '2019-03-15 21:03:28', '2019-03-15 21:03:28'),
(159, 5, 80, 4, '8', NULL, '2019-03-15 23:57:15', '2019-03-15 23:57:15'),
(160, 5, 80, 2, '1', NULL, '2019-03-15 23:57:15', '2019-03-15 23:57:15'),
(161, 5, 81, 4, '7', NULL, '2019-03-16 00:00:08', '2019-03-16 00:00:08'),
(162, 26, 81, 13, '2', NULL, '2019-03-16 00:00:08', '2019-03-16 00:00:08'),
(163, 7, 82, 4, '9', NULL, '2019-03-16 00:02:34', '2019-03-16 00:02:34'),
(164, 21, 83, 4, '7', NULL, '2019-03-16 00:05:25', '2019-03-16 00:05:25'),
(165, 26, 83, 17, '2', NULL, '2019-03-16 00:05:25', '2019-03-16 00:05:25'),
(166, 8, 84, 4, '9', NULL, '2019-03-16 00:05:37', '2019-03-16 00:05:37'),
(167, 8, 85, 4, '7.5', NULL, '2019-03-16 00:14:34', '2019-03-16 00:14:34'),
(168, 16, 85, 2, '1', NULL, '2019-03-16 00:14:34', '2019-03-16 00:14:34'),
(169, 26, 85, 13, '.5', NULL, '2019-03-16 00:14:34', '2019-03-16 00:14:34'),
(170, 26, 86, 13, '9', NULL, '2019-03-16 00:17:02', '2019-03-16 00:17:02'),
(171, 23, 87, 4, '7.44', NULL, '2019-03-16 00:23:15', '2019-03-16 00:23:15'),
(172, 26, 87, 13, '2.12', NULL, '2019-03-16 00:23:15', '2019-03-16 00:23:15'),
(173, 7, 88, 4, '7', NULL, '2019-03-16 00:26:17', '2019-03-16 00:26:17'),
(174, 26, 88, 18, '1.5', NULL, '2019-03-16 00:26:17', '2019-03-16 00:26:17'),
(175, 26, 88, 7, '.5', NULL, '2019-03-16 00:26:17', '2019-03-16 00:26:17'),
(176, 26, 89, 3, '6', NULL, '2019-03-16 00:33:49', '2019-03-16 00:33:49'),
(177, 26, 89, 13, '3', NULL, '2019-03-16 00:33:49', '2019-03-16 00:33:49'),
(178, 16, 90, 8, '8', NULL, '2019-03-16 00:36:24', '2019-03-16 00:36:24'),
(179, 16, 90, 12, '2', NULL, '2019-03-16 00:36:24', '2019-03-16 00:36:24'),
(180, 8, 91, 4, '9.5', NULL, '2019-03-16 00:46:29', '2019-03-16 00:46:29'),
(181, 2, 92, 4, '9.5', NULL, '2019-03-16 01:04:15', '2019-03-16 01:04:15'),
(182, 2, 93, 4, '9.5', NULL, '2019-03-16 01:04:42', '2019-03-16 01:04:42'),
(183, 26, 94, 19, '10.30', NULL, '2019-03-16 01:09:46', '2019-03-16 01:09:46'),
(184, 12, 95, 13, '2', NULL, '2019-03-16 01:11:58', '2019-03-16 01:11:58'),
(185, 17, 95, 4, '7', NULL, '2019-03-16 01:11:58', '2019-03-16 01:11:58'),
(186, 26, 96, 13, '5.5', NULL, '2019-03-16 01:37:50', '2019-03-16 01:37:50'),
(187, 26, 97, 19, '9', NULL, '2019-03-16 01:42:44', '2019-03-16 01:42:44'),
(188, 2, 98, 4, '4.2', NULL, '2019-03-16 20:31:07', '2019-03-16 20:31:07'),
(189, 2, 99, 4, '3.5', NULL, '2019-03-16 20:34:16', '2019-03-16 20:34:16'),
(190, 26, 99, 14, '1.5', NULL, '2019-03-16 20:34:16', '2019-03-16 20:34:16'),
(191, 21, 100, 4, '1.5', NULL, '2019-03-16 21:30:32', '2019-03-16 21:30:32'),
(192, 26, 100, 17, '2.5', NULL, '2019-03-16 21:30:32', '2019-03-16 21:30:32'),
(193, 26, 101, 13, '3.4', NULL, '2019-03-16 23:49:20', '2019-03-16 23:49:20'),
(194, 26, 102, 3, '8', NULL, '2019-03-17 00:01:47', '2019-03-17 00:01:47'),
(195, 26, 103, 13, '9', NULL, '2019-03-17 00:05:48', '2019-03-17 00:05:48'),
(196, 1, 104, 13, '1', NULL, '2019-03-17 00:33:00', '2019-03-17 00:33:00'),
(197, 16, 104, 13, '2.5', NULL, '2019-03-17 00:33:00', '2019-03-17 00:33:00'),
(198, 26, 104, 13, '6', NULL, '2019-03-17 00:33:00', '2019-03-17 00:33:00'),
(199, 2, 105, 13, '6.5', NULL, '2019-03-17 00:33:42', '2019-03-17 00:33:42'),
(200, 26, 105, 13, '2', NULL, '2019-03-17 00:33:42', '2019-03-17 00:33:42'),
(201, 26, 106, 13, '5', NULL, '2019-03-17 00:53:31', '2019-03-17 00:53:31'),
(202, 26, 106, 13, '4', NULL, '2019-03-17 00:53:31', '2019-03-17 00:53:31'),
(203, 26, 107, 19, '9', NULL, '2019-03-17 00:58:16', '2019-03-17 00:58:16'),
(204, 26, 108, 19, '5.30', NULL, '2019-03-17 23:09:45', '2019-03-17 23:09:45'),
(205, 26, 109, 17, '5.5', NULL, '2019-03-17 23:22:44', '2019-03-17 23:22:44'),
(206, 26, 110, 19, '8', NULL, '2019-03-18 23:01:44', '2019-03-18 23:01:44'),
(207, 8, 111, 4, '1.5', NULL, '2019-03-18 23:23:59', '2019-03-18 23:23:59'),
(208, 8, 111, 2, '2', NULL, '2019-03-18 23:23:59', '2019-03-18 23:23:59'),
(209, 16, 111, 2, '1', NULL, '2019-03-18 23:23:59', '2019-03-18 23:23:59'),
(210, 5, 111, 17, '1', NULL, '2019-03-18 23:34:08', '2019-03-18 23:34:08'),
(211, 5, 111, 5, '1', NULL, '2019-03-18 23:34:08', '2019-03-18 23:34:08'),
(212, 27, 111, 2, '2.5', NULL, '2019-03-18 23:34:08', '2019-03-18 23:34:08'),
(213, 21, 112, 4, '9', NULL, '2019-03-18 23:47:11', '2019-03-18 23:47:11'),
(214, 7, 113, 2, '3', NULL, '2019-03-18 23:57:44', '2019-03-18 23:57:44'),
(215, 7, 113, 4, '5', NULL, '2019-03-18 23:57:44', '2019-03-18 23:57:44'),
(216, 7, 113, 18, '1', NULL, '2019-03-18 23:57:44', '2019-03-18 23:57:44'),
(217, 5, 114, 4, '9', NULL, '2019-03-19 00:05:47', '2019-03-19 00:05:47'),
(218, 7, 115, 4, '9', NULL, '2019-03-19 00:06:19', '2019-03-19 00:06:19'),
(219, 26, 116, 19, '7', NULL, '2019-03-19 00:10:17', '2019-03-19 00:10:17'),
(220, 26, 116, 17, '2', NULL, '2019-03-19 00:10:17', '2019-03-19 00:10:17'),
(221, 26, 117, 13, '9', NULL, '2019-03-19 00:12:55', '2019-03-19 00:12:55'),
(222, 8, 118, 4, '8', NULL, '2019-03-19 00:15:47', '2019-03-19 00:15:47'),
(223, 26, 118, 13, '1', NULL, '2019-03-19 00:15:47', '2019-03-19 00:15:47'),
(224, 26, 119, 3, '6', NULL, '2019-03-19 00:19:46', '2019-03-19 00:19:46'),
(225, 26, 119, 13, '3', NULL, '2019-03-19 00:19:46', '2019-03-19 00:19:46'),
(226, 26, 120, 19, '6', NULL, '2019-03-19 00:19:52', '2019-03-19 00:19:52'),
(227, 26, 120, 13, '2', NULL, '2019-03-19 00:19:52', '2019-03-19 00:19:52'),
(228, 26, 120, 17, '1', NULL, '2019-03-19 00:19:52', '2019-03-19 00:19:52'),
(229, 2, 121, 12, '1', NULL, '2019-03-19 00:40:50', '2019-03-19 00:40:50'),
(230, 16, 121, 5, '2', NULL, '2019-03-19 00:40:50', '2019-03-19 00:40:50'),
(231, 16, 121, 12, '7', NULL, '2019-03-19 00:40:50', '2019-03-19 00:40:50'),
(232, 8, 122, 2, '9.5', NULL, '2019-03-19 00:41:53', '2019-03-19 00:41:53'),
(233, 12, 123, 5, '3', NULL, '2019-03-19 00:50:51', '2019-03-19 00:50:51'),
(234, 17, 123, 4, '6', NULL, '2019-03-19 00:50:51', '2019-03-19 00:50:51'),
(235, 1, 124, 6, '2.5', NULL, '2019-03-19 00:52:03', '2019-03-19 00:52:03'),
(236, 16, 124, 6, '2.5', NULL, '2019-03-19 00:52:03', '2019-03-19 00:52:03'),
(237, 26, 124, 15, '2.5', NULL, '2019-03-19 00:52:03', '2019-03-19 00:52:03'),
(238, 26, 124, 13, '2', NULL, '2019-03-19 00:52:03', '2019-03-19 00:52:03'),
(239, 22, 125, 4, '9', NULL, '2019-03-19 00:54:45', '2019-03-19 00:54:45'),
(240, 5, 126, 2, '1.5', NULL, '2019-03-19 01:02:59', '2019-03-19 01:02:59'),
(241, 20, 126, 4, '5', NULL, '2019-03-19 01:02:59', '2019-03-19 01:02:59'),
(242, 26, 126, 13, '3', NULL, '2019-03-19 01:02:59', '2019-03-19 01:02:59'),
(243, 26, 127, 3, '9.5', NULL, '2019-03-19 01:04:48', '2019-03-19 01:04:48'),
(244, 26, 128, 4, '9.5', NULL, '2019-03-19 01:05:16', '2019-03-19 01:05:16'),
(245, 26, 129, 13, '5', NULL, '2019-03-19 01:15:24', '2019-03-19 01:15:24'),
(246, 26, 130, 19, '5', NULL, '2019-03-19 01:15:54', '2019-03-19 01:16:28'),
(247, 26, 130, 4, '5', NULL, '2019-03-19 01:15:54', '2019-03-19 01:16:28'),
(248, 26, 131, 19, '10.30', NULL, '2019-03-19 01:16:17', '2019-03-19 01:16:17'),
(249, 1, 132, 5, '6', NULL, '2019-03-19 01:32:13', '2019-03-19 01:32:13'),
(250, 2, 132, 4, '4', NULL, '2019-03-19 01:32:13', '2019-03-19 01:32:13'),
(251, 26, 133, 7, '1.5', NULL, '2019-03-19 23:53:42', '2019-03-19 23:53:42'),
(252, 26, 133, 17, '5', NULL, '2019-03-19 23:53:42', '2019-03-19 23:53:42'),
(253, 26, 133, 13, '2.5', NULL, '2019-03-19 23:53:42', '2019-03-19 23:53:42'),
(254, 7, 134, 4, '6', NULL, '2019-03-19 23:57:56', '2019-03-19 23:57:56'),
(255, 26, 134, 14, '2', NULL, '2019-03-19 23:57:56', '2019-03-19 23:57:56'),
(256, 26, 134, 17, '1', NULL, '2019-03-19 23:57:56', '2019-03-19 23:57:56'),
(257, 5, 135, 4, '9', NULL, '2019-03-20 00:05:57', '2019-03-20 00:05:57'),
(258, 21, 136, 4, '7', NULL, '2019-03-20 00:06:49', '2019-03-20 00:06:49'),
(259, 26, 137, 13, '9', NULL, '2019-03-20 00:16:42', '2019-03-20 00:16:42'),
(260, 26, 138, 3, '8', NULL, '2019-03-20 00:16:45', '2019-03-20 00:16:45'),
(261, 26, 138, 13, '1', NULL, '2019-03-20 00:16:45', '2019-03-20 00:16:45'),
(262, 26, 139, 19, '6', NULL, '2019-03-20 00:18:07', '2019-03-20 00:18:07'),
(263, 26, 139, 17, '2', NULL, '2019-03-20 00:18:07', '2019-03-20 00:18:07'),
(264, 26, 139, 13, '1', NULL, '2019-03-20 00:18:07', '2019-03-20 00:18:07'),
(265, 2, 140, 6, '2', NULL, '2019-03-20 00:20:34', '2019-03-20 00:20:34'),
(266, 26, 140, 15, '7', NULL, '2019-03-20 00:20:34', '2019-03-20 00:20:34'),
(267, 26, 140, 13, '0.5', NULL, '2019-03-20 00:20:34', '2019-03-20 00:20:34'),
(268, 8, 141, 2, '1.5', NULL, '2019-03-20 00:21:10', '2019-03-20 00:21:10'),
(269, 14, 141, 2, '2', NULL, '2019-03-20 00:21:10', '2019-03-20 00:21:10'),
(270, 26, 141, 13, '5.5', NULL, '2019-03-20 00:21:10', '2019-03-20 00:21:10'),
(271, 26, 142, 19, '7', NULL, '2019-03-20 00:23:46', '2019-03-20 00:23:46'),
(272, 26, 142, 17, '2', NULL, '2019-03-20 00:23:46', '2019-03-20 00:23:46'),
(273, 8, 143, 2, '9.5', NULL, '2019-03-20 00:34:29', '2019-03-20 00:34:29'),
(274, 26, 144, 12, '10', NULL, '2019-03-20 00:36:00', '2019-03-20 00:36:00'),
(275, 26, 145, 12, '10', NULL, '2019-03-20 00:36:02', '2019-03-20 00:36:02'),
(276, 6, 146, 13, '6.5', NULL, '2019-03-20 00:42:31', '2019-03-20 00:42:31'),
(277, 6, 146, 14, '1.5', NULL, '2019-03-20 00:42:31', '2019-03-20 00:42:31'),
(278, 12, 146, 5, '1', NULL, '2019-03-20 00:42:31', '2019-03-20 00:42:31'),
(279, 26, 147, 4, '4.5', NULL, '2019-03-20 00:48:25', '2019-03-20 00:49:36'),
(280, 26, 147, 19, '4', NULL, '2019-03-20 00:48:25', '2019-03-20 00:48:25'),
(281, 26, 147, 13, '1', NULL, '2019-03-20 00:48:25', '2019-03-20 00:48:25'),
(282, 26, 148, 19, '10.30', NULL, '2019-03-20 00:59:24', '2019-03-20 00:59:24'),
(283, 26, 149, 19, '10', NULL, '2019-03-20 01:00:32', '2019-03-20 01:00:32'),
(284, 26, 150, 13, '4.5', NULL, '2019-03-20 01:00:37', '2019-03-20 01:00:37'),
(285, 26, 151, 3, '9.5', NULL, '2019-03-20 01:05:54', '2019-03-20 01:05:54'),
(286, 2, 152, 4, '7.5', NULL, '2019-03-20 01:07:48', '2019-03-20 01:07:48'),
(287, 2, 152, 18, '1', NULL, '2019-03-20 01:07:48', '2019-03-20 01:07:48'),
(288, 26, 152, 4, NULL, NULL, '2019-03-20 01:07:48', '2019-03-23 00:20:39'),
(289, 22, 153, 4, '9', NULL, '2019-03-20 01:09:09', '2019-03-20 01:09:09'),
(290, 20, 154, 4, '7.5', NULL, '2019-03-20 01:13:02', '2019-03-20 01:13:02'),
(291, 21, 154, 18, '1', NULL, '2019-03-20 01:13:02', '2019-03-20 01:13:02'),
(292, 23, 154, 18, '1', NULL, '2019-03-20 01:13:02', '2019-03-20 01:13:02'),
(293, 1, 155, 13, '1', NULL, '2019-03-20 01:30:43', '2019-03-20 01:30:43'),
(294, 2, 155, 16, '1', NULL, '2019-03-20 01:30:43', '2019-03-20 01:30:43'),
(295, 2, 155, 4, '7', NULL, '2019-03-20 01:30:43', '2019-03-20 01:30:43'),
(296, 5, 155, 18, '0.5', NULL, '2019-03-20 01:30:43', '2019-03-20 01:30:43'),
(297, 2, 156, 4, '0.5', NULL, '2019-03-20 18:01:48', '2019-03-20 18:01:48'),
(298, 26, 156, 19, '0', NULL, '2019-03-20 18:01:48', '2019-03-20 18:01:48'),
(299, 11, 156, 13, '.5', NULL, '2019-03-20 18:01:48', '2019-03-20 18:01:48'),
(300, 26, 157, 13, '4', NULL, '2019-03-20 18:32:52', '2019-03-20 18:32:52'),
(301, 26, 158, 3, '4', NULL, '2019-03-20 19:29:06', '2019-03-20 19:29:06'),
(302, 26, 158, 13, '.30', NULL, '2019-03-20 19:29:06', '2019-03-20 19:29:06'),
(303, 26, 159, 4, '5.31', NULL, '2019-03-20 19:55:24', '2019-03-20 19:55:53'),
(304, 26, 160, 13, '6.5', NULL, '2019-03-20 21:48:43', '2019-03-20 21:48:43'),
(305, 7, 161, 4, '7', NULL, '2019-03-20 23:16:09', '2019-03-20 23:16:09'),
(306, 7, 161, 18, '.5', NULL, '2019-03-20 23:16:09', '2019-03-20 23:16:09'),
(307, 26, 161, 14, '1', NULL, '2019-03-20 23:16:09', '2019-03-20 23:16:09'),
(308, 5, 162, 4, '8.5', NULL, '2019-03-20 23:26:28', '2019-03-20 23:26:28'),
(309, 21, 163, 4, '2', NULL, '2019-03-20 23:33:15', '2019-03-20 23:33:15'),
(310, 26, 163, 4, '6', NULL, '2019-03-20 23:33:15', '2019-03-20 23:33:15'),
(311, 2, 164, 4, '9.5', NULL, '2019-03-21 00:04:17', '2019-03-21 00:05:31'),
(312, 7, 165, 4, '2.5', NULL, '2019-03-21 00:04:46', '2019-03-21 00:04:46'),
(313, 1, 165, 18, '1', NULL, '2019-03-21 00:04:46', '2019-03-21 00:04:46'),
(314, 1, 165, 13, '3', NULL, '2019-03-21 00:04:46', '2019-03-21 00:04:46'),
(315, 1, 165, 5, '2.5', NULL, '2019-03-21 00:04:46', '2019-03-21 00:04:46'),
(316, 26, 166, 13, '5', NULL, '2019-03-21 00:05:13', '2019-03-21 00:05:13'),
(317, 26, 167, 4, '4', NULL, '2019-03-21 00:06:27', '2019-03-21 00:06:27'),
(318, 26, 167, 13, '5', NULL, '2019-03-21 00:06:27', '2019-03-21 00:06:27'),
(319, 26, 168, 19, '4', NULL, '2019-03-21 00:07:24', '2019-03-21 00:07:24'),
(320, 26, 168, 17, '5', NULL, '2019-03-21 00:07:24', '2019-03-21 00:07:24'),
(321, 1, 169, 6, '1.5', NULL, '2019-03-21 00:07:32', '2019-03-21 00:07:32'),
(322, 2, 169, 6, '4.5', NULL, '2019-03-21 00:07:32', '2019-03-22 14:53:19'),
(323, 26, 169, 18, '3', NULL, '2019-03-21 00:07:32', '2019-03-22 14:53:19'),
(324, 26, 170, 13, '9', NULL, '2019-03-21 00:16:22', '2019-03-21 00:16:22'),
(325, 26, 171, 1, '1', NULL, '2019-03-21 00:16:39', '2019-03-21 00:16:39'),
(326, 26, 171, 12, '9', NULL, '2019-03-21 00:16:39', '2019-03-21 00:16:39'),
(327, 6, 172, 4, '4.5', NULL, '2019-03-21 00:33:25', '2019-03-21 00:33:25'),
(328, 11, 172, 4, '4.5', NULL, '2019-03-21 00:33:25', '2019-03-21 00:33:25'),
(329, 26, 173, 2, '9.5', NULL, '2019-03-21 00:51:00', '2019-03-21 00:51:00'),
(330, 2, 174, 4, '6', NULL, '2019-03-21 00:56:53', '2019-03-21 00:56:53'),
(331, 23, 174, 4, '3.5', NULL, '2019-03-21 00:56:53', '2019-03-21 00:56:53'),
(332, 26, 175, 13, '10', NULL, '2019-03-21 00:57:36', '2019-03-21 00:57:36'),
(333, 1, 176, 4, '5', NULL, '2019-03-21 01:01:36', '2019-03-21 01:01:36'),
(334, 1, 176, 5, '1', NULL, '2019-03-21 01:01:36', '2019-03-21 01:01:36'),
(335, 2, 176, 4, '3', NULL, '2019-03-21 01:01:36', '2019-03-21 01:01:36'),
(336, 5, 176, 18, '0.5', NULL, '2019-03-21 01:01:36', '2019-03-21 01:01:36'),
(337, 26, 177, 3, '9.5', NULL, '2019-03-21 01:03:31', '2019-03-21 01:03:31'),
(338, 1, 178, 4, '9', NULL, '2019-03-21 01:24:55', '2019-03-21 01:24:55'),
(339, 7, 179, 4, '4', NULL, '2019-03-22 23:55:27', '2019-03-22 23:55:27'),
(340, 7, 179, 16, '.5', NULL, '2019-03-22 23:55:27', '2019-03-22 23:55:27'),
(341, 9, 179, 4, '4', NULL, '2019-03-22 23:55:27', '2019-03-22 23:55:27'),
(342, 9, 179, 7, '.5', NULL, '2019-03-22 23:55:27', '2019-03-22 23:55:27'),
(343, 5, 180, 4, '9', NULL, '2019-03-22 23:57:52', '2019-03-22 23:57:52'),
(344, 8, 181, 4, '8', NULL, '2019-03-23 00:00:51', '2019-03-23 00:00:51'),
(345, 8, 181, 13, '1', NULL, '2019-03-23 00:00:51', '2019-03-23 00:00:51'),
(346, 1, 182, 7, '1.5', NULL, '2019-03-23 00:03:34', '2019-03-23 00:03:34'),
(347, 1, 182, 18, '1', NULL, '2019-03-23 00:03:34', '2019-03-23 00:03:34'),
(348, 1, 182, 5, '6', NULL, '2019-03-23 00:03:34', '2019-03-23 00:03:34'),
(349, 1, 182, 13, '.5', NULL, '2019-03-23 00:03:34', '2019-03-23 00:03:34'),
(350, 26, 183, 4, '8', NULL, '2019-03-23 00:05:11', '2019-03-23 00:05:29'),
(351, 26, 184, 4, '4.5', NULL, '2019-03-23 00:06:36', '2019-03-23 00:06:36'),
(352, 26, 184, 17, '1.5', NULL, '2019-03-23 00:06:36', '2019-03-23 00:07:19'),
(353, 26, 184, 19, '2', NULL, '2019-03-23 00:06:36', '2019-03-23 00:06:36'),
(354, 26, 184, 13, '1', NULL, '2019-03-23 00:06:36', '2019-03-23 00:06:36'),
(355, 9, 185, 4, '7.5', NULL, '2019-03-23 00:11:08', '2019-03-23 00:11:08'),
(356, 26, 186, 19, '4', NULL, '2019-03-23 00:17:38', '2019-03-23 00:17:38'),
(357, 26, 186, 17, '5', NULL, '2019-03-23 00:17:38', '2019-03-23 00:17:38'),
(358, 11, 187, 4, '6', NULL, '2019-03-23 00:19:46', '2019-03-23 00:19:46'),
(359, 17, 187, 4, '1', NULL, '2019-03-23 00:19:46', '2019-03-23 00:19:46'),
(360, 26, 187, 13, '2', NULL, '2019-03-23 00:19:46', '2019-03-23 00:19:46'),
(361, 23, 128, 4, '9.5', NULL, '2019-03-23 00:20:02', '2019-03-23 00:20:02'),
(362, 23, 152, 2, '1', NULL, '2019-03-23 00:20:39', '2019-03-23 00:20:39'),
(363, 26, 188, 12, '10', NULL, '2019-03-23 00:20:42', '2019-03-23 00:20:42'),
(364, 26, 189, 17, '3', NULL, '2019-03-23 00:26:37', '2019-03-23 00:26:37'),
(365, 26, 189, 4, '6', NULL, '2019-03-23 00:26:37', '2019-03-23 00:26:37'),
(366, 2, 190, 4, '10', NULL, '2019-03-23 00:30:22', '2019-03-23 00:30:22'),
(367, 10, 191, 6, '7', NULL, '2019-03-23 00:37:37', '2019-03-23 00:37:37'),
(368, 10, 191, 18, '0.5', NULL, '2019-03-23 00:37:37', '2019-03-23 00:37:37'),
(369, 26, 191, 18, '2', NULL, '2019-03-23 00:37:37', '2019-03-23 00:37:37'),
(370, 26, 192, 2, '9.5', NULL, '2019-03-23 00:42:16', '2019-03-23 00:42:16'),
(371, 10, 193, 8, '4.5', NULL, '2019-03-23 00:42:23', '2019-03-23 00:42:23'),
(372, 1, 193, 5, '4.5', NULL, '2019-03-23 00:42:23', '2019-03-23 00:42:23'),
(373, 2, 194, 4, '7', NULL, '2019-03-23 00:46:46', '2019-03-23 00:46:46'),
(374, 26, 194, 14, '1.5', NULL, '2019-03-23 00:46:46', '2019-03-23 00:46:46'),
(375, 27, 194, 1, '0.5', NULL, '2019-03-23 00:46:46', '2019-03-23 00:46:46'),
(376, 26, 195, 13, '4.42', NULL, '2019-03-23 00:50:09', '2019-03-23 00:50:09'),
(377, 26, 196, 3, '7', NULL, '2019-03-23 00:54:53', '2019-03-23 00:54:53'),
(378, 26, 196, 3, '2', NULL, '2019-03-23 00:54:53', '2019-03-23 00:54:53'),
(379, 2, 197, 4, '9.5', NULL, '2019-03-23 00:57:25', '2019-03-23 00:57:25'),
(380, 26, 198, 13, '10.30', NULL, '2019-03-23 00:57:29', '2019-03-23 00:57:29'),
(381, 1, 199, 13, '7', NULL, '2019-03-23 01:15:56', '2019-03-23 01:15:56'),
(382, 1, 199, 18, '1', NULL, '2019-03-23 01:15:56', '2019-03-23 01:15:56'),
(383, 26, 199, 13, '1', NULL, '2019-03-23 01:15:56', '2019-03-23 01:15:56'),
(384, 26, 199, 19, '1.5', NULL, '2019-03-23 01:15:56', '2019-03-23 01:15:56'),
(385, 1, 200, 13, '0.5', NULL, '2019-03-23 01:21:34', '2019-03-23 01:21:34'),
(386, 2, 200, 4, '8.5', NULL, '2019-03-23 01:21:34', '2019-03-23 01:21:34'),
(387, 23, 200, 4, '0.5', NULL, '2019-03-23 01:21:34', '2019-03-23 01:21:34'),
(388, 26, 201, 3, '9.5', NULL, '2019-03-23 01:23:14', '2019-03-23 01:23:14'),
(389, 26, 202, 3, '8', NULL, '2019-03-23 23:24:09', '2019-03-23 23:24:09'),
(390, 26, 202, 13, '1', NULL, '2019-03-23 23:24:09', '2019-03-23 23:24:09'),
(391, 14, 203, 5, '6', NULL, '2019-03-23 23:44:10', '2019-03-23 23:44:10'),
(392, 5, 203, 9, '3', NULL, '2019-03-23 23:44:10', '2019-03-23 23:44:10'),
(393, 26, 204, 4, '9.5', NULL, '2019-03-23 23:51:45', '2019-03-23 23:51:45'),
(394, 1, 205, 5, '4', NULL, '2019-03-23 23:52:16', '2019-03-23 23:52:16'),
(395, 1, 205, 18, '2', NULL, '2019-03-23 23:52:16', '2019-03-23 23:52:16'),
(396, 1, 205, 13, '3', NULL, '2019-03-23 23:52:16', '2019-03-23 23:52:16'),
(397, 9, 206, 4, '8', NULL, '2019-03-23 23:53:34', '2019-03-23 23:53:34'),
(398, 9, 206, 13, '1', NULL, '2019-03-23 23:53:34', '2019-03-23 23:53:34'),
(399, 5, 207, 4, '9', NULL, '2019-03-24 00:02:27', '2019-03-24 00:02:27'),
(400, 26, 208, 13, '9', NULL, '2019-03-24 00:03:20', '2019-03-24 00:03:20'),
(401, 9, 209, 4, '9.30', NULL, '2019-03-24 00:04:31', '2019-03-24 00:04:31'),
(402, 26, 210, 13, '9.5', NULL, '2019-03-24 00:06:10', '2019-03-24 00:06:10'),
(403, 8, 211, 4, '9', NULL, '2019-03-24 00:08:17', '2019-03-24 00:08:17'),
(404, 2, 212, 6, '7.5', NULL, '2019-03-24 00:08:53', '2019-03-24 00:08:53'),
(405, 26, 212, 13, '1.5', NULL, '2019-03-24 00:08:53', '2019-03-24 00:08:53'),
(406, 2, 213, 5, '2', NULL, '2019-03-24 00:09:54', '2019-03-24 00:09:54'),
(407, 10, 213, 8, '7', NULL, '2019-03-24 00:09:54', '2019-03-24 00:09:54'),
(408, 26, 214, 17, '2', NULL, '2019-03-24 00:12:15', '2019-03-24 00:12:15'),
(409, 26, 214, 19, '1', NULL, '2019-03-24 00:12:15', '2019-03-24 00:12:15'),
(410, 26, 214, 4, '4', NULL, '2019-03-24 00:12:15', '2019-03-24 00:12:15'),
(411, 26, 214, 13, '2', NULL, '2019-03-24 00:12:15', '2019-03-24 00:12:15'),
(412, 26, 215, 19, '4', NULL, '2019-03-24 00:12:51', '2019-03-24 00:12:51'),
(413, 26, 215, 17, '5', NULL, '2019-03-24 00:12:51', '2019-03-24 00:12:51'),
(414, 26, 216, 12, '8', NULL, '2019-03-24 00:18:02', '2019-03-24 00:18:02'),
(415, 26, 216, 10, '2', NULL, '2019-03-24 00:18:02', '2019-03-24 00:18:02'),
(416, 17, 217, 4, '9', NULL, '2019-03-24 00:19:22', '2019-03-24 00:19:22'),
(417, 26, 218, 13, '4', NULL, '2019-03-24 00:28:56', '2019-03-24 00:28:56'),
(418, 26, 218, 19, '3', NULL, '2019-03-24 00:28:56', '2019-03-24 00:28:56'),
(419, 8, 219, 4, '9', NULL, '2019-03-24 00:35:58', '2019-03-24 00:35:58'),
(420, 26, 219, 2, '0.5', NULL, '2019-03-24 00:35:58', '2019-03-24 00:35:58'),
(421, 26, 220, 13, '4.5', NULL, '2019-03-24 00:42:54', '2019-03-24 00:42:54'),
(422, 26, 221, 19, '10.05', NULL, '2019-03-24 00:43:57', '2019-03-24 00:43:57'),
(423, 26, 222, 3, '9.5', NULL, '2019-03-24 01:01:27', '2019-03-24 01:01:27'),
(424, 1, 223, 18, '1', NULL, '2019-03-24 01:02:07', '2019-03-24 01:02:07'),
(425, 2, 223, 4, '5', NULL, '2019-03-24 01:02:07', '2019-03-24 01:02:07'),
(426, 23, 223, 4, '1', NULL, '2019-03-24 01:02:07', '2019-03-24 01:02:07'),
(427, 2, 224, 4, '9.5', NULL, '2019-03-24 01:02:59', '2019-03-24 01:03:15'),
(428, 2, 225, 4, '10.5', NULL, '2019-03-24 01:05:21', '2019-03-24 01:05:21'),
(429, 26, 226, 19, '5.30', NULL, '2019-03-24 23:09:40', '2019-03-24 23:09:40'),
(430, 26, 227, 17, '2', NULL, '2019-03-24 23:10:31', '2019-03-24 23:10:31'),
(431, 26, 227, 4, '4.5', NULL, '2019-03-24 23:10:31', '2019-03-24 23:10:31'),
(432, 26, 228, 13, '5.5', NULL, '2019-03-24 23:16:42', '2019-03-24 23:16:42'),
(433, 9, 230, 4, '8.5', NULL, '2019-03-25 23:53:49', '2019-03-25 23:53:49'),
(434, 26, 230, 16, '.5', NULL, '2019-03-25 23:53:49', '2019-03-25 23:53:49'),
(435, 5, 231, 4, '9', NULL, '2019-03-25 23:55:34', '2019-03-25 23:55:34'),
(436, 1, 232, 5, '7', NULL, '2019-03-26 00:00:45', '2019-03-26 00:00:45'),
(437, 1, 232, 18, '2', NULL, '2019-03-26 00:00:45', '2019-03-26 00:00:45'),
(438, 26, 233, 13, '9.5', NULL, '2019-03-26 00:02:17', '2019-03-26 00:02:17'),
(439, 2, 234, 4, '9.5', NULL, '2019-03-26 00:06:43', '2019-03-26 00:06:43'),
(440, 26, 235, 19, '9', NULL, '2019-03-26 00:07:25', '2019-03-26 00:07:25'),
(441, 26, 236, 13, '9', NULL, '2019-03-26 00:09:20', '2019-03-26 00:09:20'),
(442, 26, 237, 3, '8', NULL, '2019-03-26 00:09:23', '2019-03-26 00:09:23'),
(443, 26, 237, 13, '1', NULL, '2019-03-26 00:09:23', '2019-03-26 00:09:23'),
(444, 26, 238, 4, '9.5', NULL, '2019-03-26 00:11:38', '2019-03-26 00:11:38'),
(445, 9, 239, 4, '9.41', NULL, '2019-03-26 00:14:30', '2019-03-26 00:14:30'),
(446, 26, 240, 19, '9.30', NULL, '2019-03-26 00:15:10', '2019-03-26 00:15:10'),
(447, 1, 241, 4, '3.5', NULL, '2019-03-26 00:17:06', '2019-03-26 00:17:06'),
(448, 1, 241, 18, '1', NULL, '2019-03-26 00:17:06', '2019-03-26 00:17:06'),
(449, 8, 241, 4, '4.5', NULL, '2019-03-26 00:17:06', '2019-03-26 00:17:06'),
(450, 26, 242, 19, '5', NULL, '2019-03-26 00:17:10', '2019-03-26 00:17:10'),
(451, 26, 242, 13, '4', NULL, '2019-03-26 00:17:10', '2019-03-26 00:17:10'),
(452, 26, 243, 4, '4', NULL, '2019-03-26 00:18:10', '2019-03-26 00:18:10'),
(453, 26, 243, 17, '1', NULL, '2019-03-26 00:18:10', '2019-03-26 00:18:10'),
(454, 26, 243, 19, '3.5', NULL, '2019-03-26 00:18:10', '2019-03-26 00:18:10'),
(455, 8, 244, 4, '9', NULL, '2019-03-26 00:18:20', '2019-03-26 00:18:20'),
(456, 26, 245, 13, '1', NULL, '2019-03-26 00:20:32', '2019-03-26 00:20:32'),
(457, 5, 245, 17, '2', NULL, '2019-03-26 00:20:32', '2019-03-26 00:20:32'),
(458, 5, 245, 4, '6', NULL, '2019-03-26 00:20:32', '2019-03-26 00:20:32'),
(459, 26, 246, 19, '5', NULL, '2019-03-26 00:24:47', '2019-03-26 00:24:47'),
(460, 26, 246, 13, '4', NULL, '2019-03-26 00:24:47', '2019-03-26 00:24:47'),
(461, 11, 247, 4, '2', NULL, '2019-03-26 00:31:03', '2019-03-26 00:31:03'),
(462, 17, 247, 4, '7', NULL, '2019-03-26 00:31:03', '2019-03-26 00:31:03'),
(463, 10, 248, 4, '9', NULL, '2019-03-26 00:33:00', '2019-03-26 00:33:00'),
(464, 8, 249, 2, '9.5', NULL, '2019-03-26 00:33:50', '2019-03-26 00:33:50'),
(465, 26, 250, 12, '7', NULL, '2019-03-26 00:43:15', '2019-03-26 00:43:15'),
(466, 26, 250, 7, '3', NULL, '2019-03-26 00:43:15', '2019-03-26 00:43:15'),
(467, 21, 251, 4, '8', NULL, '2019-03-26 00:58:58', '2019-03-26 00:58:58'),
(468, 11, 251, 18, '1', NULL, '2019-03-26 00:58:58', '2019-03-26 00:58:58'),
(469, 26, 252, 3, '9.5', NULL, '2019-03-26 01:01:49', '2019-03-26 01:01:49'),
(470, 2, 253, 4, '9.5', NULL, '2019-03-26 01:02:20', '2019-03-26 01:02:20'),
(471, 26, 254, 13, '4', NULL, '2019-03-26 01:02:23', '2019-03-26 01:02:23'),
(472, 1, 255, 5, '9', NULL, '2019-03-26 23:59:29', '2019-03-26 23:59:29'),
(473, 7, 256, 4, '2', NULL, '2019-03-27 00:00:48', '2019-03-27 00:00:48'),
(474, 5, 257, 4, '9', NULL, '2019-03-27 00:01:07', '2019-03-27 00:01:07'),
(475, 26, 258, 13, '9.5', NULL, '2019-03-27 00:01:30', '2019-03-27 00:01:30'),
(476, 26, 259, 19, '9', NULL, '2019-03-27 00:16:43', '2019-03-27 00:16:43'),
(477, 26, 260, 19, '9', NULL, '2019-03-27 00:17:17', '2019-03-27 00:17:17'),
(478, 26, 261, 19, '6', NULL, '2019-03-27 00:20:02', '2019-03-27 00:20:02'),
(479, 26, 261, 13, '4', NULL, '2019-03-27 00:20:02', '2019-03-27 00:20:45'),
(480, 22, 262, 17, '5', NULL, '2019-03-27 00:20:54', '2019-03-27 00:20:54'),
(481, 26, 262, 17, '2', NULL, '2019-03-27 00:20:54', '2019-03-27 00:20:54'),
(482, 1, 262, 2, '2', NULL, '2019-03-27 00:20:54', '2019-03-27 00:20:54'),
(483, 8, 263, 4, '9', NULL, '2019-03-27 00:22:08', '2019-03-27 00:22:08'),
(484, 26, 264, 13, '9', NULL, '2019-03-27 00:22:36', '2019-03-27 00:22:36'),
(485, 26, 265, 17, '2.5', NULL, '2019-03-27 00:23:46', '2019-03-27 00:24:20'),
(486, 26, 265, 4, '4', NULL, '2019-03-27 00:23:46', '2019-03-27 00:23:46'),
(487, 26, 265, 19, '3', NULL, '2019-03-27 00:23:46', '2019-03-27 00:23:46'),
(488, 2, 266, 4, '7.5', NULL, '2019-03-27 00:23:53', '2019-03-27 00:23:53'),
(489, 15, 266, 13, '2', NULL, '2019-03-27 00:23:53', '2019-03-27 00:23:53'),
(490, 8, 267, 2, '9.5', NULL, '2019-03-27 00:26:26', '2019-03-27 00:26:26'),
(491, 9, 268, 4, '9.56', NULL, '2019-03-27 00:29:05', '2019-03-27 00:29:05'),
(492, 11, 269, 2, '1.5', NULL, '2019-03-27 00:30:01', '2019-03-27 00:30:01'),
(493, 17, 269, 4, '6', NULL, '2019-03-27 00:30:01', '2019-03-29 00:22:35'),
(494, 26, 269, 5, '1.5', NULL, '2019-03-27 00:30:01', '2019-03-27 00:30:01'),
(495, 26, 270, 19, '6', NULL, '2019-03-27 00:30:56', '2019-03-27 00:30:56'),
(496, 26, 270, 17, '2', NULL, '2019-03-27 00:30:56', '2019-03-27 00:30:56'),
(497, 26, 270, 13, '1', NULL, '2019-03-27 00:30:56', '2019-03-27 00:30:56'),
(498, 5, 271, 4, '9', NULL, '2019-03-27 00:33:30', '2019-03-27 00:33:30'),
(499, 26, 272, 12, '10', NULL, '2019-03-27 00:35:50', '2019-03-27 00:35:50'),
(500, 26, 273, 4, '4.7', NULL, '2019-03-27 00:43:24', '2019-03-27 00:43:24'),
(501, 11, 273, 4, '4.8', NULL, '2019-03-27 00:43:24', '2019-03-27 00:43:24'),
(502, 1, 274, 4, '8', NULL, '2019-03-27 00:47:29', '2019-03-27 00:47:29'),
(503, 8, 274, 18, '1.5', NULL, '2019-03-27 00:47:29', '2019-03-27 00:47:29'),
(504, 2, 275, 4, '8.5', NULL, '2019-03-27 00:51:57', '2019-03-27 00:51:57'),
(505, 26, 275, 13, '0.5', NULL, '2019-03-27 00:51:57', '2019-03-27 00:51:57'),
(506, 27, 275, 1, '0.5', NULL, '2019-03-27 00:51:57', '2019-03-27 00:51:57'),
(507, 9, 276, 18, '0.5', NULL, '2019-03-27 00:53:54', '2019-03-27 00:53:54'),
(508, 21, 276, 4, '7', NULL, '2019-03-27 00:53:54', '2019-03-27 00:53:54'),
(509, 26, 276, 18, '2', NULL, '2019-03-27 00:53:54', '2019-03-27 00:53:54'),
(510, 2, 277, 4, '9.5', NULL, '2019-03-27 00:59:20', '2019-03-27 00:59:20'),
(511, 26, 278, 3, '9.5', NULL, '2019-03-27 01:07:46', '2019-03-27 01:07:46'),
(512, 2, 279, 4, '7.5', NULL, '2019-03-27 01:10:10', '2019-03-27 01:10:10'),
(513, 2, 279, 18, '1', NULL, '2019-03-27 01:10:10', '2019-03-27 01:10:10'),
(514, 5, 279, 18, '0.5', NULL, '2019-03-27 01:10:10', '2019-03-27 01:10:10'),
(515, 23, 279, 4, '0.5', NULL, '2019-03-27 01:10:10', '2019-03-27 01:10:10'),
(516, 8, 280, 2, '4.5', NULL, '2019-03-27 19:33:44', '2019-03-27 19:33:44'),
(517, 17, 281, 4, '4.5', NULL, '2019-03-27 19:36:12', '2019-03-27 19:36:12'),
(518, 8, 282, 2, '5', NULL, '2019-03-27 20:19:16', '2019-03-27 20:19:16'),
(519, 26, 283, 4, '4.5', NULL, '2019-03-27 23:40:49', '2019-03-27 23:40:49'),
(520, 11, 283, 4, '5', NULL, '2019-03-27 23:40:49', '2019-03-27 23:40:49'),
(521, 18, 284, 2, '.5', NULL, '2019-03-27 23:40:57', '2019-03-27 23:40:57'),
(522, 1, 284, 5, '8.5', NULL, '2019-03-27 23:40:57', '2019-03-27 23:40:57'),
(523, 8, 285, 4, '9', NULL, '2019-03-27 23:51:39', '2019-03-27 23:51:39'),
(524, 5, 286, 4, '8', NULL, '2019-03-28 00:03:05', '2019-03-28 00:03:05'),
(525, 5, 286, 16, '1', NULL, '2019-03-28 00:03:05', '2019-03-28 00:03:05'),
(526, 9, 287, 4, '9.28', NULL, '2019-03-28 00:03:43', '2019-03-28 00:04:10'),
(527, 26, 288, 3, '6', NULL, '2019-03-28 00:05:24', '2019-03-28 00:05:24'),
(528, 26, 288, 13, '3', NULL, '2019-03-28 00:05:24', '2019-03-28 00:05:24'),
(529, 26, 289, 13, '9', NULL, '2019-03-28 00:06:34', '2019-03-28 00:06:34'),
(530, 26, 290, 13, '9.5', NULL, '2019-03-28 00:10:10', '2019-03-28 00:10:10'),
(531, 26, 291, 19, '5', NULL, '2019-03-28 00:21:10', '2019-03-28 00:21:10'),
(532, 26, 291, 13, '5', NULL, '2019-03-28 00:21:10', '2019-03-28 00:21:10'),
(533, 26, 292, 19, '9.40', NULL, '2019-03-28 00:21:13', '2019-03-28 00:21:13'),
(534, 26, 293, 17, '2.5', NULL, '2019-03-28 00:21:18', '2019-03-28 00:21:18'),
(535, 26, 293, 19, '2', NULL, '2019-03-28 00:21:18', '2019-03-28 00:21:18'),
(536, 26, 293, 4, '5', NULL, '2019-03-28 00:21:18', '2019-03-28 00:21:18'),
(537, 26, 294, 12, '2', NULL, '2019-03-28 00:26:11', '2019-03-28 00:26:11'),
(538, 26, 294, 11, '4', NULL, '2019-03-28 00:26:11', '2019-03-28 00:26:11'),
(539, 26, 294, 10, '4', NULL, '2019-03-28 00:26:11', '2019-03-28 00:26:11'),
(540, 22, 295, 17, '9', NULL, '2019-03-28 00:27:46', '2019-03-28 00:27:46'),
(541, 2, 296, 4, '9.5', NULL, '2019-03-28 00:29:36', '2019-03-28 00:29:36'),
(542, 2, 297, 4, '8.5', NULL, '2019-03-28 00:29:38', '2019-03-28 00:29:38'),
(543, 27, 297, 1, '0.5', NULL, '2019-03-28 00:29:38', '2019-03-28 00:29:38'),
(544, 5, 298, 4, '0.5', NULL, '2019-03-28 00:37:48', '2019-03-28 00:37:48'),
(545, 9, 298, 18, '1', NULL, '2019-03-28 00:37:48', '2019-03-28 00:37:48'),
(546, 21, 298, 4, '5.5', NULL, '2019-03-28 00:37:48', '2019-03-28 00:37:48'),
(547, 26, 298, 19, '1', NULL, '2019-03-28 00:37:48', '2019-03-28 00:37:48'),
(548, 11, 298, 13, '1', NULL, '2019-03-28 00:37:48', '2019-03-28 00:37:48'),
(549, 26, 299, 19, '6', NULL, '2019-03-28 00:47:56', '2019-03-28 00:47:56'),
(550, 26, 299, 13, '1', NULL, '2019-03-28 00:47:56', '2019-03-28 00:47:56'),
(551, 26, 299, 17, '2', NULL, '2019-03-28 00:47:56', '2019-03-28 00:47:56'),
(552, 2, 300, 4, '9.5', NULL, '2019-03-28 01:06:19', '2019-03-28 01:06:19'),
(553, 1, 301, 18, '0.5', NULL, '2019-03-28 01:09:55', '2019-03-28 01:09:55'),
(554, 2, 301, 4, '8.5', NULL, '2019-03-28 01:09:55', '2019-03-28 01:09:55'),
(555, 2, 301, 18, '0.5', NULL, '2019-03-28 01:09:55', '2019-03-28 01:09:55'),
(556, 26, 302, 3, '9.5', NULL, '2019-03-28 01:12:34', '2019-03-28 01:12:34'),
(557, 26, 303, 13, '4', NULL, '2019-03-28 01:22:33', '2019-03-28 01:22:33');
INSERT INTO `work_time_details` (`work_time_detail_id`, `project_id`, `work_time_id`, `work_type_id`, `work_time_detail_hrs`, `work_time_detail_description`, `created_at`, `updated_at`) VALUES
(558, 26, 304, 4, '6', NULL, '2019-03-28 23:06:58', '2019-03-28 23:06:58'),
(559, 11, 304, 4, '2.5', NULL, '2019-03-28 23:06:58', '2019-03-28 23:06:58'),
(560, 1, 305, 5, '6', NULL, '2019-03-28 23:33:54', '2019-03-28 23:33:54'),
(561, 1, 305, 18, '2', NULL, '2019-03-28 23:33:54', '2019-03-28 23:33:54'),
(562, 1, 305, 13, '1', NULL, '2019-03-28 23:33:54', '2019-03-28 23:33:54'),
(563, 26, 306, 19, '6.30', NULL, '2019-03-28 23:53:24', '2019-03-28 23:53:24'),
(564, 26, 306, 13, '3', NULL, '2019-03-28 23:53:24', '2019-03-28 23:53:24'),
(565, 26, 307, 13, '9', NULL, '2019-03-28 23:57:42', '2019-03-28 23:57:42'),
(566, 9, 308, 4, '6.00', NULL, '2019-03-29 00:01:08', '2019-03-29 00:01:08'),
(567, 23, 308, 4, '3.22', NULL, '2019-03-29 00:01:08', '2019-03-29 00:01:08'),
(568, 8, 309, 4, '9', NULL, '2019-03-29 00:01:20', '2019-03-29 00:01:20'),
(569, 26, 310, 13, '9.5', NULL, '2019-03-29 00:01:54', '2019-03-29 00:01:54'),
(570, 26, 311, 17, '4', NULL, '2019-03-29 00:02:08', '2019-03-29 00:02:08'),
(571, 26, 311, 4, '5', NULL, '2019-03-29 00:02:08', '2019-03-29 00:02:08'),
(572, 9, 312, 4, '3', NULL, '2019-03-29 00:03:10', '2019-03-29 00:03:10'),
(573, 12, 312, 1, '2', NULL, '2019-03-29 00:03:10', '2019-03-29 00:03:10'),
(574, 12, 312, 12, '4', NULL, '2019-03-29 00:03:10', '2019-03-29 00:03:38'),
(575, 12, 256, 16, '1', NULL, '2019-03-29 00:04:49', '2019-03-29 00:04:49'),
(576, 12, 256, 1, '2', NULL, '2019-03-29 00:04:49', '2019-03-29 00:04:49'),
(578, 2, 313, 4, '9.5', NULL, '2019-03-29 00:07:23', '2019-03-29 00:07:23'),
(579, 2, 314, 4, '9.5', NULL, '2019-03-29 00:07:24', '2019-03-29 00:07:24'),
(580, 9, 256, 20, '4', NULL, '2019-03-29 00:08:03', '2019-03-29 00:08:03'),
(581, 5, 315, 4, '9', NULL, '2019-03-29 00:12:13', '2019-03-29 00:12:13'),
(582, 26, 316, 3, '9', NULL, '2019-03-29 00:15:04', '2019-03-29 00:15:04'),
(583, 11, 317, 2, '2', NULL, '2019-03-29 00:22:08', '2019-03-29 00:22:08'),
(584, 17, 317, 17, '3.5', NULL, '2019-03-29 00:22:08', '2019-03-29 00:22:08'),
(585, 17, 317, 4, '3.5', NULL, '2019-03-29 00:22:08', '2019-03-29 00:22:08'),
(586, 2, 318, 6, '3.5', NULL, '2019-03-29 00:22:19', '2019-03-29 00:22:19'),
(587, 6, 318, 13, '1', NULL, '2019-03-29 00:22:19', '2019-03-29 00:22:19'),
(588, 26, 318, 13, '3', NULL, '2019-03-29 00:22:19', '2019-03-29 00:22:19'),
(589, 22, 319, 17, '9', NULL, '2019-03-29 00:26:47', '2019-03-29 00:26:47'),
(590, 8, 320, 2, '2.5', NULL, '2019-03-29 00:28:51', '2019-03-29 00:28:51'),
(591, 26, 320, 13, '3', NULL, '2019-03-29 00:28:51', '2019-03-29 00:28:51'),
(592, 5, 320, 4, '3.5', NULL, '2019-03-29 00:28:51', '2019-03-29 00:28:51'),
(593, 26, 321, 13, '8.5', NULL, '2019-03-29 00:32:12', '2019-03-29 00:32:12'),
(594, 26, 322, 19, '8', NULL, '2019-03-29 00:32:32', '2019-03-29 00:33:54'),
(595, 8, 323, 2, '9', NULL, '2019-03-29 00:37:38', '2019-03-29 00:37:38'),
(596, 26, 323, 14, '0.5', NULL, '2019-03-29 00:37:38', '2019-03-29 00:37:38'),
(597, 26, 324, 19, '10', NULL, '2019-03-29 00:39:42', '2019-03-29 00:39:42'),
(598, 26, 325, 19, '6', NULL, '2019-03-29 00:41:06', '2019-03-29 00:41:06'),
(599, 26, 325, 17, '2', NULL, '2019-03-29 00:41:06', '2019-03-29 00:41:06'),
(600, 26, 325, 13, '1', NULL, '2019-03-29 00:41:06', '2019-03-29 00:41:06'),
(601, 26, 326, 1, '3', NULL, '2019-03-29 00:47:56', '2019-03-29 00:47:56'),
(602, 26, 326, 16, '1', NULL, '2019-03-29 00:47:56', '2019-03-29 00:47:56'),
(603, 26, 326, 12, '4', NULL, '2019-03-29 00:47:56', '2019-03-29 00:47:56'),
(604, 26, 326, 7, '2', NULL, '2019-03-29 00:47:56', '2019-03-29 00:47:56'),
(605, 2, 327, 4, '9.5', NULL, '2019-03-29 00:59:18', '2019-03-29 00:59:18'),
(606, 2, 328, 4, '8.5', NULL, '2019-03-29 01:00:15', '2019-03-29 01:00:15'),
(607, 2, 328, 18, '1', NULL, '2019-03-29 01:00:15', '2019-03-29 01:00:15'),
(608, 26, 329, 3, '9.5', NULL, '2019-03-29 01:03:00', '2019-03-29 01:03:00'),
(609, 26, 330, 4, '7.0', NULL, '2019-03-29 23:31:23', '2019-03-29 23:31:23'),
(610, 26, 330, 17, '2.5', NULL, '2019-03-29 23:31:23', '2019-03-29 23:31:23'),
(611, 5, 331, 4, '9', NULL, '2019-03-30 00:02:02', '2019-03-30 00:02:02'),
(612, 26, 332, 3, '6', NULL, '2019-03-30 00:02:34', '2019-03-30 00:03:04'),
(613, 18, 333, 18, '.5', NULL, '2019-03-30 00:02:34', '2019-03-30 00:02:34'),
(614, 1, 333, 5, '8.5', NULL, '2019-03-30 00:02:34', '2019-03-30 00:02:34'),
(615, 26, 332, 13, '3', NULL, '2019-03-30 00:03:04', '2019-03-30 00:03:04'),
(616, 26, 334, 19, '9', NULL, '2019-03-30 00:05:37', '2019-03-30 00:05:37'),
(617, 26, 335, 19, '9', NULL, '2019-03-30 00:05:39', '2019-03-30 00:05:39'),
(618, 26, 336, 13, '9.5', NULL, '2019-03-30 00:09:06', '2019-03-30 00:09:06'),
(619, 7, 337, 18, '.5', NULL, '2019-03-30 00:10:00', '2019-03-30 00:10:00'),
(620, 9, 337, 4, '3.5', NULL, '2019-03-30 00:10:00', '2019-03-30 00:10:00'),
(621, 18, 337, 18, '.5', NULL, '2019-03-30 00:10:00', '2019-03-30 00:10:00'),
(622, 26, 337, 16, '.20', NULL, '2019-03-30 00:10:00', '2019-03-30 23:21:35'),
(623, 12, 337, 16, '.5', NULL, '2019-03-30 00:10:00', '2019-03-30 00:10:00'),
(624, 12, 337, 12, '4', NULL, '2019-03-30 00:10:00', '2019-03-30 00:10:00'),
(625, 26, 338, 19, '6', NULL, '2019-03-30 00:14:52', '2019-03-30 00:14:52'),
(626, 26, 338, 13, '3', NULL, '2019-03-30 00:14:52', '2019-03-30 00:14:52'),
(627, 8, 339, 2, '1', NULL, '2019-03-30 00:19:31', '2019-03-30 00:19:31'),
(628, 14, 339, 4, '6.5', NULL, '2019-03-30 00:19:31', '2019-03-30 00:19:31'),
(629, 24, 339, 13, '1', NULL, '2019-03-30 00:19:31', '2019-03-30 00:19:31'),
(630, 26, 339, 13, '.5', NULL, '2019-03-30 00:19:31', '2019-03-30 00:19:31'),
(631, 26, 340, 13, '9', NULL, '2019-03-30 00:25:42', '2019-03-30 00:25:42'),
(632, 26, 341, 5, '4', NULL, '2019-03-30 00:25:57', '2019-03-30 00:25:57'),
(633, 26, 341, 12, '4', NULL, '2019-03-30 00:25:57', '2019-03-30 00:25:57'),
(634, 26, 341, 13, '2', NULL, '2019-03-30 00:25:57', '2019-03-30 00:25:57'),
(635, 8, 342, 4, '9', NULL, '2019-03-30 00:28:33', '2019-03-30 00:28:33'),
(636, 9, 343, 4, '6.30', NULL, '2019-03-30 00:33:15', '2019-03-30 00:33:15'),
(637, 23, 343, 4, '3.30', NULL, '2019-03-30 00:33:15', '2019-03-30 00:33:15'),
(638, 22, 344, 17, '9', NULL, '2019-03-30 00:34:32', '2019-03-30 00:34:32'),
(639, 17, 345, 4, '4.5', NULL, '2019-03-30 00:37:36', '2019-03-30 00:37:36'),
(640, 17, 345, 17, '4.5', NULL, '2019-03-30 00:37:36', '2019-03-30 00:37:36'),
(641, 8, 346, 2, '8.5', NULL, '2019-03-30 00:38:50', '2019-03-30 00:38:50'),
(642, 26, 346, 13, '1', NULL, '2019-03-30 00:38:50', '2019-03-30 00:38:50'),
(643, 1, 347, 5, '4.5', NULL, '2019-03-30 00:39:03', '2019-03-30 00:39:03'),
(644, 8, 347, 4, '3', NULL, '2019-03-30 00:39:03', '2019-03-30 00:39:03'),
(645, 26, 347, 18, '1.5', NULL, '2019-03-30 00:39:03', '2019-03-30 15:35:16'),
(646, 2, 348, 6, '6', NULL, '2019-03-30 00:40:22', '2019-03-30 00:40:22'),
(647, 26, 348, 18, '3', NULL, '2019-03-30 00:40:22', '2019-03-30 00:40:22'),
(648, 26, 348, 13, '1', NULL, '2019-03-30 00:40:22', '2019-03-30 00:40:22'),
(649, 2, 349, 4, '10', NULL, '2019-03-30 00:48:42', '2019-03-30 00:48:42'),
(650, 26, 350, 19, '6', NULL, '2019-03-30 00:56:25', '2019-03-30 00:56:25'),
(651, 26, 350, 17, '1', NULL, '2019-03-30 00:56:25', '2019-03-30 00:56:25'),
(652, 26, 350, 13, '2', NULL, '2019-03-30 00:56:25', '2019-03-30 00:56:25'),
(653, 2, 351, 4, '9.5', NULL, '2019-03-30 01:00:05', '2019-03-30 01:00:05'),
(654, 10, 352, 4, '6', NULL, '2019-03-30 01:02:00', '2019-03-30 01:02:00'),
(655, 26, 352, 4, '2.5', NULL, '2019-03-30 01:02:00', '2019-03-30 01:02:00'),
(656, 23, 352, 13, '0.5', NULL, '2019-03-30 01:02:00', '2019-03-30 01:02:00'),
(657, 26, 353, 13, '9', NULL, '2019-03-30 01:04:56', '2019-03-30 01:04:56'),
(658, 26, 354, 17, '3', NULL, '2019-03-30 01:05:28', '2019-03-30 01:05:28'),
(659, 26, 354, 19, '2', NULL, '2019-03-30 01:05:28', '2019-03-30 01:05:28'),
(660, 26, 354, 4, '4.5', NULL, '2019-03-30 01:05:28', '2019-03-30 01:05:28'),
(661, 26, 355, 3, '9.5', NULL, '2019-03-30 01:19:27', '2019-03-30 01:19:27'),
(662, 2, 356, 4, '9.5', NULL, '2019-03-30 01:32:05', '2019-03-30 01:32:05'),
(663, 2, 356, 18, '0.5', NULL, '2019-03-30 01:32:05', '2019-03-30 01:32:05'),
(664, 26, 357, 13, '8', NULL, '2019-03-30 23:04:31', '2019-03-30 23:04:31'),
(665, 9, 358, 4, '4', NULL, '2019-03-30 23:20:17', '2019-03-30 23:20:17'),
(666, 9, 358, 16, '.5', NULL, '2019-03-30 23:20:17', '2019-03-30 23:20:17'),
(667, 9, 358, 13, '.5', NULL, '2019-03-30 23:20:17', '2019-03-30 23:20:17'),
(668, 12, 358, 12, '4', NULL, '2019-03-30 23:20:17', '2019-03-30 23:20:17'),
(669, 5, 359, 4, '9', NULL, '2019-03-30 23:51:54', '2019-03-30 23:51:54'),
(670, 18, 360, 4, '3', NULL, '2019-03-31 00:02:41', '2019-03-31 00:02:41'),
(671, 1, 360, 5, '6', NULL, '2019-03-31 00:02:41', '2019-03-31 00:02:41'),
(672, 9, 361, 4, '9.29', NULL, '2019-03-31 00:06:56', '2019-03-31 00:09:30'),
(673, 8, 362, 4, '8', NULL, '2019-03-31 00:10:33', '2019-03-31 00:10:33'),
(674, 8, 362, 18, '1', NULL, '2019-03-31 00:10:33', '2019-03-31 00:10:33'),
(675, 26, 363, 13, '9.5', NULL, '2019-03-31 00:14:56', '2019-03-31 00:14:56'),
(676, 26, 364, 19, '6', NULL, '2019-03-31 00:16:41', '2019-03-31 00:16:41'),
(677, 26, 364, 13, '2', NULL, '2019-03-31 00:16:41', '2019-03-31 00:16:41'),
(678, 26, 364, 17, '2', NULL, '2019-03-31 00:16:41', '2019-03-31 00:16:41'),
(679, 22, 365, 17, '9', NULL, '2019-03-31 00:21:47', '2019-03-31 00:21:47'),
(680, 8, 366, 2, '4', NULL, '2019-03-31 00:26:16', '2019-03-31 00:26:16'),
(681, 14, 366, 4, '4', NULL, '2019-03-31 00:26:16', '2019-03-31 00:26:16'),
(682, 26, 366, 13, '1', NULL, '2019-03-31 00:26:16', '2019-03-31 00:26:16'),
(683, 8, 367, 4, '9', NULL, '2019-03-31 00:37:07', '2019-03-31 00:37:07'),
(684, 2, 368, 4, '9', NULL, '2019-03-31 00:38:55', '2019-03-31 00:38:55'),
(685, 2, 369, 6, '7.25', NULL, '2019-03-31 00:42:06', '2019-03-31 00:42:06'),
(686, 6, 369, 13, '1.75', NULL, '2019-03-31 00:42:06', '2019-03-31 00:42:06'),
(687, 26, 369, 13, '1', NULL, '2019-03-31 00:42:06', '2019-03-31 00:42:06'),
(688, 17, 370, 4, '9', NULL, '2019-03-31 00:46:27', '2019-03-31 00:46:27'),
(689, 8, 371, 2, '9.5', NULL, '2019-03-31 00:46:40', '2019-03-31 00:46:40'),
(690, 26, 372, 3, '8', NULL, '2019-03-31 00:49:37', '2019-03-31 00:49:37'),
(691, 26, 372, 13, '2.5', NULL, '2019-03-31 00:49:37', '2019-03-31 00:49:37'),
(692, 26, 373, 19, '9', NULL, '2019-03-31 00:50:02', '2019-03-31 00:50:02'),
(693, 2, 374, 4, '10', NULL, '2019-03-31 00:51:56', '2019-03-31 00:51:56'),
(694, 26, 375, 13, '8', NULL, '2019-03-31 00:56:59', '2019-03-31 00:56:59'),
(695, 26, 376, 3, '9.5', NULL, '2019-03-31 00:58:51', '2019-03-31 00:58:51'),
(696, 26, 377, 5, '1', NULL, '2019-03-31 01:03:20', '2019-03-31 01:03:20'),
(697, 26, 377, 19, '1.5', NULL, '2019-03-31 01:03:20', '2019-03-31 01:03:20'),
(698, 26, 377, 4, '6', NULL, '2019-03-31 01:03:20', '2019-03-31 01:03:20'),
(699, 26, 377, 17, '2', NULL, '2019-03-31 01:03:20', '2019-03-31 01:03:20'),
(700, 26, 378, 19, '10.30', NULL, '2019-03-31 01:03:20', '2019-03-31 01:03:20'),
(701, 2, 379, 4, '9.5', NULL, '2019-03-31 01:05:01', '2019-03-31 01:05:01'),
(702, 2, 380, 4, '5', NULL, '2019-03-31 01:05:09', '2019-03-31 01:05:09'),
(703, 2, 380, 2, '3', NULL, '2019-03-31 01:05:09', '2019-03-31 01:05:09'),
(704, 2, 380, 18, '1.5', NULL, '2019-03-31 01:05:09', '2019-03-31 01:05:09'),
(705, 26, 381, 19, '6', NULL, '2019-03-31 01:08:02', '2019-03-31 01:08:02'),
(706, 26, 381, 13, '2', NULL, '2019-03-31 01:08:02', '2019-03-31 01:08:02'),
(707, 26, 381, 17, '1', NULL, '2019-03-31 01:08:02', '2019-03-31 01:08:02'),
(708, 26, 382, 3, '3', NULL, '2019-03-31 20:37:45', '2019-03-31 20:37:45'),
(709, 26, 382, 13, '3', NULL, '2019-03-31 20:37:45', '2019-03-31 20:37:45'),
(710, 26, 383, 17, '5', NULL, '2019-03-31 23:11:34', '2019-03-31 23:11:34'),
(711, 5, 384, 4, '7', NULL, '2019-04-01 22:04:42', '2019-04-01 22:04:42'),
(712, 26, 385, 19, '3', NULL, '2019-04-01 23:02:06', '2019-04-01 23:02:06'),
(713, 26, 385, 13, '3', NULL, '2019-04-01 23:02:06', '2019-04-01 23:02:06'),
(714, 26, 385, 17, '2.30', NULL, '2019-04-01 23:02:06', '2019-04-01 23:02:06'),
(715, 18, 386, 7, '1', NULL, '2019-04-01 23:39:26', '2019-04-01 23:39:26'),
(716, 18, 386, 18, '0.5', NULL, '2019-04-01 23:39:26', '2019-04-01 23:39:26'),
(717, 1, 386, 5, '4.5', NULL, '2019-04-01 23:39:26', '2019-04-01 23:39:26'),
(718, 1, 386, 12, '3', NULL, '2019-04-01 23:39:26', '2019-04-01 23:39:26'),
(719, 26, 387, 4, '4', NULL, '2019-04-01 23:46:15', '2019-04-01 23:46:15'),
(720, 26, 387, 4, '5.5', NULL, '2019-04-01 23:46:15', '2019-04-01 23:46:15'),
(721, 8, 388, 4, '9', NULL, '2019-04-02 00:02:06', '2019-04-02 00:02:06'),
(722, 26, 389, 13, '9', NULL, '2019-04-02 00:02:45', '2019-04-02 00:02:45'),
(723, 26, 390, 13, '9.5', NULL, '2019-04-02 00:04:40', '2019-04-02 00:04:40'),
(724, 9, 391, 4, '3', NULL, '2019-04-02 00:10:53', '2019-04-02 00:10:53'),
(725, 18, 391, 16, '1', NULL, '2019-04-02 00:10:53', '2019-04-02 00:10:53'),
(726, 18, 391, 18, '1', NULL, '2019-04-02 00:10:53', '2019-04-02 00:10:53'),
(727, 12, 391, 12, '4', NULL, '2019-04-02 00:10:53', '2019-04-02 00:10:53'),
(728, 26, 392, 3, '6', NULL, '2019-04-02 00:10:56', '2019-04-02 00:10:56'),
(729, 26, 392, 13, '3', NULL, '2019-04-02 00:10:56', '2019-04-02 00:10:56'),
(730, 22, 393, 17, '9', NULL, '2019-04-02 00:25:00', '2019-04-02 00:25:00'),
(731, 2, 394, 4, '9.5', NULL, '2019-04-02 00:27:46', '2019-04-02 00:27:46'),
(732, 26, 395, 4, '9.53', NULL, '2019-04-02 00:28:11', '2019-04-02 00:28:11'),
(733, 8, 396, 4, '9.5', NULL, '2019-04-02 00:29:36', '2019-04-02 00:29:36'),
(734, 2, 397, 6, '6.5', NULL, '2019-04-02 00:30:33', '2019-04-02 00:30:33'),
(735, 2, 397, 18, '2', NULL, '2019-04-02 00:30:33', '2019-04-02 00:30:33'),
(736, 26, 397, 13, '1', NULL, '2019-04-02 00:30:33', '2019-04-02 00:30:33'),
(737, 26, 398, 4, '6', NULL, '2019-04-02 00:30:41', '2019-04-02 00:30:41'),
(738, 26, 398, 17, '2', NULL, '2019-04-02 00:30:41', '2019-04-02 00:30:41'),
(739, 26, 398, 19, '2', NULL, '2019-04-02 00:30:41', '2019-04-02 00:30:41'),
(740, 26, 399, 19, '9.51', NULL, '2019-04-02 00:31:06', '2019-04-02 00:31:06'),
(741, 8, 400, 2, '6.5', NULL, '2019-04-02 00:31:49', '2019-04-02 00:31:49'),
(742, 26, 400, 13, '2', NULL, '2019-04-02 00:31:49', '2019-04-02 00:31:49'),
(743, 26, 401, 19, '6', NULL, '2019-04-02 00:32:14', '2019-04-02 00:32:14'),
(744, 26, 401, 17, '2', NULL, '2019-04-02 00:32:14', '2019-04-02 00:32:14'),
(745, 26, 401, 13, '1', NULL, '2019-04-02 00:32:14', '2019-04-02 00:32:14'),
(746, 8, 402, 2, '3.5', NULL, '2019-04-02 00:32:37', '2019-04-02 16:42:01'),
(747, 2, 403, 4, '9', NULL, '2019-04-02 00:32:44', '2019-04-02 00:32:44'),
(748, 26, 404, 19, '9', NULL, '2019-04-02 00:35:24', '2019-04-02 00:35:24'),
(749, 26, 405, 4, '8', NULL, '2019-04-02 00:38:26', '2019-04-02 00:38:26'),
(750, 26, 405, 19, '1', NULL, '2019-04-02 00:38:26', '2019-04-02 00:38:26'),
(751, 2, 406, 4, '9.5', NULL, '2019-04-02 00:40:05', '2019-04-02 00:40:05'),
(752, 26, 407, 13, '5', NULL, '2019-04-02 00:57:49', '2019-04-02 00:57:49'),
(753, 26, 408, 3, '9.5', NULL, '2019-04-02 01:04:57', '2019-04-02 01:04:57'),
(754, 17, 409, 4, '9', NULL, '2019-04-02 01:04:59', '2019-04-02 01:04:59'),
(755, 2, 410, 4, '6', NULL, '2019-04-02 01:05:56', '2019-04-02 01:05:56'),
(756, 2, 410, 2, '2.5', NULL, '2019-04-02 01:05:56', '2019-04-02 01:05:56'),
(757, 2, 410, 18, '1', NULL, '2019-04-02 01:05:56', '2019-04-02 01:05:56'),
(758, 8, 402, 4, '3.5', NULL, '2019-04-02 16:42:01', '2019-04-02 16:42:01'),
(759, 24, 402, 13, '.75', NULL, '2019-04-02 16:42:01', '2019-04-02 16:42:01'),
(760, 26, 402, 13, '1.25', NULL, '2019-04-02 16:42:01', '2019-04-02 16:42:01'),
(761, 8, 411, 4, '4.5', NULL, '2019-04-02 19:27:50', '2019-04-02 19:27:50'),
(762, 2, 412, 4, '7', NULL, '2019-04-02 23:32:09', '2019-04-02 23:32:09'),
(763, 2, 412, 18, '1.5', NULL, '2019-04-02 23:32:10', '2019-04-02 23:32:10'),
(764, 18, 413, 18, '1.5', NULL, '2019-04-02 23:32:37', '2019-04-02 23:32:37'),
(765, 18, 413, 4, '2.5', NULL, '2019-04-02 23:32:37', '2019-04-02 23:32:37'),
(766, 18, 413, 13, '2', NULL, '2019-04-02 23:32:37', '2019-04-02 23:32:37'),
(767, 1, 413, 5, '3', NULL, '2019-04-02 23:32:37', '2019-04-02 23:32:37'),
(768, 7, 414, 13, '0', NULL, '2019-04-02 23:49:44', '2019-04-04 00:00:55'),
(769, 9, 414, 2, '.5', NULL, '2019-04-02 23:49:44', '2019-04-02 23:49:44'),
(770, 9, 414, 7, '.5', NULL, '2019-04-02 23:49:44', '2019-04-02 23:49:44'),
(771, 12, 414, 12, '3', NULL, '2019-04-02 23:49:44', '2019-04-02 23:49:44'),
(772, 12, 414, 17, '2', NULL, '2019-04-02 23:49:44', '2019-04-02 23:49:44'),
(773, 12, 414, 13, '1', NULL, '2019-04-02 23:49:44', '2019-04-02 23:49:44'),
(774, 8, 415, 2, '1.5', NULL, '2019-04-02 23:58:44', '2019-04-02 23:58:44'),
(775, 14, 415, 5, '1', NULL, '2019-04-02 23:58:44', '2019-04-02 23:58:44'),
(776, 26, 415, 13, '.5', NULL, '2019-04-02 23:58:44', '2019-04-02 23:58:44'),
(777, 27, 415, 4, '6', NULL, '2019-04-02 23:58:44', '2019-04-02 23:58:44'),
(778, 26, 416, 13, '9.5', NULL, '2019-04-03 00:00:37', '2019-04-03 00:00:37'),
(779, 5, 417, 4, '9', NULL, '2019-04-03 00:00:41', '2019-04-03 00:00:41'),
(780, 2, 418, 4, '9.5', NULL, '2019-04-03 00:02:41', '2019-04-03 00:02:41'),
(781, 26, 419, 19, '9', NULL, '2019-04-03 00:07:36', '2019-04-03 00:07:36'),
(782, 8, 420, 6, '9.5', NULL, '2019-04-03 00:07:38', '2019-04-03 00:07:38'),
(783, 8, 421, 4, '7', NULL, '2019-04-03 00:09:38', '2019-04-03 00:09:38'),
(784, 8, 421, 13, '2', NULL, '2019-04-03 00:09:38', '2019-04-03 00:09:38'),
(785, 26, 422, 19, '4', NULL, '2019-04-03 00:14:44', '2019-04-03 00:14:44'),
(786, 26, 422, 17, '4', NULL, '2019-04-03 00:14:44', '2019-04-03 00:14:44'),
(787, 26, 423, 4, '1', NULL, '2019-04-03 00:15:53', '2019-04-03 00:15:53'),
(788, 9, 423, 4, '8.5', NULL, '2019-04-03 00:15:53', '2019-04-03 00:15:53'),
(789, 26, 424, 13, '9', NULL, '2019-04-03 00:21:23', '2019-04-03 00:21:23'),
(790, 26, 425, 19, '6', NULL, '2019-04-03 00:26:12', '2019-04-03 00:26:12'),
(791, 26, 425, 17, '2', NULL, '2019-04-03 00:26:12', '2019-04-03 00:26:12'),
(792, 26, 425, 13, '1', NULL, '2019-04-03 00:26:12', '2019-04-03 00:26:12'),
(793, 26, 426, 4, '5', NULL, '2019-04-03 00:26:20', '2019-04-03 00:26:20'),
(794, 26, 426, 18, '2', NULL, '2019-04-03 00:26:20', '2019-04-03 00:26:20'),
(795, 26, 426, 19, '3', NULL, '2019-04-03 00:26:20', '2019-04-03 00:26:20'),
(796, 2, 427, 6, '7.5', NULL, '2019-04-03 00:26:43', '2019-04-03 00:26:43'),
(797, 26, 427, 13, '2', NULL, '2019-04-03 00:26:43', '2019-04-03 00:26:43'),
(798, 26, 428, 4, '9.52', NULL, '2019-04-03 00:27:58', '2019-04-03 00:27:58'),
(799, 26, 429, 19, '9.8', NULL, '2019-04-03 00:28:23', '2019-04-03 00:34:21'),
(800, 1, 430, 13, '0.5', NULL, '2019-04-03 00:29:17', '2019-04-03 00:29:17'),
(801, 8, 430, 4, '8', NULL, '2019-04-03 00:29:17', '2019-04-03 00:29:17'),
(802, 8, 430, 20, '0.5', NULL, '2019-04-03 00:29:17', '2019-04-03 00:29:17'),
(803, 8, 430, 18, '0.5', NULL, '2019-04-03 00:29:17', '2019-04-03 00:29:17'),
(804, 6, 431, 2, '1', NULL, '2019-04-03 00:30:40', '2019-04-03 00:30:40'),
(805, 17, 431, 4, '8', NULL, '2019-04-03 00:30:40', '2019-04-03 00:30:40'),
(806, 2, 432, 4, '9.5', NULL, '2019-04-03 00:33:14', '2019-04-03 00:33:14'),
(807, 22, 433, 17, '9', NULL, '2019-04-03 00:33:43', '2019-04-03 00:33:43'),
(808, 9, 434, 16, NULL, NULL, '2019-04-03 00:34:49', '2019-04-03 00:34:49'),
(809, 26, 434, 13, '3', NULL, '2019-04-03 00:34:49', '2019-04-03 00:34:49'),
(810, 28, 434, 16, '6', NULL, '2019-04-03 00:34:49', '2019-04-03 00:34:49'),
(811, 2, 435, 4, '9', NULL, '2019-04-03 00:41:41', '2019-04-03 00:41:41'),
(812, 26, 436, 3, '9.5', NULL, '2019-04-03 00:43:50', '2019-04-03 00:43:50'),
(813, 26, 437, 3, '8', NULL, '2019-04-03 00:53:37', '2019-04-03 00:53:37'),
(814, 26, 437, 13, '3', NULL, '2019-04-03 00:53:37', '2019-04-03 00:53:37'),
(815, 26, 438, 13, '4.5', NULL, '2019-04-03 01:07:14', '2019-04-03 01:07:14'),
(816, 26, 439, 19, '6', NULL, '2019-04-03 20:26:33', '2019-04-03 20:26:33'),
(817, 18, 440, 4, '8', NULL, '2019-04-03 23:36:37', '2019-04-03 23:36:37'),
(818, 18, 440, 18, '1', NULL, '2019-04-03 23:36:37', '2019-04-03 23:36:37'),
(819, 5, 441, 4, '9', NULL, '2019-04-03 23:50:23', '2019-04-03 23:50:23'),
(820, 9, 442, 2, '1', NULL, '2019-04-03 23:59:47', '2019-04-03 23:59:47'),
(821, 9, 442, 4, '3', NULL, '2019-04-03 23:59:47', '2019-04-03 23:59:47'),
(822, 18, 442, 18, '2', NULL, '2019-04-03 23:59:47', '2019-04-03 23:59:47'),
(823, 12, 442, 18, '2', NULL, '2019-04-03 23:59:47', '2019-04-03 23:59:47'),
(824, 12, 442, 12, '1', NULL, '2019-04-03 23:59:47', '2019-04-03 23:59:47'),
(825, 18, 414, 16, '2', NULL, '2019-04-04 00:00:55', '2019-04-04 00:00:55'),
(826, 17, 443, 4, '9', NULL, '2019-04-04 00:01:47', '2019-04-04 00:01:47'),
(827, 8, 444, 4, '9', NULL, '2019-04-04 00:03:18', '2019-04-04 00:03:18'),
(828, 8, 445, 6, '9.26', NULL, '2019-04-04 00:05:19', '2019-04-04 00:05:19'),
(829, 26, 446, 17, '1.5', NULL, '2019-04-04 00:05:20', '2019-04-04 00:05:20'),
(830, 9, 446, 4, '8', NULL, '2019-04-04 00:05:20', '2019-04-04 00:05:20'),
(831, 26, 447, 17, '1.5', NULL, '2019-04-04 00:05:21', '2019-04-04 00:05:21'),
(832, 9, 447, 4, '8', NULL, '2019-04-04 00:05:21', '2019-04-04 00:05:21'),
(833, 26, 448, 13, '9', NULL, '2019-04-04 00:10:34', '2019-04-04 00:10:34'),
(834, 26, 449, 19, '4', NULL, '2019-04-04 00:10:55', '2019-04-04 00:10:55'),
(835, 26, 449, 17, '6', NULL, '2019-04-04 00:10:55', '2019-04-04 00:10:55'),
(836, 26, 450, 13, '9.5', NULL, '2019-04-04 00:11:35', '2019-04-04 00:11:35'),
(837, 26, 451, 3, '7', NULL, '2019-04-04 00:12:16', '2019-04-04 00:12:16'),
(838, 26, 451, 13, '2', NULL, '2019-04-04 00:12:16', '2019-04-04 00:12:16'),
(839, 26, 452, 4, '4', NULL, '2019-04-04 00:18:43', '2019-04-04 00:18:43'),
(840, 26, 452, 19, '3.5', NULL, '2019-04-04 00:18:43', '2019-04-04 00:18:43'),
(841, 26, 452, 17, '2', NULL, '2019-04-04 00:18:43', '2019-04-04 00:18:43'),
(842, 19, 453, 4, '9.42', NULL, '2019-04-04 00:20:40', '2019-04-04 00:20:40'),
(843, 26, 454, 19, '6', NULL, '2019-04-04 00:21:37', '2019-04-04 00:21:37'),
(844, 26, 454, 17, '1', NULL, '2019-04-04 00:21:37', '2019-04-04 00:21:37'),
(845, 26, 454, 13, '2', NULL, '2019-04-04 00:21:37', '2019-04-04 00:21:37'),
(846, 2, 455, 20, '2', NULL, '2019-04-04 00:24:21', '2019-04-04 00:24:21'),
(847, 22, 455, 17, '7', NULL, '2019-04-04 00:24:21', '2019-04-04 00:24:21'),
(848, 27, 456, 4, '9', NULL, '2019-04-04 00:24:36', '2019-04-04 00:24:36'),
(849, 2, 457, 4, '7', NULL, '2019-04-04 00:29:11', '2019-04-04 00:29:11'),
(850, 2, 457, 7, '1', NULL, '2019-04-04 00:29:11', '2019-04-04 00:29:11'),
(851, 26, 457, 13, '0.5', NULL, '2019-04-04 00:29:11', '2019-04-04 00:29:11'),
(852, 27, 457, 18, '0.5', NULL, '2019-04-04 00:29:11', '2019-04-04 00:29:11'),
(853, 1, 458, 18, '0.5', NULL, '2019-04-04 00:29:55', '2019-04-04 00:29:55'),
(854, 8, 458, 4, '8.5', NULL, '2019-04-04 00:29:55', '2019-04-04 00:29:55'),
(855, 26, 458, 13, '0.5', NULL, '2019-04-04 00:29:55', '2019-04-04 00:29:55'),
(856, 2, 459, 4, '8.5', NULL, '2019-04-04 00:34:29', '2019-04-04 00:34:29'),
(857, 2, 459, 7, '0', NULL, '2019-04-04 00:34:29', '2019-04-04 00:34:29'),
(858, 2, 460, 18, '6.75', NULL, '2019-04-04 00:34:48', '2019-04-04 00:34:48'),
(859, 2, 460, 18, '1.5', NULL, '2019-04-04 00:34:48', '2019-04-04 00:34:48'),
(860, 26, 460, 13, '1.25', NULL, '2019-04-04 00:34:48', '2019-04-04 00:34:48'),
(861, 8, 461, 4, '6.5', NULL, '2019-04-04 00:35:09', '2019-04-04 00:35:09'),
(862, 26, 461, 5, '3', NULL, '2019-04-04 00:35:09', '2019-04-04 00:35:09'),
(863, 26, 462, 13, '2', NULL, '2019-04-04 00:36:03', '2019-04-04 00:36:03'),
(864, 28, 462, 4, '7', NULL, '2019-04-04 00:36:03', '2019-04-04 00:36:03'),
(865, 26, 463, 13, '4.5', NULL, '2019-04-04 00:39:31', '2019-04-04 00:39:31'),
(866, 26, 464, 3, '9.5', NULL, '2019-04-04 01:00:41', '2019-04-04 01:00:41'),
(867, 1, 465, 16, '0.5', NULL, '2019-04-04 01:35:57', '2019-04-04 01:35:57'),
(868, 2, 465, 16, '1', NULL, '2019-04-04 01:35:57', '2019-04-04 01:35:57'),
(869, 2, 465, 4, '8.5', NULL, '2019-04-04 01:35:57', '2019-04-04 01:35:57'),
(870, 17, 466, 4, '4.5', NULL, '2019-04-04 19:46:21', '2019-04-04 19:46:21'),
(871, 8, 467, 4, '3', NULL, '2019-04-04 23:34:05', '2019-04-04 23:34:05'),
(872, 8, 467, 2, '3', NULL, '2019-04-04 23:34:05', '2019-04-04 23:34:05'),
(873, 26, 467, 13, '1', NULL, '2019-04-04 23:34:05', '2019-04-04 23:34:05'),
(874, 27, 467, 4, '2', NULL, '2019-04-04 23:34:05', '2019-04-04 23:34:05'),
(875, 5, 468, 4, '9', NULL, '2019-04-04 23:35:59', '2019-04-04 23:35:59'),
(876, 18, 469, 18, '2', NULL, '2019-04-05 00:01:23', '2019-04-05 00:01:23'),
(877, 26, 469, 17, '5', NULL, '2019-04-05 00:01:23', '2019-04-05 00:01:23'),
(878, 26, 469, 16, '.5', NULL, '2019-04-05 00:01:23', '2019-04-05 00:01:23'),
(879, 12, 469, 12, '1.5', NULL, '2019-04-05 00:01:23', '2019-04-05 00:01:23'),
(880, 26, 470, 13, '9.5', NULL, '2019-04-05 00:01:35', '2019-04-05 00:01:35'),
(881, 18, 471, 4, '7', NULL, '2019-04-05 00:03:43', '2019-04-05 00:03:43'),
(882, 18, 471, 18, '1', NULL, '2019-04-05 00:03:43', '2019-04-05 00:03:43'),
(883, 1, 471, 1, '1', NULL, '2019-04-05 00:03:43', '2019-04-05 00:03:43'),
(884, 8, 472, 6, '9.28', NULL, '2019-04-05 00:06:26', '2019-04-05 00:06:26'),
(885, 26, 473, 4, '5.5', NULL, '2019-04-05 00:08:29', '2019-04-05 00:08:29'),
(886, 26, 473, 4, '1', NULL, '2019-04-05 00:08:29', '2019-04-05 00:08:29'),
(887, 26, 473, 17, '.5', NULL, '2019-04-05 00:08:29', '2019-04-05 00:08:29'),
(888, 9, 473, 4, '2.5', NULL, '2019-04-05 00:08:29', '2019-04-05 00:08:29'),
(889, 26, 474, 13, '9', NULL, '2019-04-05 00:08:32', '2019-04-05 00:08:32'),
(890, 26, 475, 3, '5', NULL, '2019-04-05 00:16:26', '2019-04-05 00:16:26'),
(891, 26, 475, 13, '4', NULL, '2019-04-05 00:16:26', '2019-04-05 00:16:26'),
(892, 26, 476, 4, '5.5', NULL, '2019-04-05 00:17:33', '2019-04-05 00:17:33'),
(893, 26, 476, 19, '2', NULL, '2019-04-05 00:17:33', '2019-04-05 00:17:33'),
(894, 26, 476, 17, '2', NULL, '2019-04-05 00:17:33', '2019-04-05 00:17:33'),
(895, 26, 477, 19, '6', NULL, '2019-04-05 00:18:57', '2019-04-05 00:18:57'),
(896, 26, 477, 17, '1', NULL, '2019-04-05 00:18:57', '2019-04-05 00:18:57'),
(897, 26, 477, 13, '2', NULL, '2019-04-05 00:18:57', '2019-04-05 00:18:57'),
(898, 26, 478, 19, '4', NULL, '2019-04-05 00:19:02', '2019-04-05 00:19:02'),
(899, 26, 478, 17, '6', NULL, '2019-04-05 00:19:02', '2019-04-05 00:19:02'),
(900, 26, 479, 4, '0.53', NULL, '2019-04-05 00:28:36', '2019-04-05 00:28:36'),
(901, 19, 479, 4, '9.00', NULL, '2019-04-05 00:28:36', '2019-04-05 00:28:36'),
(902, 8, 480, 4, '9', NULL, '2019-04-05 00:30:18', '2019-04-05 00:30:18'),
(903, 1, 481, 1, '0.5', NULL, '2019-04-05 00:30:19', '2019-04-05 00:30:19'),
(904, 8, 481, 1, '1', NULL, '2019-04-05 00:30:19', '2019-04-05 00:30:19'),
(905, 8, 481, 18, '1', NULL, '2019-04-05 00:30:19', '2019-04-05 00:30:19'),
(906, 8, 481, 4, '6', NULL, '2019-04-05 00:30:19', '2019-04-05 00:30:19'),
(907, 26, 481, 13, '1', NULL, '2019-04-05 00:30:19', '2019-04-05 00:30:19'),
(908, 26, 482, 13, '4.5', NULL, '2019-04-05 00:34:04', '2019-04-05 00:34:04'),
(909, 2, 483, 20, '3', NULL, '2019-04-05 00:37:22', '2019-04-05 00:37:22'),
(910, 26, 483, 7, '1', NULL, '2019-04-05 00:37:22', '2019-04-05 00:37:22'),
(911, 1, 483, 18, '1', NULL, '2019-04-05 00:37:22', '2019-04-05 00:37:22'),
(912, 1, 483, 4, '4', NULL, '2019-04-05 00:37:22', '2019-04-05 00:37:22'),
(913, 8, 484, 5, '8.5', NULL, '2019-04-05 00:49:37', '2019-04-05 00:49:37'),
(914, 26, 484, 18, '1', NULL, '2019-04-05 00:49:37', '2019-04-05 00:49:37'),
(915, 2, 485, 5, '2', NULL, '2019-04-05 00:50:57', '2019-04-05 00:50:57'),
(916, 2, 485, 4, '2', NULL, '2019-04-05 00:50:57', '2019-04-05 00:50:57'),
(917, 26, 485, 18, '0.5', NULL, '2019-04-05 00:50:57', '2019-04-05 00:50:57'),
(918, 26, 485, 17, '4', NULL, '2019-04-05 00:50:57', '2019-04-05 00:50:57'),
(919, 27, 485, 1, '0.25', NULL, '2019-04-05 00:50:57', '2019-04-05 00:50:57'),
(920, 27, 485, 5, '0.25', NULL, '2019-04-05 00:50:57', '2019-04-05 00:50:57'),
(921, 2, 486, 6, '4', NULL, '2019-04-05 00:56:44', '2019-04-05 00:56:44'),
(922, 26, 486, 13, '6', NULL, '2019-04-05 00:56:44', '2019-04-05 00:56:44'),
(923, 2, 487, 4, '5', NULL, '2019-04-05 00:56:59', '2019-04-05 00:56:59'),
(924, 26, 487, 13, '1', NULL, '2019-04-05 00:56:59', '2019-04-05 00:56:59'),
(925, 28, 487, 4, '3', NULL, '2019-04-05 00:56:59', '2019-04-05 00:56:59'),
(926, 2, 488, 4, '10', NULL, '2019-04-05 01:07:12', '2019-04-05 01:07:12'),
(927, 26, 489, 3, '9.5', NULL, '2019-04-05 01:08:07', '2019-04-05 01:08:07'),
(928, 2, 490, 4, '8.5', NULL, '2019-04-05 01:15:17', '2019-04-05 01:15:17'),
(929, 2, 490, 16, '1', NULL, '2019-04-05 01:15:17', '2019-04-05 01:15:17'),
(930, 2, 491, 4, '9.5', NULL, '2019-04-05 02:17:39', '2019-04-05 02:17:39'),
(931, 26, 492, 4, '2.5', NULL, '2019-04-05 19:31:13', '2019-04-05 19:31:13'),
(932, 26, 492, 19, '2.5', NULL, '2019-04-05 19:31:14', '2019-04-05 19:31:14'),
(933, 2, 493, 4, '8', NULL, '2019-04-05 22:45:37', '2019-04-05 22:45:37'),
(934, 26, 494, 4, '9.5', NULL, '2019-04-05 23:50:12', '2019-04-05 23:50:12'),
(935, 8, 495, 6, '9.30', NULL, '2019-04-05 23:51:01', '2019-04-06 00:03:24'),
(936, 8, 496, 4, '.5', NULL, '2019-04-05 23:58:40', '2019-04-05 23:58:40'),
(937, 14, 496, 17, '2.5', NULL, '2019-04-05 23:58:40', '2019-04-05 23:58:40'),
(938, 24, 496, 13, '1.5', NULL, '2019-04-05 23:58:40', '2019-04-05 23:58:40'),
(939, 26, 496, 13, '1', NULL, '2019-04-05 23:58:40', '2019-04-05 23:58:40'),
(940, 27, 496, 4, '3', NULL, '2019-04-05 23:58:40', '2019-04-05 23:58:40'),
(941, 5, 497, 4, '9', NULL, '2019-04-06 00:02:04', '2019-04-06 00:02:04'),
(942, 26, 498, 19, '8', NULL, '2019-04-06 00:04:02', '2019-04-06 00:04:02'),
(943, 26, 499, 19, '6', NULL, '2019-04-06 00:08:25', '2019-04-06 00:08:25'),
(944, 26, 499, 17, '3.36', NULL, '2019-04-06 00:08:25', '2019-04-06 00:08:25'),
(945, 26, 500, 13, '9', NULL, '2019-04-06 00:10:12', '2019-04-06 00:10:12'),
(946, 8, 501, 4, '9', NULL, '2019-04-06 00:13:29', '2019-04-06 00:13:29'),
(947, 26, 502, 13, '9.5', NULL, '2019-04-06 00:16:02', '2019-04-06 00:16:02'),
(948, 26, 503, 13, '1', NULL, '2019-04-06 00:18:02', '2019-04-06 00:18:02'),
(949, 26, 503, 17, '2', NULL, '2019-04-06 00:18:02', '2019-04-06 00:18:02'),
(950, 26, 503, 19, '6', NULL, '2019-04-06 00:18:02', '2019-04-06 00:18:02'),
(951, 26, 504, 4, '2', NULL, '2019-04-06 00:27:16', '2019-04-06 00:27:16'),
(952, 26, 504, 19, '8', NULL, '2019-04-06 00:27:16', '2019-04-06 00:27:16'),
(953, 8, 505, 5, '9.5', NULL, '2019-04-06 00:31:52', '2019-04-06 00:31:52'),
(954, 19, 506, 4, '10.3', NULL, '2019-04-06 00:40:44', '2019-04-06 00:40:44'),
(955, 2, 507, 4, '1.5', NULL, '2019-04-06 00:41:30', '2019-04-06 00:41:30'),
(956, 26, 508, 13, '4.5', NULL, '2019-04-06 00:47:30', '2019-04-06 00:47:30'),
(957, 2, 509, 6, '9', NULL, '2019-04-06 00:53:36', '2019-04-06 00:53:36'),
(958, 26, 509, 13, '1.5', NULL, '2019-04-06 00:53:36', '2019-04-06 00:53:36'),
(959, 17, 510, 4, '9', NULL, '2019-04-06 01:03:24', '2019-04-06 01:03:24'),
(960, 1, 511, 2, '4', NULL, '2019-04-06 01:06:15', '2019-04-06 01:06:15'),
(961, 1, 511, 16, '1', NULL, '2019-04-06 01:06:15', '2019-04-06 01:06:15'),
(962, 2, 511, 4, '4', NULL, '2019-04-06 01:06:15', '2019-04-06 01:06:15'),
(963, 5, 511, 16, '0.5', NULL, '2019-04-06 01:06:15', '2019-04-06 01:06:15'),
(964, 8, 512, 4, '9', NULL, '2019-04-06 01:07:05', '2019-04-06 01:07:05'),
(965, 2, 513, 4, '4', NULL, '2019-04-06 01:13:54', '2019-04-06 01:13:54'),
(966, 1, 513, 4, '5', NULL, '2019-04-06 01:13:54', '2019-04-06 01:13:54'),
(967, 2, 514, 4, '9', NULL, '2019-04-06 01:14:22', '2019-04-06 01:14:22'),
(968, 2, 515, 4, '9', NULL, '2019-04-06 01:21:48', '2019-04-06 01:21:48'),
(969, 26, 516, 3, '9.5', NULL, '2019-04-06 01:27:21', '2019-04-06 01:27:21'),
(970, 8, 517, 6, '3.51', NULL, '2019-04-06 19:05:37', '2019-04-06 19:05:37'),
(971, 5, 518, 4, '4', NULL, '2019-04-06 19:36:28', '2019-04-06 19:36:28'),
(972, 26, 519, 19, '7', NULL, '2019-04-06 22:46:21', '2019-04-06 22:46:21'),
(973, 26, 520, 19, '3', NULL, '2019-04-07 00:01:00', '2019-04-07 00:01:00'),
(974, 26, 520, 13, '6.50', NULL, '2019-04-07 00:01:00', '2019-04-07 00:01:00'),
(975, 26, 521, 13, '9', NULL, '2019-04-07 00:04:33', '2019-04-07 00:04:33'),
(976, 26, 522, 19, '7.22', NULL, '2019-04-07 00:05:20', '2019-04-07 00:05:20'),
(977, 26, 523, 19, '6', NULL, '2019-04-07 00:21:55', '2019-04-07 00:21:55'),
(978, 26, 523, 17, '3', NULL, '2019-04-07 00:21:55', '2019-04-07 00:21:55'),
(979, 26, 524, 13, '4.5', NULL, '2019-04-07 00:42:32', '2019-04-07 00:42:32'),
(980, 8, 525, 4, '5', NULL, '2019-04-07 00:50:32', '2019-04-07 00:50:32'),
(981, 26, 525, 13, '3', NULL, '2019-04-07 00:50:32', '2019-04-07 00:50:32'),
(982, 26, 526, 4, '9.3', NULL, '2019-04-07 01:10:13', '2019-04-07 01:10:13'),
(983, 26, 527, 3, '9.5', NULL, '2019-04-07 01:10:40', '2019-04-07 01:10:40'),
(984, 2, 528, 6, '10', NULL, '2019-04-07 01:22:55', '2019-04-07 01:22:55'),
(985, 2, 529, 4, '10', NULL, '2019-04-07 01:45:21', '2019-04-07 01:45:21'),
(986, 2, 530, 4, '10', NULL, '2019-04-07 01:46:17', '2019-04-07 01:46:17'),
(987, 26, 531, 19, '4.38', NULL, '2019-04-07 22:37:04', '2019-04-07 22:37:04'),
(988, 26, 532, 17, '3.40', NULL, '2019-04-07 22:50:33', '2019-04-07 22:50:33'),
(989, 2, 533, 5, '0.5', NULL, '2019-04-08 22:35:14', '2019-04-08 22:35:14'),
(990, 26, 533, 17, '6', NULL, '2019-04-08 22:35:14', '2019-04-08 22:35:14'),
(991, 27, 533, 1, '0.5', NULL, '2019-04-08 22:35:14', '2019-04-08 22:35:14'),
(992, 18, 534, 4, '5', NULL, '2019-04-09 00:02:54', '2019-04-09 00:02:54'),
(993, 18, 534, 18, '1', NULL, '2019-04-09 00:02:54', '2019-04-09 00:02:54'),
(994, 26, 534, 13, '1', NULL, '2019-04-09 00:02:54', '2019-04-09 00:02:54'),
(995, 1, 534, 5, '2', NULL, '2019-04-09 00:02:54', '2019-04-09 00:02:54'),
(996, 5, 535, 4, '9.5', NULL, '2019-04-09 00:04:08', '2019-04-09 00:04:31'),
(997, 26, 536, 19, '9', NULL, '2019-04-09 00:07:25', '2019-04-09 00:07:25'),
(998, 9, 537, 2, '5', NULL, '2019-04-09 00:08:17', '2019-04-09 00:08:17'),
(999, 9, 537, 20, '4', NULL, '2019-04-09 00:08:17', '2019-04-09 00:08:17'),
(1000, 18, 537, 7, '.5', NULL, '2019-04-09 00:08:17', '2019-04-09 00:08:17'),
(1001, 18, 537, 18, '.1', NULL, '2019-04-09 00:08:17', '2019-04-09 00:08:17'),
(1002, 26, 538, 13, '9.5', NULL, '2019-04-09 00:08:43', '2019-04-09 00:08:43'),
(1003, 26, 539, 19, '6', NULL, '2019-04-09 00:08:54', '2019-04-09 00:08:54'),
(1004, 26, 539, 17, '3', NULL, '2019-04-09 00:08:54', '2019-04-09 00:08:54'),
(1005, 26, 539, 7, '.5', NULL, '2019-04-09 00:08:54', '2019-04-09 00:08:54'),
(1006, 8, 540, 4, '9', NULL, '2019-04-09 00:10:00', '2019-04-09 00:10:00'),
(1007, 26, 541, 4, '0.5', NULL, '2019-04-09 00:14:57', '2019-04-09 00:14:57'),
(1008, 26, 541, 4, '8.8', NULL, '2019-04-09 00:14:57', '2019-04-09 00:14:57'),
(1009, 11, 541, 2, '0.5', NULL, '2019-04-09 00:14:57', '2019-04-09 00:14:57'),
(1010, 2, 542, 18, '2', NULL, '2019-04-09 00:16:06', '2019-04-09 00:16:06'),
(1011, 26, 542, 13, '6.5', NULL, '2019-04-09 00:16:06', '2019-04-09 00:16:06'),
(1012, 28, 542, 13, '1.5', NULL, '2019-04-09 00:16:06', '2019-04-09 00:16:06'),
(1013, 14, 543, 5, '1', NULL, '2019-04-09 00:25:51', '2019-04-09 00:25:51'),
(1014, 24, 543, 13, '1.5', NULL, '2019-04-09 00:25:51', '2019-04-09 00:25:51'),
(1015, 26, 543, 13, '1.5', NULL, '2019-04-09 00:25:51', '2019-04-09 00:25:51'),
(1016, 27, 543, 4, '5', NULL, '2019-04-09 00:25:51', '2019-04-09 00:25:51'),
(1017, 2, 544, 4, '9.5', NULL, '2019-04-09 00:29:55', '2019-04-09 00:29:55'),
(1018, 8, 545, 8, '2.5', NULL, '2019-04-09 00:34:38', '2019-04-09 00:34:38'),
(1019, 26, 545, 14, '2', NULL, '2019-04-09 00:34:38', '2019-04-09 00:34:38'),
(1020, 26, 545, 13, '4', NULL, '2019-04-09 00:34:38', '2019-04-09 00:34:38'),
(1021, 8, 546, 4, '9', NULL, '2019-04-09 00:36:30', '2019-04-09 00:36:30'),
(1022, 26, 547, 19, '6', NULL, '2019-04-09 00:36:50', '2019-04-09 00:36:50'),
(1023, 26, 547, 13, '3', NULL, '2019-04-09 00:36:50', '2019-04-09 00:36:50'),
(1024, 26, 548, 13, '4.5', NULL, '2019-04-09 00:40:35', '2019-04-09 00:40:35'),
(1025, 17, 549, 4, '9', NULL, '2019-04-09 00:43:28', '2019-04-09 00:43:28'),
(1026, 23, 550, 4, '9.5', NULL, '2019-04-09 00:43:35', '2019-04-09 00:43:35'),
(1027, 26, 551, 19, '10.03', NULL, '2019-04-09 00:49:41', '2019-04-09 00:49:41'),
(1028, 22, 552, 4, '9', NULL, '2019-04-09 00:50:51', '2019-04-09 00:50:51'),
(1029, 19, 553, 4, '10.8', NULL, '2019-04-09 00:53:13', '2019-04-09 00:53:13'),
(1030, 26, 554, 13, '4', NULL, '2019-04-09 00:53:25', '2019-04-09 00:53:25'),
(1031, 28, 554, 4, '5', NULL, '2019-04-09 00:53:25', '2019-04-09 00:53:25'),
(1032, 1, 555, 17, '3', NULL, '2019-04-09 00:58:43', '2019-04-09 00:58:43'),
(1033, 2, 555, 5, '1.5', NULL, '2019-04-09 00:58:43', '2019-04-09 00:58:43'),
(1034, 5, 555, 4, '3.5', NULL, '2019-04-09 00:58:43', '2019-04-09 00:58:43'),
(1035, 5, 555, 18, '0.5', NULL, '2019-04-09 00:58:43', '2019-04-09 00:58:43'),
(1036, 26, 555, 13, '1', NULL, '2019-04-09 00:58:43', '2019-04-09 00:58:43'),
(1037, 26, 556, 3, '9.5', NULL, '2019-04-09 01:01:56', '2019-04-09 01:01:56'),
(1038, 8, 557, 2, '.5', NULL, '2019-04-09 18:26:24', '2019-04-09 18:26:24'),
(1039, 27, 557, 4, '3', NULL, '2019-04-09 18:26:24', '2019-04-09 18:26:24'),
(1040, 18, 558, 4, '7', NULL, '2019-04-09 23:51:58', '2019-04-09 23:51:58'),
(1041, 18, 558, 2, '2', NULL, '2019-04-09 23:51:58', '2019-04-09 23:51:58'),
(1042, 17, 559, 4, '9', NULL, '2019-04-09 23:52:47', '2019-04-09 23:52:47'),
(1043, 1, 560, 4, '8', NULL, '2019-04-09 23:56:07', '2019-04-09 23:56:07'),
(1044, 1, 560, 16, '1', NULL, '2019-04-09 23:56:07', '2019-04-09 23:56:07'),
(1045, 9, 561, 2, '3', NULL, '2019-04-09 23:57:17', '2019-04-09 23:57:17'),
(1046, 12, 561, 17, '2', NULL, '2019-04-09 23:57:17', '2019-04-09 23:57:17'),
(1047, 29, 561, 4, '4', NULL, '2019-04-09 23:57:17', '2019-04-09 23:57:17'),
(1048, 5, 562, 4, '9', NULL, '2019-04-09 23:59:49', '2019-04-09 23:59:49'),
(1049, 8, 563, 4, '9', NULL, '2019-04-10 00:01:47', '2019-04-10 00:01:47'),
(1050, 26, 564, 19, '7', NULL, '2019-04-10 00:02:01', '2019-04-10 00:02:01'),
(1051, 26, 564, 17, '2.75', NULL, '2019-04-10 00:02:01', '2019-04-10 00:02:01'),
(1052, 26, 565, 13, '9.5', NULL, '2019-04-10 00:03:34', '2019-04-10 00:03:34'),
(1053, 26, 566, 19, '9', NULL, '2019-04-10 00:06:25', '2019-04-10 00:06:25'),
(1054, 26, 567, 4, '9.34', NULL, '2019-04-10 00:10:28', '2019-04-10 00:10:28'),
(1055, 8, 568, 4, '4', NULL, '2019-04-10 00:11:58', '2019-04-10 00:11:58'),
(1056, 2, 569, 4, '9.5', NULL, '2019-04-10 00:18:00', '2019-04-10 00:18:00'),
(1057, 26, 570, 3, '4', NULL, '2019-04-10 00:19:54', '2019-04-10 00:19:54'),
(1058, 26, 570, 13, '4', NULL, '2019-04-10 00:19:54', '2019-04-10 00:19:54'),
(1059, 26, 571, 18, '0.5', NULL, '2019-04-10 00:21:38', '2019-04-10 00:21:38'),
(1060, 26, 571, 19, '4', NULL, '2019-04-10 00:21:38', '2019-04-10 00:21:38'),
(1061, 26, 571, 17, '2', NULL, '2019-04-10 00:21:38', '2019-04-10 00:21:38'),
(1062, 26, 571, 4, '3', NULL, '2019-04-10 00:21:38', '2019-04-10 00:21:38'),
(1063, 24, 557, 13, '1.5', NULL, '2019-04-10 00:23:54', '2019-04-10 00:23:54'),
(1064, 26, 557, 4, '2', NULL, '2019-04-10 00:23:54', '2019-04-10 00:23:54'),
(1065, 5, 557, 2, '2', NULL, '2019-04-10 00:23:54', '2019-04-10 00:23:54'),
(1066, 8, 572, 8, '5', NULL, '2019-04-10 00:32:42', '2019-04-10 00:32:42'),
(1067, 26, 572, 4, '4', NULL, '2019-04-10 00:32:42', '2019-04-10 00:32:42'),
(1068, 26, 572, 13, '0.5', NULL, '2019-04-10 00:32:42', '2019-04-10 00:32:42'),
(1069, 26, 573, 13, '1', NULL, '2019-04-10 00:35:56', '2019-04-10 00:35:56'),
(1070, 28, 573, 4, '8', NULL, '2019-04-10 00:35:56', '2019-04-10 00:35:56'),
(1071, 2, 574, 4, '2', NULL, '2019-04-10 00:37:01', '2019-04-10 00:37:01'),
(1072, 23, 574, 4, '7.5', NULL, '2019-04-10 00:37:01', '2019-04-10 00:37:01'),
(1073, 2, 575, 4, '3.5', NULL, '2019-04-10 00:38:25', '2019-04-10 00:38:25'),
(1074, 2, 575, 5, '3', NULL, '2019-04-10 00:38:25', '2019-04-10 00:38:25'),
(1075, 26, 575, 17, '2', NULL, '2019-04-10 00:38:25', '2019-04-10 00:38:25'),
(1076, 27, 575, 5, '.5', NULL, '2019-04-10 00:38:25', '2019-04-10 00:38:25'),
(1077, 1, 576, 2, '5', NULL, '2019-04-10 00:59:48', '2019-04-10 00:59:48'),
(1078, 2, 576, 4, '4', NULL, '2019-04-10 00:59:48', '2019-04-10 00:59:48'),
(1079, 5, 576, 18, '0.5', NULL, '2019-04-10 00:59:48', '2019-04-10 00:59:48'),
(1080, 26, 577, 3, '9.5', NULL, '2019-04-10 01:10:06', '2019-04-10 01:10:06'),
(1081, 26, 578, 13, '4.5', NULL, '2019-04-10 01:10:12', '2019-04-10 01:10:12'),
(1082, 26, 579, 19, '11 hrs 6', NULL, '2019-04-10 01:47:54', '2019-04-10 01:47:54'),
(1083, 26, 580, 19, '6', NULL, '2019-04-10 01:50:01', '2019-04-10 01:50:01'),
(1084, 26, 580, 17, '1', NULL, '2019-04-10 01:50:01', '2019-04-10 01:50:01'),
(1085, 26, 580, 13, '3', NULL, '2019-04-10 01:50:01', '2019-04-10 01:50:01'),
(1086, 1, 581, 6, '1.5', NULL, '2019-04-10 16:09:41', '2019-04-10 16:09:41'),
(1087, 26, 581, 15, '2', NULL, '2019-04-10 16:09:41', '2019-04-10 16:09:41'),
(1088, 26, 581, 13, '7', NULL, '2019-04-10 16:09:41', '2019-04-10 16:09:41'),
(1089, 8, 582, 4, '1', NULL, '2019-04-10 17:12:28', '2019-04-10 17:12:28'),
(1090, 26, 583, 19, '9', NULL, '2019-04-11 00:01:21', '2019-04-11 00:01:21'),
(1091, 18, 584, 4, '9', NULL, '2019-04-11 00:04:21', '2019-04-11 00:04:21'),
(1092, 2, 585, 4, '.5', NULL, '2019-04-11 00:04:22', '2019-04-11 00:04:22'),
(1093, 15, 585, 18, '6', NULL, '2019-04-11 00:04:22', '2019-04-11 00:04:22'),
(1094, 16, 585, 2, '2.5', NULL, '2019-04-11 00:04:22', '2019-04-11 00:04:22'),
(1095, 26, 586, 4, '9.35', NULL, '2019-04-11 00:11:21', '2019-04-11 00:11:21'),
(1096, 26, 587, 4, '5', NULL, '2019-04-11 00:14:39', '2019-04-11 00:14:39'),
(1097, 9, 587, 2, '4.5', NULL, '2019-04-11 00:14:39', '2019-04-11 00:14:39'),
(1098, 26, 588, 19, '7', NULL, '2019-04-11 00:17:57', '2019-04-11 00:17:57'),
(1099, 26, 588, 13, '1', NULL, '2019-04-11 00:17:57', '2019-04-11 00:17:57'),
(1100, 26, 588, 17, '2', NULL, '2019-04-11 00:17:57', '2019-04-11 00:17:57'),
(1101, 26, 589, 3, '5', NULL, '2019-04-11 00:19:41', '2019-04-11 00:19:41'),
(1102, 26, 589, 13, '4', NULL, '2019-04-11 00:19:41', '2019-04-11 00:19:41'),
(1103, 17, 590, 4, '9', NULL, '2019-04-11 00:21:31', '2019-04-11 00:21:31'),
(1104, 5, 591, 4, '9.4', NULL, '2019-04-11 00:22:04', '2019-04-11 00:22:04'),
(1105, 9, 592, 2, '4', NULL, '2019-04-11 00:23:19', '2019-04-11 23:51:50'),
(1106, 26, 593, 19, '6', NULL, '2019-04-11 00:23:29', '2019-04-11 00:23:29'),
(1107, 26, 593, 13, '2', NULL, '2019-04-11 00:23:29', '2019-04-11 00:23:29'),
(1108, 26, 593, 17, '1', NULL, '2019-04-11 00:23:29', '2019-04-11 00:23:29'),
(1109, 26, 594, 2, '3', NULL, '2019-04-11 00:27:53', '2019-04-11 00:27:53'),
(1110, 28, 594, 4, '6', NULL, '2019-04-11 00:27:53', '2019-04-11 00:27:53'),
(1111, 23, 595, 2, '.5', NULL, '2019-04-11 00:29:12', '2019-04-11 00:29:12'),
(1112, 26, 595, 13, '.5', NULL, '2019-04-11 00:29:12', '2019-04-11 00:29:12'),
(1113, 20, 595, 4, '8', NULL, '2019-04-11 00:29:12', '2019-04-11 00:29:12'),
(1114, 1, 596, 4, '9', NULL, '2019-04-11 00:30:44', '2019-04-11 00:30:44'),
(1115, 2, 597, 4, '1', NULL, '2019-04-11 00:47:41', '2019-04-11 00:47:41'),
(1116, 23, 597, 4, '8.5', NULL, '2019-04-11 00:47:41', '2019-04-11 00:47:41'),
(1117, 1, 598, 4, '1.5', NULL, '2019-04-11 00:53:57', '2019-04-11 00:53:57'),
(1118, 2, 598, 4, '2.5', NULL, '2019-04-11 00:53:57', '2019-04-11 00:53:57'),
(1119, 5, 598, 4, '3.5', NULL, '2019-04-11 00:53:57', '2019-04-11 00:53:57'),
(1120, 5, 598, 18, '2', NULL, '2019-04-11 00:53:57', '2019-04-11 00:53:57'),
(1121, 26, 599, 19, '10.15', NULL, '2019-04-11 00:55:07', '2019-04-11 00:55:07'),
(1122, 26, 600, 13, '4.5', NULL, '2019-04-11 00:55:46', '2019-04-11 00:55:46'),
(1123, 16, 601, 1, '1', NULL, '2019-04-11 00:59:41', '2019-04-11 00:59:41'),
(1124, 26, 601, 13, '9', NULL, '2019-04-11 00:59:41', '2019-04-11 00:59:41'),
(1125, 26, 602, 3, '9.5', NULL, '2019-04-11 01:01:15', '2019-04-11 01:01:15'),
(1126, 1, 603, 5, '8', NULL, '2019-04-11 23:03:12', '2019-04-11 23:03:12'),
(1127, 9, 592, 4, '2', NULL, '2019-04-11 23:51:50', '2019-04-11 23:51:50'),
(1128, 18, 592, 18, '.4', NULL, '2019-04-11 23:51:50', '2019-04-11 23:51:50'),
(1129, 29, 592, 4, '3', NULL, '2019-04-11 23:51:50', '2019-04-11 23:51:50'),
(1130, 9, 604, 4, '5', NULL, '2019-04-11 23:53:11', '2019-04-11 23:53:11'),
(1131, 29, 604, 4, '3.5', NULL, '2019-04-11 23:53:11', '2019-04-11 23:53:59'),
(1132, 18, 605, 4, '5', NULL, '2019-04-11 23:53:46', '2019-04-11 23:53:46'),
(1133, 1, 605, 5, '4', NULL, '2019-04-11 23:53:46', '2019-04-11 23:53:46'),
(1134, 18, 604, 18, '.5', NULL, '2019-04-11 23:53:59', '2019-04-11 23:53:59'),
(1135, 5, 606, 4, '9', NULL, '2019-04-12 00:00:40', '2019-04-12 00:00:40'),
(1136, 2, 607, 4, '.5', NULL, '2019-04-12 00:03:11', '2019-04-12 00:03:11'),
(1137, 15, 607, 4, '8', NULL, '2019-04-12 00:03:11', '2019-04-12 00:03:11'),
(1138, 16, 607, 13, '.5', NULL, '2019-04-12 00:03:11', '2019-04-12 00:03:11'),
(1139, 26, 608, 13, '9.5', NULL, '2019-04-12 00:04:27', '2019-04-12 00:04:27'),
(1140, 26, 609, 17, '1.5', NULL, '2019-04-12 00:07:20', '2019-04-12 00:07:20'),
(1141, 26, 609, 4, '6', NULL, '2019-04-12 00:07:20', '2019-04-12 00:07:20'),
(1142, 26, 609, 19, '2', NULL, '2019-04-12 00:07:20', '2019-04-12 00:07:20'),
(1143, 26, 610, 4, '9.37', NULL, '2019-04-12 00:09:31', '2019-04-12 00:09:31'),
(1144, 23, 611, 5, '1', NULL, '2019-04-12 00:10:15', '2019-04-12 00:10:15'),
(1145, 23, 611, 20, '4.5', NULL, '2019-04-12 00:10:15', '2019-04-12 00:10:15'),
(1146, 26, 611, 13, '.5', NULL, '2019-04-12 00:10:15', '2019-04-12 00:10:15'),
(1147, 20, 611, 4, '3', NULL, '2019-04-12 00:10:15', '2019-04-12 00:10:15'),
(1148, 26, 612, 19, '6', NULL, '2019-04-12 00:15:43', '2019-04-12 00:15:43'),
(1149, 26, 612, 17, '3', NULL, '2019-04-12 00:15:43', '2019-04-12 00:15:43'),
(1150, 1, 613, 20, '9', NULL, '2019-04-12 00:18:21', '2019-04-12 00:18:21'),
(1151, 1, 614, 6, '2.5', NULL, '2019-04-12 00:18:27', '2019-04-12 00:18:27'),
(1152, 26, 614, 15, '1', NULL, '2019-04-12 00:18:27', '2019-04-12 00:18:27'),
(1153, 26, 614, 13, '6', NULL, '2019-04-12 00:18:27', '2019-04-12 00:18:27'),
(1154, 10, 615, 4, '3', NULL, '2019-04-12 00:27:49', '2019-04-12 00:27:49'),
(1155, 28, 615, 4, '6', NULL, '2019-04-12 00:27:49', '2019-04-12 00:27:49'),
(1156, 26, 616, 3, '6', NULL, '2019-04-12 00:28:59', '2019-04-12 00:28:59'),
(1157, 26, 616, 13, '3.5', NULL, '2019-04-12 00:28:59', '2019-04-12 00:28:59'),
(1158, 26, 617, 3, '6', NULL, '2019-04-12 00:29:00', '2019-04-12 00:29:00'),
(1159, 26, 617, 13, '3.5', NULL, '2019-04-12 00:29:00', '2019-04-12 00:29:00'),
(1160, 26, 618, 3, '6', NULL, '2019-04-12 00:29:02', '2019-04-12 00:29:02'),
(1161, 26, 618, 13, '3.5', NULL, '2019-04-12 00:29:02', '2019-04-12 00:29:02'),
(1162, 17, 619, 4, '9', NULL, '2019-04-12 00:31:41', '2019-04-12 00:31:41'),
(1163, 26, 620, 13, '4.5', NULL, '2019-04-12 00:41:38', '2019-04-12 00:41:38'),
(1164, 23, 621, 4, '9.5', NULL, '2019-04-12 00:42:42', '2019-04-12 00:42:42'),
(1165, 26, 622, 19, '6', NULL, '2019-04-12 00:51:58', '2019-04-12 00:51:58'),
(1166, 26, 622, 13, '3', NULL, '2019-04-12 00:51:58', '2019-04-12 00:51:58'),
(1167, 26, 623, 19, '10.30', NULL, '2019-04-12 00:54:41', '2019-04-12 00:54:41'),
(1168, 2, 624, 4, '0.5', NULL, '2019-04-12 00:54:43', '2019-04-12 00:54:43'),
(1169, 5, 624, 4, '8', NULL, '2019-04-12 00:54:43', '2019-04-12 00:54:43'),
(1170, 5, 624, 13, '1', NULL, '2019-04-12 00:54:43', '2019-04-12 00:54:43'),
(1171, 26, 625, 4, '8.5', NULL, '2019-04-12 01:00:19', '2019-04-12 01:00:19'),
(1172, 26, 626, 3, '9.5', NULL, '2019-04-12 01:01:20', '2019-04-12 01:01:20'),
(1173, 26, 627, 19, '9', NULL, '2019-04-12 01:37:04', '2019-04-12 01:37:04'),
(1174, 2, 628, 4, '1', NULL, '2019-04-12 16:08:04', '2019-04-12 16:08:04'),
(1175, 2, 629, 5, '1', NULL, '2019-04-12 19:29:32', '2019-04-12 19:29:32'),
(1176, 26, 629, 17, '3', NULL, '2019-04-12 19:29:32', '2019-04-12 19:29:32'),
(1177, 9, 630, 4, '2', NULL, '2019-04-12 23:29:16', '2019-04-12 23:29:16'),
(1178, 26, 630, 13, '2', NULL, '2019-04-12 23:29:16', '2019-04-12 23:29:16'),
(1179, 29, 630, 4, '5', NULL, '2019-04-12 23:29:16', '2019-04-12 23:29:16'),
(1180, 26, 631, 4, '9.10', NULL, '2019-04-12 23:45:56', '2019-04-12 23:45:56'),
(1181, 15, 632, 4, '9', NULL, '2019-04-13 00:00:34', '2019-04-13 00:00:34'),
(1182, 18, 633, 4, '5', NULL, '2019-04-13 00:06:30', '2019-04-13 00:06:30'),
(1183, 18, 633, 2, '3', NULL, '2019-04-13 00:06:30', '2019-04-13 00:06:30'),
(1184, 1, 633, 5, '1', NULL, '2019-04-13 00:06:30', '2019-04-13 00:06:30'),
(1185, 26, 634, 3, '7', NULL, '2019-04-13 00:11:04', '2019-04-13 00:11:04'),
(1186, 26, 634, 13, '3', NULL, '2019-04-13 00:11:04', '2019-04-13 00:11:04'),
(1187, 26, 635, 3, '7', NULL, '2019-04-13 00:11:04', '2019-04-13 00:11:04'),
(1188, 26, 635, 13, '3', NULL, '2019-04-13 00:11:04', '2019-04-13 00:11:04'),
(1189, 23, 636, 4, '9', NULL, '2019-04-13 00:15:09', '2019-04-13 00:15:09'),
(1190, 26, 637, 13, '9', NULL, '2019-04-13 00:19:50', '2019-04-13 00:19:50'),
(1191, 17, 638, 17, '4.5', NULL, '2019-04-13 00:27:07', '2019-04-13 00:27:07'),
(1192, 17, 638, 5, '4.5', NULL, '2019-04-13 00:27:07', '2019-04-13 00:27:07'),
(1193, 26, 639, 13, '9.5', NULL, '2019-04-13 00:33:00', '2019-04-13 00:33:00'),
(1194, 26, 640, 13, '4.5', NULL, '2019-04-13 00:38:54', '2019-04-13 00:38:54'),
(1195, 26, 641, 15, '0.75', NULL, '2019-04-13 00:40:33', '2019-04-13 00:40:33'),
(1196, 26, 641, 13, '9.25', NULL, '2019-04-13 00:40:33', '2019-04-13 00:40:33'),
(1197, 23, 642, 4, '9.5', NULL, '2019-04-13 00:49:23', '2019-04-13 00:49:23'),
(1198, 26, 643, 19, '6', NULL, '2019-04-13 00:51:02', '2019-04-13 00:51:02'),
(1199, 26, 643, 17, '3', NULL, '2019-04-13 00:51:02', '2019-04-13 00:51:02'),
(1200, 26, 644, 4, '6', NULL, '2019-04-13 00:52:33', '2019-04-13 00:52:33'),
(1201, 26, 644, 19, '3', NULL, '2019-04-13 00:52:33', '2019-04-13 00:52:33'),
(1202, 26, 644, 18, '1', NULL, '2019-04-13 00:52:33', '2019-04-13 00:52:33'),
(1203, 26, 645, 4, '9.5', NULL, '2019-04-13 00:59:51', '2019-04-13 00:59:51'),
(1204, 5, 646, 4, '9.5', NULL, '2019-04-13 01:01:13', '2019-04-13 01:01:13'),
(1205, 1, 647, 4, '1', NULL, '2019-04-13 01:06:08', '2019-04-13 01:06:08'),
(1206, 1, 647, 20, '8', NULL, '2019-04-13 01:06:08', '2019-04-13 01:06:08'),
(1207, 26, 648, 3, '9.5', NULL, '2019-04-13 01:11:59', '2019-04-13 01:11:59'),
(1208, 26, 649, 3, '9.5', NULL, '2019-04-13 01:12:00', '2019-04-13 01:12:00'),
(1209, 1, 650, 5, '10', NULL, '2019-04-13 01:12:50', '2019-04-13 01:12:50'),
(1210, 26, 651, 19, '6', NULL, '2019-04-13 01:12:54', '2019-04-13 01:12:54'),
(1211, 26, 651, 13, '3', NULL, '2019-04-13 01:12:54', '2019-04-13 01:12:54'),
(1212, 26, 651, 17, '1', NULL, '2019-04-13 01:12:54', '2019-04-13 01:12:54'),
(1213, 26, 652, 19, '10', NULL, '2019-04-13 01:18:42', '2019-04-13 01:18:42'),
(1214, 26, 653, 19, '4', NULL, '2019-04-13 20:14:19', '2019-04-13 20:14:19'),
(1215, 26, 653, 17, '1.5', NULL, '2019-04-13 20:14:19', '2019-04-13 20:14:19'),
(1216, 10, 654, 16, '1', NULL, '2019-04-13 22:01:38', '2019-04-13 22:01:38'),
(1217, 22, 654, 20, '6', NULL, '2019-04-13 22:01:38', '2019-04-13 22:01:38'),
(1218, 26, 655, 3, '6', NULL, '2019-04-13 22:42:06', '2019-04-13 22:42:06'),
(1219, 26, 655, 13, '2.5', NULL, '2019-04-13 22:42:06', '2019-04-13 22:42:06');
INSERT INTO `work_time_details` (`work_time_detail_id`, `project_id`, `work_time_id`, `work_type_id`, `work_time_detail_hrs`, `work_time_detail_description`, `created_at`, `updated_at`) VALUES
(1220, 2, 656, 13, '1', NULL, '2019-04-13 23:42:08', '2019-04-13 23:42:08'),
(1221, 15, 656, 4, '3', NULL, '2019-04-13 23:42:08', '2019-04-13 23:42:08'),
(1222, 24, 656, 13, '3', NULL, '2019-04-13 23:42:08', '2019-04-13 23:42:08'),
(1223, 26, 656, 13, '2.5', NULL, '2019-04-13 23:42:27', '2019-04-13 23:42:27'),
(1224, 9, 657, 4, '2', NULL, '2019-04-13 23:58:55', '2019-04-13 23:58:55'),
(1225, 18, 657, 7, '.5', NULL, '2019-04-13 23:58:55', '2019-04-13 23:58:55'),
(1226, 26, 657, 17, '3', NULL, '2019-04-13 23:58:55', '2019-04-13 23:58:55'),
(1227, 26, 657, 4, '3.5', NULL, '2019-04-13 23:58:55', '2019-04-13 23:58:55'),
(1228, 18, 658, 2, '3', NULL, '2019-04-14 00:02:11', '2019-04-14 00:02:11'),
(1229, 18, 658, 4, '3', NULL, '2019-04-14 00:02:11', '2019-04-14 00:02:11'),
(1230, 1, 658, 5, '3', NULL, '2019-04-14 00:02:11', '2019-04-14 00:02:11'),
(1231, 26, 659, 19, '7', NULL, '2019-04-14 00:03:12', '2019-04-14 00:03:12'),
(1232, 26, 660, 13, '9.5', NULL, '2019-04-14 00:04:01', '2019-04-14 00:04:01'),
(1233, 26, 661, 13, '9', NULL, '2019-04-14 00:08:05', '2019-04-14 00:08:05'),
(1234, 5, 662, 4, '9', NULL, '2019-04-14 00:10:46', '2019-04-14 00:10:46'),
(1235, 9, 663, 12, '9.5', NULL, '2019-04-14 00:15:05', '2019-04-14 00:15:05'),
(1236, 23, 664, 4, '7', NULL, '2019-04-14 00:20:05', '2019-04-14 00:20:05'),
(1237, 24, 664, 13, '2', NULL, '2019-04-14 00:20:05', '2019-04-14 00:20:05'),
(1238, 26, 665, 15, '5.5', NULL, '2019-04-14 00:21:19', '2019-04-14 00:21:19'),
(1239, 26, 665, 13, '1.5', NULL, '2019-04-14 00:21:19', '2019-04-14 00:21:19'),
(1240, 2, 666, 4, '2', NULL, '2019-04-14 00:27:06', '2019-04-14 00:27:06'),
(1241, 10, 666, 4, '5', NULL, '2019-04-14 00:27:06', '2019-04-14 00:27:06'),
(1242, 26, 666, 4, '2', NULL, '2019-04-14 00:27:06', '2019-04-14 00:27:06'),
(1243, 2, 667, 4, '3', NULL, '2019-04-14 00:28:31', '2019-04-14 00:28:31'),
(1244, 23, 667, 4, '6.5', NULL, '2019-04-14 00:28:31', '2019-04-14 00:28:31'),
(1245, 17, 668, 4, '9', NULL, '2019-04-14 00:32:07', '2019-04-14 00:32:07'),
(1246, 26, 669, 4, '8', NULL, '2019-04-14 00:35:01', '2019-04-14 00:35:01'),
(1247, 26, 669, 13, '2', NULL, '2019-04-14 00:35:01', '2019-04-14 00:35:01'),
(1248, 26, 670, 19, '6', NULL, '2019-04-14 00:35:30', '2019-04-14 00:35:30'),
(1249, 26, 670, 17, '1', NULL, '2019-04-14 00:35:30', '2019-04-14 00:35:30'),
(1250, 26, 670, 13, '2', NULL, '2019-04-14 00:35:30', '2019-04-14 00:35:30'),
(1251, 26, 671, 13, '4.5', NULL, '2019-04-14 00:41:56', '2019-04-14 00:41:56'),
(1252, 1, 672, 5, '4', NULL, '2019-04-14 01:02:37', '2019-04-14 01:02:37'),
(1253, 2, 673, 13, '2', NULL, '2019-04-14 01:03:42', '2019-04-14 01:03:42'),
(1254, 5, 673, 4, '7.5', NULL, '2019-04-14 01:03:42', '2019-04-14 01:03:42'),
(1255, 26, 674, 4, '10', NULL, '2019-04-14 01:06:22', '2019-04-14 01:06:22'),
(1256, 26, 675, 3, '9.5', NULL, '2019-04-14 01:08:56', '2019-04-14 01:08:56'),
(1257, 26, 676, 13, '5', NULL, '2019-04-15 00:06:39', '2019-04-15 00:06:39'),
(1258, 26, 677, 4, '6', NULL, '2019-04-15 00:09:26', '2019-04-15 00:09:26'),
(1259, 26, 677, 17, '2', NULL, '2019-04-15 00:09:26', '2019-04-15 00:09:26'),
(1260, 18, 678, 2, '3', NULL, '2019-04-15 23:48:34', '2019-04-15 23:48:34'),
(1261, 18, 678, 4, '3', NULL, '2019-04-15 23:48:34', '2019-04-15 23:48:34'),
(1262, 1, 678, 5, '3', NULL, '2019-04-15 23:48:34', '2019-04-15 23:48:34'),
(1263, 5, 679, 4, '9', NULL, '2019-04-15 23:51:16', '2019-04-15 23:51:16'),
(1264, 9, 680, 2, '2', NULL, '2019-04-15 23:53:35', '2019-04-15 23:53:35'),
(1265, 26, 680, 2, '7', NULL, '2019-04-15 23:53:35', '2019-04-15 23:53:35'),
(1266, 26, 681, 19, '8', NULL, '2019-04-16 00:03:03', '2019-04-16 00:03:03'),
(1267, 26, 682, 3, '6', NULL, '2019-04-16 00:05:43', '2019-04-16 00:05:43'),
(1268, 26, 682, 13, '3.5', NULL, '2019-04-16 00:05:43', '2019-04-16 00:05:43'),
(1269, 26, 683, 3, '6', NULL, '2019-04-16 00:05:44', '2019-04-16 00:05:44'),
(1270, 26, 683, 13, '3.5', NULL, '2019-04-16 00:05:44', '2019-04-16 00:05:44'),
(1271, 26, 684, 19, '1.5', NULL, '2019-04-16 00:08:21', '2019-04-16 00:08:21'),
(1272, 26, 684, 13, '4', NULL, '2019-04-16 00:08:21', '2019-04-16 00:08:21'),
(1273, 26, 684, 4, '3.5', NULL, '2019-04-16 00:08:21', '2019-04-16 00:08:21'),
(1274, 26, 685, 4, '3.5', NULL, '2019-04-16 00:10:34', '2019-04-16 00:10:34'),
(1275, 26, 685, 4, '2.5', NULL, '2019-04-16 00:10:34', '2019-04-16 00:10:34'),
(1276, 9, 685, 4, '3.5', NULL, '2019-04-16 00:10:34', '2019-04-16 00:10:34'),
(1277, 26, 686, 19, '6', NULL, '2019-04-16 00:14:09', '2019-04-16 00:14:09'),
(1278, 26, 686, 17, '3.5', NULL, '2019-04-16 00:14:09', '2019-04-16 00:14:09'),
(1279, 26, 687, 13, '9', NULL, '2019-04-16 00:16:28', '2019-04-16 00:16:28'),
(1280, 26, 688, 4, '8.25', NULL, '2019-04-16 00:18:12', '2019-04-16 00:18:12'),
(1281, 2, 689, 4, '3', NULL, '2019-04-16 00:25:10', '2019-04-16 00:25:10'),
(1282, 26, 689, 18, '3', NULL, '2019-04-16 00:25:10', '2019-04-16 00:25:10'),
(1283, 28, 689, 4, '3', NULL, '2019-04-16 00:25:10', '2019-04-16 00:25:10'),
(1284, 23, 690, 4, '2', NULL, '2019-04-16 00:25:18', '2019-04-16 00:25:18'),
(1285, 24, 690, 13, '1', NULL, '2019-04-16 00:25:18', '2019-04-16 00:25:18'),
(1286, 26, 690, 13, '1', NULL, '2019-04-16 00:25:18', '2019-04-16 00:25:18'),
(1287, 20, 690, 4, '5', NULL, '2019-04-16 00:25:18', '2019-04-16 00:25:18'),
(1288, 26, 691, 13, '4.5', NULL, '2019-04-16 00:30:42', '2019-04-16 00:30:42'),
(1289, 2, 692, 4, '8', NULL, '2019-04-16 00:31:16', '2019-04-16 00:31:16'),
(1290, 15, 692, 4, '1', NULL, '2019-04-16 00:31:16', '2019-04-16 00:31:16'),
(1291, 26, 693, 13, '9.5', NULL, '2019-04-16 00:31:56', '2019-04-16 00:31:56'),
(1292, 26, 694, 4, '2', NULL, '2019-04-16 00:36:05', '2019-04-16 00:36:05'),
(1293, 26, 695, 19, '6', NULL, '2019-04-16 00:44:41', '2019-04-16 00:44:41'),
(1294, 26, 695, 13, '3.50', NULL, '2019-04-16 00:44:41', '2019-04-16 00:44:41'),
(1295, 2, 696, 5, '5', NULL, '2019-04-16 00:49:49', '2019-04-16 00:49:49'),
(1296, 26, 696, 17, '3.5', NULL, '2019-04-16 00:49:50', '2019-04-16 00:49:50'),
(1297, 27, 696, 1, '0.5', NULL, '2019-04-16 00:49:50', '2019-04-16 00:49:50'),
(1298, 26, 697, 15, '1', NULL, '2019-04-16 00:50:57', '2019-04-16 00:50:57'),
(1299, 26, 697, 13, '8', NULL, '2019-04-16 00:50:57', '2019-04-16 00:50:57'),
(1300, 28, 697, 18, '1', NULL, '2019-04-16 00:50:57', '2019-04-16 00:50:57'),
(1301, 23, 698, 4, '9.5', NULL, '2019-04-16 00:53:54', '2019-04-16 00:53:54'),
(1302, 2, 699, 18, '0.5', NULL, '2019-04-16 01:01:40', '2019-04-16 01:01:40'),
(1303, 5, 699, 4, '9', NULL, '2019-04-16 01:01:40', '2019-04-16 01:01:40'),
(1304, 26, 700, 3, '9.5', NULL, '2019-04-16 01:05:03', '2019-04-16 01:05:03'),
(1305, 18, 701, 4, '4', '1. Work on Development of Code Review Module\r\n2. Upload code on server and test it.\r\n3. Resolve Bugs', '2019-04-16 20:22:05', '2019-04-16 20:22:05'),
(1306, 26, 701, 13, '1', '1. Installation of software', '2019-04-16 20:22:05', '2019-04-16 20:22:05'),
(1307, 1, 701, 5, '2', '1. Check admin and prepare reports', '2019-04-16 20:22:05', '2019-04-16 20:22:05'),
(1308, 1, 701, 7, '0.5', 'Discussion about cash difference. and bugs', '2019-04-16 20:22:05', '2019-04-16 20:22:05');

-- --------------------------------------------------------

--
-- Table structure for table `work_types`
--

CREATE TABLE `work_types` (
  `work_type_id` int(10) UNSIGNED NOT NULL,
  `work_type_name` varchar(191) COLLATE utf8mb4_unicode_ci DEFAULT NULL,
  `work_type_status` enum('0','1') COLLATE utf8mb4_unicode_ci NOT NULL DEFAULT '1',
  `work_type_description` text COLLATE utf8mb4_unicode_ci,
  `created_at` timestamp NULL DEFAULT NULL,
  `updated_at` timestamp NULL DEFAULT NULL
) ENGINE=InnoDB DEFAULT CHARSET=utf8mb4 COLLATE=utf8mb4_unicode_ci;

--
-- Dumping data for table `work_types`
--

INSERT INTO `work_types` (`work_type_id`, `work_type_name`, `work_type_status`, `work_type_description`, `created_at`, `updated_at`) VALUES
(1, 'Client Meeting & Demo', '1', 'Client Meeting & Demo', '2019-01-31 07:26:36', '2019-02-07 17:05:24'),
(2, 'Change Request & Smoke Testing', '1', 'Change Request & Smoke Testing', '2019-01-31 07:26:36', '2019-01-31 07:26:36'),
(3, 'Design', '1', 'Design', '2019-01-31 07:26:36', '2019-01-31 07:26:36'),
(4, 'Development & Smoke Testing', '1', 'Development & Smoke Testing', '2019-01-31 07:26:36', '2019-01-31 07:26:36'),
(5, 'Support & Bug Fixing', '1', 'Support & Bug Fixing', '2019-01-31 07:26:36', '2019-01-31 07:26:36'),
(6, 'Testing', '1', 'Testing', '2019-01-31 07:26:36', '2019-01-31 07:26:36'),
(7, 'Team Meeting', '1', 'Team Meeting', '2019-01-31 07:26:36', '2019-01-31 07:26:36'),
(8, 'Work on Tester Report', '1', 'Work on Tester Report', '2019-02-07 17:05:59', '2019-02-07 17:05:59'),
(9, 'Code Review', '1', 'Code Review', '2019-02-07 17:06:16', '2019-02-07 17:06:16'),
(10, 'Review & Guideline', '1', 'Review & Guideline', '2019-02-07 17:07:26', '2019-02-07 17:07:26'),
(11, 'Reporting', '1', 'Reporting', '2019-02-07 17:07:40', '2019-02-07 17:07:40'),
(12, 'Documentation / Mockups', '1', 'Documentation / Mockups', '2019-02-07 17:07:59', '2019-02-07 17:07:59'),
(13, 'Other', '1', 'Other', '2019-02-07 17:09:06', '2019-02-07 17:09:06'),
(14, 'Interview', '1', 'Interview', '2019-02-13 10:44:39', '2019-02-13 10:44:39'),
(15, 'Search Candidate', '1', 'Search Candidate', '2019-02-13 10:44:54', '2019-02-13 10:44:54'),
(16, 'Discussion With Management', '1', 'Discussion With Management', '2019-02-13 10:45:33', '2019-02-13 10:45:33'),
(17, 'R&D', '1', 'R&D', '2019-02-13 19:18:39', '2019-02-13 19:18:39'),
(18, 'Discussion', '1', 'Discussion', '2019-02-18 12:08:03', '2019-02-18 12:08:03'),
(19, 'Student Training', '1', 'Student Training', '2019-03-05 01:12:22', '2019-03-05 01:12:22'),
(20, 'Server Migration', '1', 'Migration', '2019-03-29 00:00:09', '2019-03-29 00:02:36'),
(21, 'Sales', '1', 'Sales', '2019-03-30 16:13:18', '2019-03-30 16:13:18');

--
-- Indexes for dumped tables
--

--
-- Indexes for table `admins`
--
ALTER TABLE `admins`
  ADD PRIMARY KEY (`admin_id`),
  ADD UNIQUE KEY `admins_email_unique` (`email`),
  ADD UNIQUE KEY `admins_emp_id_unique` (`emp_id`),
  ADD KEY `admins_department_id_foreign` (`department_id`),
  ADD KEY `admins_time_slot_id_foreign` (`time_slot_id`);

--
-- Indexes for table `admin_password_resets`
--
ALTER TABLE `admin_password_resets`
  ADD KEY `admin_password_resets_email_index` (`email`),
  ADD KEY `admin_password_resets_token_index` (`token`);

--
-- Indexes for table `assign_user_roles`
--
ALTER TABLE `assign_user_roles`
  ADD PRIMARY KEY (`assign_user_role_id`),
  ADD KEY `assign_user_roles_admin_id_foreign` (`admin_id`),
  ADD KEY `assign_user_roles_user_role_id_foreign` (`user_role_id`);

--
-- Indexes for table `attendancedatas`
--
ALTER TABLE `attendancedatas`
  ADD PRIMARY KEY (`attendancedata_id`),
  ADD KEY `attendancedatas_attendance_id_foreign` (`attendance_id`),
  ADD KEY `attendancedatas_admin_id_foreign` (`admin_id`);

--
-- Indexes for table `attendancedata_logs`
--
ALTER TABLE `attendancedata_logs`
  ADD PRIMARY KEY (`attendancedata_log_id`),
  ADD KEY `attendancedata_logs_admin_id_foreign` (`admin_id`),
  ADD KEY `attendancedata_logs_employee_id_foreign` (`employee_id`),
  ADD KEY `attendancedata_logs_attendancedata_id_foreign` (`attendancedata_id`);

--
-- Indexes for table `attendances`
--
ALTER TABLE `attendances`
  ADD PRIMARY KEY (`attendance_id`);

--
-- Indexes for table `attendance_registers`
--
ALTER TABLE `attendance_registers`
  ADD PRIMARY KEY (`attendance_register_id`),
  ADD KEY `attendance_registers_admin_id_foreign` (`admin_id`);

--
-- Indexes for table `code_reviews`
--
ALTER TABLE `code_reviews`
  ADD PRIMARY KEY (`code_review_id`),
  ADD KEY `code_reviews_project_id_foreign` (`project_id`),
  ADD KEY `code_reviews_code_reviewer_id_foreign` (`code_reviewer_id`),
  ADD KEY `code_reviews_coder_id_foreign` (`coder_id`);

--
-- Indexes for table `code_review_details`
--
ALTER TABLE `code_review_details`
  ADD PRIMARY KEY (`code_review_detail_id`),
  ADD KEY `code_review_details_code_review_info_id_foreign` (`code_review_info_id`),
  ADD KEY `code_review_details_code_review_id_foreign` (`code_review_id`),
  ADD KEY `code_review_details_review_check_id_foreign` (`review_check_id`);

--
-- Indexes for table `code_review_infos`
--
ALTER TABLE `code_review_infos`
  ADD PRIMARY KEY (`code_review_info_id`),
  ADD KEY `code_review_infos_project_id_foreign` (`project_id`),
  ADD KEY `code_review_infos_code_reviewer_id_foreign` (`code_reviewer_id`);

--
-- Indexes for table `company_configs`
--
ALTER TABLE `company_configs`
  ADD PRIMARY KEY (`company_config_id`);

--
-- Indexes for table `departments`
--
ALTER TABLE `departments`
  ADD PRIMARY KEY (`department_id`);

--
-- Indexes for table `early_leave_registers`
--
ALTER TABLE `early_leave_registers`
  ADD PRIMARY KEY (`early_leave_register_id`),
  ADD KEY `early_leave_registers_admin_id_foreign` (`admin_id`);

--
-- Indexes for table `events`
--
ALTER TABLE `events`
  ADD PRIMARY KEY (`event_id`);

--
-- Indexes for table `holiday_calendars`
--
ALTER TABLE `holiday_calendars`
  ADD PRIMARY KEY (`holiday_calendar_id`);

--
-- Indexes for table `leave_registers`
--
ALTER TABLE `leave_registers`
  ADD PRIMARY KEY (`leave_register_id`),
  ADD KEY `leave_registers_admin_id_foreign` (`admin_id`);

--
-- Indexes for table `logs`
--
ALTER TABLE `logs`
  ADD PRIMARY KEY (`log_id`),
  ADD KEY `logs_admin_id_foreign` (`admin_id`);

--
-- Indexes for table `migrations`
--
ALTER TABLE `migrations`
  ADD PRIMARY KEY (`id`);

--
-- Indexes for table `notifications`
--
ALTER TABLE `notifications`
  ADD PRIMARY KEY (`id`),
  ADD KEY `notifications_notifiable_id_notifiable_type_index` (`notifiable_id`,`notifiable_type`);

--
-- Indexes for table `platforms`
--
ALTER TABLE `platforms`
  ADD PRIMARY KEY (`platform_id`);

--
-- Indexes for table `projects`
--
ALTER TABLE `projects`
  ADD PRIMARY KEY (`project_id`),
  ADD KEY `projects_project_manager_foreign` (`project_manager`),
  ADD KEY `projects_project_owner_foreign` (`project_owner`);

--
-- Indexes for table `project_assigns`
--
ALTER TABLE `project_assigns`
  ADD PRIMARY KEY (`project_assign_id`),
  ADD KEY `project_assigns_project_id_foreign` (`project_id`),
  ADD KEY `project_assigns_admin_id_foreign` (`admin_id`);

--
-- Indexes for table `project_details`
--
ALTER TABLE `project_details`
  ADD PRIMARY KEY (`project_detail_id`),
  ADD KEY `project_details_project_id_foreign` (`project_id`),
  ADD KEY `project_details_platform_id_foreign` (`platform_id`),
  ADD KEY `project_details_coder_id_foreign` (`coder_id`),
  ADD KEY `project_details_code_reviewer_id_foreign` (`code_reviewer_id`);

--
-- Indexes for table `release_plans`
--
ALTER TABLE `release_plans`
  ADD PRIMARY KEY (`release_plan_id`),
  ADD KEY `release_plans_admin_id_foreign` (`admin_id`);

--
-- Indexes for table `release_plan_logs`
--
ALTER TABLE `release_plan_logs`
  ADD PRIMARY KEY (`release_plan_log_id`),
  ADD KEY `release_plan_logs_admin_id_foreign` (`admin_id`);

--
-- Indexes for table `review_check_lists`
--
ALTER TABLE `review_check_lists`
  ADD PRIMARY KEY (`review_check_id`);

--
-- Indexes for table `time_slot`
--
ALTER TABLE `time_slot`
  ADD PRIMARY KEY (`time_slot_id`);

--
-- Indexes for table `time_slot_history`
--
ALTER TABLE `time_slot_history`
  ADD PRIMARY KEY (`time_slot_history_id`),
  ADD KEY `time_slot_history_admin_id_foreign` (`admin_id`),
  ADD KEY `time_slot_history_time_slot_id_foreign` (`time_slot_id`);

--
-- Indexes for table `user_roles`
--
ALTER TABLE `user_roles`
  ADD PRIMARY KEY (`user_role_id`);

--
-- Indexes for table `user_role_responsibility_transs`
--
ALTER TABLE `user_role_responsibility_transs`
  ADD PRIMARY KEY (`user_Role_responsibility_trans_id`),
  ADD KEY `user_role_responsibility_transs_user_role_id_foreign` (`user_role_id`),
  ADD KEY `user_role_responsibility_transs_work_type_id_foreign` (`work_type_id`);

--
-- Indexes for table `work_times`
--
ALTER TABLE `work_times`
  ADD PRIMARY KEY (`work_time_id`),
  ADD KEY `work_times_admin_id_foreign` (`admin_id`);

--
-- Indexes for table `work_time_details`
--
ALTER TABLE `work_time_details`
  ADD PRIMARY KEY (`work_time_detail_id`),
  ADD KEY `work_time_details_project_id_foreign` (`project_id`),
  ADD KEY `work_time_details_work_time_id_foreign` (`work_time_id`),
  ADD KEY `work_time_details_work_type_id_foreign` (`work_type_id`);

--
-- Indexes for table `work_types`
--
ALTER TABLE `work_types`
  ADD PRIMARY KEY (`work_type_id`);

--
-- AUTO_INCREMENT for dumped tables
--

--
-- AUTO_INCREMENT for table `admins`
--
ALTER TABLE `admins`
  MODIFY `admin_id` int(10) UNSIGNED NOT NULL AUTO_INCREMENT, AUTO_INCREMENT=36;

--
-- AUTO_INCREMENT for table `assign_user_roles`
--
ALTER TABLE `assign_user_roles`
  MODIFY `assign_user_role_id` int(10) UNSIGNED NOT NULL AUTO_INCREMENT, AUTO_INCREMENT=46;

--
-- AUTO_INCREMENT for table `attendancedatas`
--
ALTER TABLE `attendancedatas`
  MODIFY `attendancedata_id` int(10) UNSIGNED NOT NULL AUTO_INCREMENT, AUTO_INCREMENT=117;

--
-- AUTO_INCREMENT for table `attendancedata_logs`
--
ALTER TABLE `attendancedata_logs`
  MODIFY `attendancedata_log_id` int(10) UNSIGNED NOT NULL AUTO_INCREMENT, AUTO_INCREMENT=32;

--
-- AUTO_INCREMENT for table `attendances`
--
ALTER TABLE `attendances`
  MODIFY `attendance_id` int(10) UNSIGNED NOT NULL AUTO_INCREMENT, AUTO_INCREMENT=5;

--
-- AUTO_INCREMENT for table `attendance_registers`
--
ALTER TABLE `attendance_registers`
  MODIFY `attendance_register_id` int(10) UNSIGNED NOT NULL AUTO_INCREMENT, AUTO_INCREMENT=958;

--
-- AUTO_INCREMENT for table `code_reviews`
--
ALTER TABLE `code_reviews`
  MODIFY `code_review_id` int(10) UNSIGNED NOT NULL AUTO_INCREMENT;

--
-- AUTO_INCREMENT for table `code_review_details`
--
ALTER TABLE `code_review_details`
  MODIFY `code_review_detail_id` int(10) UNSIGNED NOT NULL AUTO_INCREMENT;

--
-- AUTO_INCREMENT for table `code_review_infos`
--
ALTER TABLE `code_review_infos`
  MODIFY `code_review_info_id` int(10) UNSIGNED NOT NULL AUTO_INCREMENT;

--
-- AUTO_INCREMENT for table `company_configs`
--
ALTER TABLE `company_configs`
  MODIFY `company_config_id` int(10) UNSIGNED NOT NULL AUTO_INCREMENT, AUTO_INCREMENT=2;

--
-- AUTO_INCREMENT for table `departments`
--
ALTER TABLE `departments`
  MODIFY `department_id` int(10) UNSIGNED NOT NULL AUTO_INCREMENT, AUTO_INCREMENT=4;

--
-- AUTO_INCREMENT for table `early_leave_registers`
--
ALTER TABLE `early_leave_registers`
  MODIFY `early_leave_register_id` int(10) UNSIGNED NOT NULL AUTO_INCREMENT, AUTO_INCREMENT=34;

--
-- AUTO_INCREMENT for table `events`
--
ALTER TABLE `events`
  MODIFY `event_id` int(10) UNSIGNED NOT NULL AUTO_INCREMENT, AUTO_INCREMENT=8;

--
-- AUTO_INCREMENT for table `holiday_calendars`
--
ALTER TABLE `holiday_calendars`
  MODIFY `holiday_calendar_id` int(10) UNSIGNED NOT NULL AUTO_INCREMENT;

--
-- AUTO_INCREMENT for table `leave_registers`
--
ALTER TABLE `leave_registers`
  MODIFY `leave_register_id` int(10) UNSIGNED NOT NULL AUTO_INCREMENT, AUTO_INCREMENT=21;

--
-- AUTO_INCREMENT for table `logs`
--
ALTER TABLE `logs`
  MODIFY `log_id` int(10) UNSIGNED NOT NULL AUTO_INCREMENT, AUTO_INCREMENT=3257;

--
-- AUTO_INCREMENT for table `migrations`
--
ALTER TABLE `migrations`
  MODIFY `id` int(10) UNSIGNED NOT NULL AUTO_INCREMENT, AUTO_INCREMENT=43;

--
-- AUTO_INCREMENT for table `platforms`
--
ALTER TABLE `platforms`
  MODIFY `platform_id` int(10) UNSIGNED NOT NULL AUTO_INCREMENT, AUTO_INCREMENT=6;

--
-- AUTO_INCREMENT for table `projects`
--
ALTER TABLE `projects`
  MODIFY `project_id` int(10) UNSIGNED NOT NULL AUTO_INCREMENT, AUTO_INCREMENT=30;

--
-- AUTO_INCREMENT for table `project_assigns`
--
ALTER TABLE `project_assigns`
  MODIFY `project_assign_id` int(10) UNSIGNED NOT NULL AUTO_INCREMENT, AUTO_INCREMENT=157;

--
-- AUTO_INCREMENT for table `project_details`
--
ALTER TABLE `project_details`
  MODIFY `project_detail_id` int(10) UNSIGNED NOT NULL AUTO_INCREMENT;

--
-- AUTO_INCREMENT for table `release_plans`
--
ALTER TABLE `release_plans`
  MODIFY `release_plan_id` int(10) UNSIGNED NOT NULL AUTO_INCREMENT, AUTO_INCREMENT=30;

--
-- AUTO_INCREMENT for table `release_plan_logs`
--
ALTER TABLE `release_plan_logs`
  MODIFY `release_plan_log_id` int(10) UNSIGNED NOT NULL AUTO_INCREMENT, AUTO_INCREMENT=89;

--
-- AUTO_INCREMENT for table `review_check_lists`
--
ALTER TABLE `review_check_lists`
  MODIFY `review_check_id` int(10) UNSIGNED NOT NULL AUTO_INCREMENT, AUTO_INCREMENT=6;

--
-- AUTO_INCREMENT for table `time_slot`
--
ALTER TABLE `time_slot`
  MODIFY `time_slot_id` int(10) UNSIGNED NOT NULL AUTO_INCREMENT, AUTO_INCREMENT=4;

--
-- AUTO_INCREMENT for table `time_slot_history`
--
ALTER TABLE `time_slot_history`
  MODIFY `time_slot_history_id` int(10) UNSIGNED NOT NULL AUTO_INCREMENT;

--
-- AUTO_INCREMENT for table `user_roles`
--
ALTER TABLE `user_roles`
  MODIFY `user_role_id` int(10) UNSIGNED NOT NULL AUTO_INCREMENT, AUTO_INCREMENT=11;

--
-- AUTO_INCREMENT for table `user_role_responsibility_transs`
--
ALTER TABLE `user_role_responsibility_transs`
  MODIFY `user_Role_responsibility_trans_id` int(10) UNSIGNED NOT NULL AUTO_INCREMENT, AUTO_INCREMENT=202;

--
-- AUTO_INCREMENT for table `work_times`
--
ALTER TABLE `work_times`
  MODIFY `work_time_id` int(10) UNSIGNED NOT NULL AUTO_INCREMENT, AUTO_INCREMENT=702;

--
-- AUTO_INCREMENT for table `work_time_details`
--
ALTER TABLE `work_time_details`
  MODIFY `work_time_detail_id` int(10) UNSIGNED NOT NULL AUTO_INCREMENT, AUTO_INCREMENT=1309;

--
-- AUTO_INCREMENT for table `work_types`
--
ALTER TABLE `work_types`
  MODIFY `work_type_id` int(10) UNSIGNED NOT NULL AUTO_INCREMENT, AUTO_INCREMENT=22;

--
-- Constraints for dumped tables
--

--
-- Constraints for table `admins`
--
ALTER TABLE `admins`
  ADD CONSTRAINT `admins_department_id_foreign` FOREIGN KEY (`department_id`) REFERENCES `departments` (`department_id`),
  ADD CONSTRAINT `admins_time_slot_id_foreign` FOREIGN KEY (`time_slot_id`) REFERENCES `time_slot` (`time_slot_id`);

--
-- Constraints for table `assign_user_roles`
--
ALTER TABLE `assign_user_roles`
  ADD CONSTRAINT `assign_user_roles_admin_id_foreign` FOREIGN KEY (`admin_id`) REFERENCES `admins` (`admin_id`),
  ADD CONSTRAINT `assign_user_roles_user_role_id_foreign` FOREIGN KEY (`user_role_id`) REFERENCES `user_roles` (`user_role_id`);

--
-- Constraints for table `attendancedatas`
--
ALTER TABLE `attendancedatas`
  ADD CONSTRAINT `attendancedatas_admin_id_foreign` FOREIGN KEY (`admin_id`) REFERENCES `admins` (`admin_id`) ON DELETE CASCADE,
  ADD CONSTRAINT `attendancedatas_attendance_id_foreign` FOREIGN KEY (`attendance_id`) REFERENCES `attendances` (`attendance_id`) ON DELETE CASCADE;

--
-- Constraints for table `attendancedata_logs`
--
ALTER TABLE `attendancedata_logs`
  ADD CONSTRAINT `attendancedata_logs_admin_id_foreign` FOREIGN KEY (`admin_id`) REFERENCES `admins` (`admin_id`) ON DELETE CASCADE,
  ADD CONSTRAINT `attendancedata_logs_attendancedata_id_foreign` FOREIGN KEY (`attendancedata_id`) REFERENCES `attendancedatas` (`attendancedata_id`) ON DELETE CASCADE,
  ADD CONSTRAINT `attendancedata_logs_employee_id_foreign` FOREIGN KEY (`employee_id`) REFERENCES `admins` (`admin_id`) ON DELETE CASCADE;

--
-- Constraints for table `attendance_registers`
--
ALTER TABLE `attendance_registers`
  ADD CONSTRAINT `attendance_registers_admin_id_foreign` FOREIGN KEY (`admin_id`) REFERENCES `admins` (`admin_id`);

--
-- Constraints for table `code_reviews`
--
ALTER TABLE `code_reviews`
  ADD CONSTRAINT `code_reviews_code_reviewer_id_foreign` FOREIGN KEY (`code_reviewer_id`) REFERENCES `admins` (`admin_id`),
  ADD CONSTRAINT `code_reviews_coder_id_foreign` FOREIGN KEY (`coder_id`) REFERENCES `admins` (`admin_id`),
  ADD CONSTRAINT `code_reviews_project_id_foreign` FOREIGN KEY (`project_id`) REFERENCES `projects` (`project_id`) ON DELETE CASCADE;

--
-- Constraints for table `code_review_details`
--
ALTER TABLE `code_review_details`
  ADD CONSTRAINT `code_review_details_code_review_id_foreign` FOREIGN KEY (`code_review_id`) REFERENCES `code_reviews` (`code_review_id`) ON DELETE CASCADE,
  ADD CONSTRAINT `code_review_details_code_review_info_id_foreign` FOREIGN KEY (`code_review_info_id`) REFERENCES `code_review_infos` (`code_review_info_id`) ON DELETE CASCADE,
  ADD CONSTRAINT `code_review_details_review_check_id_foreign` FOREIGN KEY (`review_check_id`) REFERENCES `review_check_lists` (`review_check_id`) ON DELETE CASCADE;

--
-- Constraints for table `code_review_infos`
--
ALTER TABLE `code_review_infos`
  ADD CONSTRAINT `code_review_infos_code_reviewer_id_foreign` FOREIGN KEY (`code_reviewer_id`) REFERENCES `admins` (`admin_id`),
  ADD CONSTRAINT `code_review_infos_project_id_foreign` FOREIGN KEY (`project_id`) REFERENCES `projects` (`project_id`) ON DELETE CASCADE;

--
-- Constraints for table `early_leave_registers`
--
ALTER TABLE `early_leave_registers`
  ADD CONSTRAINT `early_leave_registers_admin_id_foreign` FOREIGN KEY (`admin_id`) REFERENCES `admins` (`admin_id`);

--
-- Constraints for table `leave_registers`
--
ALTER TABLE `leave_registers`
  ADD CONSTRAINT `leave_registers_admin_id_foreign` FOREIGN KEY (`admin_id`) REFERENCES `admins` (`admin_id`);

--
-- Constraints for table `logs`
--
ALTER TABLE `logs`
  ADD CONSTRAINT `logs_admin_id_foreign` FOREIGN KEY (`admin_id`) REFERENCES `admins` (`admin_id`);

--
-- Constraints for table `projects`
--
ALTER TABLE `projects`
  ADD CONSTRAINT `projects_project_manager_foreign` FOREIGN KEY (`project_manager`) REFERENCES `admins` (`admin_id`) ON DELETE CASCADE,
  ADD CONSTRAINT `projects_project_owner_foreign` FOREIGN KEY (`project_owner`) REFERENCES `admins` (`admin_id`) ON DELETE CASCADE;

--
-- Constraints for table `project_assigns`
--
ALTER TABLE `project_assigns`
  ADD CONSTRAINT `project_assigns_admin_id_foreign` FOREIGN KEY (`admin_id`) REFERENCES `admins` (`admin_id`),
  ADD CONSTRAINT `project_assigns_project_id_foreign` FOREIGN KEY (`project_id`) REFERENCES `projects` (`project_id`);

--
-- Constraints for table `project_details`
--
ALTER TABLE `project_details`
  ADD CONSTRAINT `project_details_code_reviewer_id_foreign` FOREIGN KEY (`code_reviewer_id`) REFERENCES `admins` (`admin_id`),
  ADD CONSTRAINT `project_details_coder_id_foreign` FOREIGN KEY (`coder_id`) REFERENCES `admins` (`admin_id`),
  ADD CONSTRAINT `project_details_platform_id_foreign` FOREIGN KEY (`platform_id`) REFERENCES `platforms` (`platform_id`),
  ADD CONSTRAINT `project_details_project_id_foreign` FOREIGN KEY (`project_id`) REFERENCES `projects` (`project_id`) ON DELETE CASCADE;

--
-- Constraints for table `release_plans`
--
ALTER TABLE `release_plans`
  ADD CONSTRAINT `release_plans_admin_id_foreign` FOREIGN KEY (`admin_id`) REFERENCES `admins` (`admin_id`) ON DELETE CASCADE;

--
-- Constraints for table `release_plan_logs`
--
ALTER TABLE `release_plan_logs`
  ADD CONSTRAINT `release_plan_logs_admin_id_foreign` FOREIGN KEY (`admin_id`) REFERENCES `admins` (`admin_id`) ON DELETE CASCADE;

--
-- Constraints for table `time_slot_history`
--
ALTER TABLE `time_slot_history`
  ADD CONSTRAINT `time_slot_history_admin_id_foreign` FOREIGN KEY (`admin_id`) REFERENCES `admins` (`admin_id`) ON DELETE CASCADE,
  ADD CONSTRAINT `time_slot_history_time_slot_id_foreign` FOREIGN KEY (`time_slot_id`) REFERENCES `time_slot` (`time_slot_id`) ON DELETE CASCADE;

--
-- Constraints for table `user_role_responsibility_transs`
--
ALTER TABLE `user_role_responsibility_transs`
  ADD CONSTRAINT `user_role_responsibility_transs_user_role_id_foreign` FOREIGN KEY (`user_role_id`) REFERENCES `user_roles` (`user_role_id`),
  ADD CONSTRAINT `user_role_responsibility_transs_work_type_id_foreign` FOREIGN KEY (`work_type_id`) REFERENCES `work_types` (`work_type_id`);

--
-- Constraints for table `work_times`
--
ALTER TABLE `work_times`
  ADD CONSTRAINT `work_times_admin_id_foreign` FOREIGN KEY (`admin_id`) REFERENCES `admins` (`admin_id`);

--
-- Constraints for table `work_time_details`
--
ALTER TABLE `work_time_details`
  ADD CONSTRAINT `work_time_details_project_id_foreign` FOREIGN KEY (`project_id`) REFERENCES `projects` (`project_id`),
  ADD CONSTRAINT `work_time_details_work_time_id_foreign` FOREIGN KEY (`work_time_id`) REFERENCES `work_times` (`work_time_id`),
  ADD CONSTRAINT `work_time_details_work_type_id_foreign` FOREIGN KEY (`work_type_id`) REFERENCES `work_types` (`work_type_id`);
COMMIT;

/*!40101 SET CHARACTER_SET_CLIENT=@OLD_CHARACTER_SET_CLIENT */;
/*!40101 SET CHARACTER_SET_RESULTS=@OLD_CHARACTER_SET_RESULTS */;
/*!40101 SET COLLATION_CONNECTION=@OLD_COLLATION_CONNECTION */;
